CellID,MatchKey,Condition,Chip,spot_class,first_type,second_type,doublet_pair,first_class,second_class,min_score,singlet_score,both_types_supported,contact_evidence,duct2_fib_status,nCount_Spatial.Polygons,nFeature_Spatial.Polygons,x,y,cell_id,geometry_valid_before_repair_cell,area_um2_cell,perimeter_um_cell,equivalent_diameter_um_cell,major_axis_um_cell,minor_axis_um_cell,aspect_ratio_cell,eccentricity_cell,orientation_deg_cell,circularity_cell,solidity_cell,convexity_cell,extent_rotated_cell,boundary_complexity_cell,centroid_x_px_cell,centroid_y_px_cell,centroid_x_um_cell,centroid_y_um_cell,geometry_valid_before_repair_nuc,area_um2_nuc,perimeter_um_nuc,equivalent_diameter_um_nuc,major_axis_um_nuc,minor_axis_um_nuc,aspect_ratio_nuc,eccentricity_nuc,orientation_deg_nuc,circularity_nuc,solidity_nuc,convexity_nuc,extent_rotated_nuc,boundary_complexity_nuc,centroid_x_px_nuc,centroid_y_px_nuc,centroid_x_um_nuc,centroid_y_um_nuc,cytoplasm_area_um2,nucleus_fraction,nc_ratio,nucleus_centroid_displacement_um,nucleus_centroid_displacement_norm,cell_nucleus_orientation_difference_deg,cytoplasm_thickness_proxy_um,morph_qc_positive_geometry,morph_qc_nucleus_nested,morph_qc_shape_range,morph_qc_size_range,morph_qc_pass,is_singlet,is_doublet,sample,nearest_first_type_distance,nearest_second_type_distance,first_type_supported,second_type_supported,support_radius,Duct2_program,Fibroblast_program,program_overlap,stg_pair_display,display_class,stg_evidence_spatial_support,stg_evidence_cell_area,stg_evidence_nucleus_area,stg_evidence_transcript_count,stg_evidence_transcript_features,stg_evidence_marker_overlap,stg_composite_score,stg_refinement_class
PC1_cellid_000152206-1,PC1_A2,PASC,PC1,doublet_certain,Fibroblast,Duct2,Duct2__Fibroblast,FALSE,FALSE,242.808095823689,264.999882095292,TRUE,spatially_supported_contact,Supported Duct2-Fibroblast doublet,229,212,11087.8708103312,18828.1221176338,152206,TRUE,80.0365349943545,48.0280649377002,10.0948343908353,14.4132805357347,8.87498894023128,1.6240336329833,0.787940961721089,123.56969840868,0.436021559843697,0.784358911312224,0.804437396575615,0.625687701141231,1.51441888863532,11086.0335242839,18829.2,3033.78147270997,5152.76072193189,TRUE,27.9903955307038,23.973063275781,5.96979718771672,6.02047542635133,5.99310962896243,1.00456620958635,0.0952378492653604,89.9999999883605,0.612028767720367,0.875203428109234,0.903168997159999,0.775757575530775,1.27824493844161,11089.65,18818.25,3034.77115012704,5149.76416711782,52.0461394636507,0.34972023125665,0.537799648807276,3.15575698424433,0.625222139524564,33.56969842032,2.06251860155931,TRUE,TRUE,TRUE,TRUE,TRUE,FALSE,TRUE,PC1_A2,28.8697105181395,12.3322116826671,TRUE,TRUE,30,-0.367460388812933,-0.730609930882624,0,Supported Duct2-Fibroblast,Supported Duct2-Fibroblast,1,0.45773038900812,0.555705683548544,0.363224591755135,0.397532983249954,0,0.466178774104998,moderate_evidence_composite
PC1_cellid_000152389-1,PC1_A2,PASC,PC1,doublet_certain,Fibroblast,Duct2,Duct2__Fibroblast,FALSE,FALSE,467.7798252408,500.765143853863,FALSE,unsupported_mixture,Unsupported doublet,647,553,11145.4121613099,18909.2313646771,152389,TRUE,163.872173063589,63.982287619633,14.4446713713482,16.0090744923985,16.0000776111829,1.00056230217729,0.0335209912697176,89.738377252493,0.503031925918257,0.862962619712267,0.822190048024149,0.639759727561862,1.40994517368484,11137.5128424658,18916.75,3047.86919862074,5176.71947754579,TRUE,68.0359973985172,40.0370353349308,9.30731552883487,10.0159027638785,9.99774201168652,1.00181648510526,0.0601921574798161,179.739566423999,0.533365348567817,0.829111700251148,0.835181816237658,0.679433146672889,1.36926529639584,11144.8081050228,18913,3049.86560539109,5175.69326014371,95.8361756650717,0.415177245303049,0.709919786753493,2.24471872381292,0.310802324676964,89.9988108284941,2.56867792125665,TRUE,TRUE,TRUE,TRUE,TRUE,FALSE,TRUE,PC1_A2,8.05779912185972,31.309401024534,TRUE,FALSE,30,0.0225769333173205,0.287519480314375,0.162067246332641,Unsupported Duct2-Fibroblast,Unsupported Duct2-Fibroblast,0,0.831399818385609,0.924183101722196,0.718622405616137,0.722575614346198,0.244259376129361,0.429761085529035,low_evidence_mixture
PC1_cellid_000152890-1,PC1_A2,PASC,PC1,doublet_certain,Duct2,Fibroblast,Duct2__Fibroblast,FALSE,FALSE,721.611641178005,756.945263269778,TRUE,spatially_supported_contact,Supported Duct2-Fibroblast doublet,1393,1076,11578.7507326774,18954.7666897331,152890,TRUE,195.881469964591,67.9502962569588,15.7925309447147,17.7307236905563,16.0872896328271,1.10215729885036,0.420459069551815,146.12918928924,0.533114517745054,0.867555017493293,0.821605077844981,0.686726824144625,1.36958737893666,11579.8147945205,18962.6,3168.90865466676,5189.26669564855,TRUE,55.8729513526071,31.9912981549506,8.43443247309523,9.98866599536115,6.00411576174345,1.66363647657387,0.799179191141489,89.6860536652059,0.686037332678229,0.965062282516039,0.962559172533199,0.93163343040363,1.20733036908102,11572.5400342466,18962.65,3166.91785850966,5189.28037854725,140.008518611984,0.285238574939501,0.399068227437369,1.99084317836075,0.252124650926302,56.4431356240339,3.67904923580972,TRUE,TRUE,TRUE,TRUE,TRUE,FALSE,TRUE,PC1_A2,9.99460124623963,16.6336291740151,TRUE,TRUE,30,1.36518746265426,0.0817339460593223,0.408147396958694,Supported Duct2-Fibroblast,Supported Duct2-Fibroblast,1,0.906319334994136,0.859246468110427,0.885569191979495,0.871261458948256,0.615138658833835,0.843073405019303,high_confidence_composite
PC1_cellid_000152982-1,PC1_A2,PASC,PC1,doublet_certain,Duct2,Fibroblast,Duct2__Fibroblast,FALSE,FALSE,303.683642135159,324.873730253173,TRUE,spatially_supported_contact,Supported Duct2-Fibroblast doublet,554,477,11896.1624508218,18082.4565401817,152982,TRUE,103.899440559099,51.9961083822432,11.5016901538733,12.532077203789,12.5320772028772,0.999999999854394,1.20631411468271e-05,63.4349488179207,0.482926894797152,0.787606726004877,0.812762552267568,0.661556720740021,1.43899506204293,11898.1498287671,18084.45,3256.02357515624,4948.95394587881,TRUE,36.0821181256695,28.0503613464684,6.77799230269612,8.01822533409511,6.01362229914614,1.33334368731219,0.661444431966765,89.8044520237284,0.576268615049004,0.857702338234285,0.902996465796776,0.748303229197761,1.31730856641189,11905.4249146758,18084.4,3258.01446042586,4948.94026298011,67.8173224334293,0.347279233921119,0.532048698262422,1.99093228878073,0.346198212381558,26.3695032058078,2.36184892558857,TRUE,TRUE,TRUE,TRUE,TRUE,FALSE,TRUE,PC1_A2,8.48431088296051,8.54630429655354,TRUE,TRUE,30,-0.367460388812933,-0.515220321836844,0,Supported Duct2-Fibroblast,Supported Duct2-Fibroblast,1,0.582470481137877,0.664589748434285,0.671159367490522,0.678159208326811,0,0.568544524156314,moderate_evidence_composite
PC1_cellid_000153104-1,PC1_A2,PASC,PC1,doublet_certain,Duct2,Fibroblast,Duct2__Fibroblast,FALSE,FALSE,464.906229833589,521.14616823742,TRUE,spatially_supported_contact,Supported Duct2-Fibroblast doublet,782,664,11421.5817749854,18093.8454372875,153104,TRUE,131.890959420116,60.0143737610831,12.9587339322463,20.0264397403382,9.98319291869668,2.00601550004536,0.866889333960967,89.686053663081,0.460165795583099,0.83520537972858,0.87548420464967,0.659692908627544,1.47415392402289,11419.4548396638,18089.85,3125.02487432788,4950.4316989378,TRUE,47.9452349814576,31.9636418334491,7.81317919671701,10.0159023862464,5.99317210901901,1.67121888033221,0.801223145513305,89.7383772648897,0.589715855077941,0.889003061828468,0.890767972251847,0.798727465185194,1.30220271847274,11415.7939212329,18089.95,3124.02303480752,4950.45906473519,83.945724438658,0.363521769715096,0.571145645550791,1.00221320657489,0.1546776421629,0.0523236018086521,2.57277736776465,TRUE,TRUE,TRUE,TRUE,TRUE,FALSE,TRUE,PC1_A2,9.21757981020127,17.1201354764302,TRUE,TRUE,30,0.316283230166488,0.0765372469597469,0.284107287272635,Supported Duct2-Fibroblast,Supported Duct2-Fibroblast,1,0.715500894414415,0.79548428528977,0.770566195628679,0.771992262939771,0.428191817368113,0.734958017381863,high_confidence_composite
PC1_cellid_000153170-1,PC1_A2,PASC,PC1,doublet_certain,Duct2,Fibroblast,Duct2__Fibroblast,FALSE,FALSE,571.621016560447,626.017871096514,TRUE,spatially_supported_contact,Supported Duct2-Fibroblast doublet,910,762,11409.6060530271,18027.1111833971,153170,TRUE,176.063302367008,63.9549280764409,14.9723331164631,16.0181963303219,16.0090744932267,1.00056979148675,0.0337432966292929,179.7383772519,0.54091705867362,0.862942299218657,0.811174537260232,0.686576612667023,1.3596735868902,11411.9618150685,18031.35,3122.97434839885,4934.42270746536,TRUE,27.9907699741421,24.0001476502115,5.96983711826909,6.02053762020877,6.00225248158352,1.00304637899463,0.0778783042852047,89.7395664321857,0.610656356619178,0.87521513620315,0.902481645967331,0.774578273192907,1.27968051916878,11400.9998863636,18031.45,3119.97452919957,4934.45007326274,148.072532392866,0.15898128455074,0.189034181558985,2.99994401867993,0.400731668382928,89.9988108197144,4.50124799909703,TRUE,TRUE,TRUE,TRUE,TRUE,FALSE,TRUE,PC1_A2,8.52391937025699,21.2040855920219,TRUE,TRUE,30,0.706123662380604,-0.19792181658393,0.301013527560965,Supported Duct2-Fibroblast,Supported Duct2-Fibroblast,1,0.864391179231469,0.555710939828661,0.806999927876148,0.80487713801743,0.453672028817161,0.754862369689827,high_confidence_composite
PC1_cellid_000153239-1,PC1_A2,PASC,PC1,doublet_certain,Fibroblast,Duct2,Duct2__Fibroblast,FALSE,FALSE,265.151977316893,293.532756603801,TRUE,spatially_supported_contact,Supported Duct2-Fibroblast doublet,375,337,11971.842510509,18108.9435334056,153239,TRUE,111.880702341219,55.9639675334595,11.9352810823031,16.0144795031436,11.9972704990909,1.33484357968791,0.662398753669463,89.8430256602044,0.44889839861072,0.823043635147013,0.831960645394181,0.582317584924233,1.49253997525297,11974.9501369863,18102.45,3277.04059189748,4953.87978940879,TRUE,15.9632724511092,19.9771258120343,4.5083333670142,7.9977011066338,1.99769149630562,4.00347156228493,0.968301784271935,89.8037823589799,0.502650108399556,0.999999999953087,0.999999999863014,0.999144577072263,1.41048057482706,11964,18113.4,3274.04399959601,4956.87634422287,95.9174298901094,0.142681196270979,0.166427232962077,4.23779496613053,0.710129058512541,0.039243301224559,3.71347385764447,TRUE,TRUE,TRUE,TRUE,TRUE,FALSE,TRUE,PC1_A2,7.81885191761959,18.6008494887676,TRUE,TRUE,30,-0.367460388812933,0.0406254284078689,0,Supported Duct2-Fibroblast,Supported Duct2-Fibroblast,1,0.622684818586727,0.386970658880595,0.537410242077985,0.561564642742019,0,0.522019337712937,moderate_evidence_composite
PC1_cellid_000153307-1,PC1_A2,PASC,PC1,doublet_certain,Fibroblast,Duct2,Duct2__Fibroblast,FALSE,FALSE,440.595110126926,477.362561270957,TRUE,spatially_supported_contact,Supported Duct2-Fibroblast doublet,625,508,11045.5664933205,18849.6630285031,153307,TRUE,159.990692433369,60.0415260291852,14.2725777768323,18.0068818354217,12.0045463305646,1.5000051926552,0.745358056823171,179.738973199589,0.55770063420072,0.86942791156343,0.853616548526497,0.740134163869515,1.33905813029876,11049.6046622042,18851.35,3023.81242412219,5158.82224605351,TRUE,15.9632724511083,15.9818131098296,4.50833336701408,4.02286529217468,3.9953127021922,1.00689622797532,0.116837853828143,179.60756927092,0.785379741197403,0.9999999999531,0.999999999828769,0.993197596032344,1.12839240008952,11049.6,18854.95,3023.81114827282,5159.80741475951,144.027419982261,0.0997762570266939,0.110834953871743,0.985169532145547,0.138050679585604,0.131403928669045,4.88212220490909,TRUE,TRUE,TRUE,TRUE,TRUE,FALSE,TRUE,PC1_A2,17.4814386842735,22.187861355703,TRUE,TRUE,30,-0.367460388812933,0.343150768945932,0,Supported Duct2-Fibroblast,Supported Duct2-Fibroblast,1,0.819632634356129,0.386970658880583,0.708405289046581,0.697534646534325,0,0.589207719916977,moderate_evidence_composite
PC1_cellid_000153322-1,PC1_A2,PASC,PC1,doublet_certain,Fibroblast,Duct2,Duct2__Fibroblast,FALSE,FALSE,390.758551800585,424.776595595268,TRUE,spatially_supported_contact,Supported Duct2-Fibroblast doublet,425,367,11234.5328391129,18963.8839839008,153322,TRUE,95.9178043335461,48.055618163265,11.0510787492281,12.01358505246,11.9862192558864,1.00228310472606,0.0674582809813361,90.0000000097241,0.521940210525217,0.82700875561215,0.827081184652461,0.666107592061274,1.38417060368003,11229.0501136364,18963.85,3072.91910278452,5189.60876811591,TRUE,40.0452274243799,27.9955385734796,7.14052989172607,8.01822533409511,6.01362230360492,1.33334368632358,0.66144443133624,179.804452023732,0.642070881742268,0.909373830806664,0.917085861406048,0.830493732907707,1.24798254865251,11232.6748287671,18956.55,3073.91103498313,5187.61106490653,55.8725769091662,0.417495247086256,0.716724189799148,2.23041422148504,0.403655474376974,89.8044520140079,1.95527442875101,TRUE,TRUE,TRUE,TRUE,TRUE,FALSE,TRUE,PC1_A2,6.99225307882531,14.99507686795,TRUE,TRUE,30,0.627812045440637,-0.284532158020992,0.267833803602093,Supported Duct2-Fibroblast,Supported Duct2-Fibroblast,1,0.541126628608458,0.712824664257344,0.581906652743595,0.591377522668081,0.403665263985085,0.650420488549197,moderate_evidence_composite
PC1_cellid_000153405-1,PC1_A2,PASC,PC1,doublet_certain,Duct2,Fibroblast,Duct2__Fibroblast,FALSE,FALSE,645.010136523942,667.80172924944,TRUE,spatially_supported_contact,Supported Duct2-Fibroblast doublet,1083,872,11582.9931037577,18889.2765015555,153405,TRUE,127.981021088941,56.019002384405,12.7652065015034,16.0089908330212,12.0273607076032,1.33104770186683,0.659974642334315,89.6075692923582,0.512489172108461,0.852973766167229,0.827884548736268,0.664677961085374,1.39687534757569,11579.5996575342,18896.8,3168.84978071498,5171.26000096672,TRUE,52.0727249474096,32.0732446705645,8.14254583070671,8.04554443230754,7.99081283712157,1.00684931477514,0.116443828790921,89.9999999941899,0.636113150875642,0.896893985309681,0.91455633945561,0.809960628118695,1.25381312784765,11583.2,18882.2,3169.83504313946,5167.26459454796,75.908296141531,0.406878492609876,0.685995175592666,4.11509592794659,0.644736287033757,0.3924307018317,2.31133033539833,TRUE,TRUE,TRUE,TRUE,TRUE,FALSE,TRUE,PC1_A2,9.85334357935804,25.2954172227299,TRUE,TRUE,30,1.17239445043344,-0.119435302709143,0.331081078636861,Supported Duct2-Fibroblast,Supported Duct2-Fibroblast,1,0.69845119982479,0.831034860881721,0.843203484886622,0.833482583995018,0.498988287553747,0.771817503233971,high_confidence_composite
PC1_cellid_000153624-1,PC1_A2,PASC,PC1,doublet_certain,Fibroblast,Duct2,Duct2__Fibroblast,FALSE,FALSE,183.40760277775,204.16446660443,TRUE,spatially_supported_contact,Supported Duct2-Fibroblast doublet,188,178,11338.3833714536,18232.9047269154,153624,TRUE,60.082069987036,39.9823333678023,8.74636309771323,11.6386771680486,8.05283867200502,1.44528875321373,0.721990220928987,63.4349488260629,0.472300580109856,0.789794401531916,0.827356699675851,0.64105053390571,1.4550930297375,11339.6042237443,18236.3,3103.17311656165,4990.5089092137,TRUE,12.0274975230368,16.0094594086675,3.91329598555165,4.02286529602042,4.0090896322634,1.00343610701546,0.0826858904319,89.6102388046805,0.58970092018275,0.857703604760576,0.926903999746365,0.745751300646721,1.30221920777442,11335.862755102,18214.45,3102.14923383365,4984.52948248425,48.0545724639992,0.200184473065427,0.250288305645513,6.06645529560715,1.38719493210185,26.1752899786177,2.41653355608079,TRUE,TRUE,TRUE,TRUE,TRUE,FALSE,TRUE,PC1_A2,7.61467368276374,9.49009403616328,TRUE,TRUE,30,0.217880254645285,-0.464816329437602,0.198768390136383,Supported Duct2-Fibroblast,Supported Duct2-Fibroblast,1,0.356726303803863,0.335405505957706,0.300371535930064,0.339492518151579,0.299573442923193,0.501791999561433,moderate_evidence_composite
PC1_cellid_000153776-1,PC1_A2,PASC,PC1,doublet_certain,Duct2,Fibroblast,Duct2__Fibroblast,FALSE,FALSE,557.357834912978,594.505525168411,TRUE,spatially_supported_contact,Supported Duct2-Fibroblast doublet,767,644,11151.6641779675,18858.36981402,153776,TRUE,187.926419222797,63.9548518741038,15.4685276757338,18.0067765265385,13.990869305834,1.28703771934371,0.629527743170594,179.803782346065,0.577365338518323,0.895415181387762,0.841307131028823,0.745945613160331,1.31605683769721,11148.2378424658,18854.7,3050.80418039069,5159.73900026604,TRUE,36.0821181256684,32.0457677652338,6.77799230269601,10.0090988489955,6.0204403601807,1.66251939154588,0.798875251777523,179.804452012485,0.441530313751886,0.782921676945315,0.841969382202555,0.598782069732199,1.50494191047931,11137.3,18858.25,3047.8109525828,5160.71048607334,151.844301097128,0.192001307069929,0.237625764434926,3.14693460111305,0.406882240251084,0.000669666419980786,4.3452676865189,TRUE,TRUE,TRUE,TRUE,TRUE,FALSE,TRUE,PC1_A2,18.3880589950536,23.2266852307468,TRUE,TRUE,30,0.320967624331029,-0.349756632491413,0.242846832965756,Supported Duct2-Fibroblast,Supported Duct2-Fibroblast,1,0.891098908829878,0.664589748434271,0.765579710559301,0.764179464055939,0.366006193462794,0.731355379278379,high_confidence_composite
PC1_cellid_000153831-1,PC1_A2,PASC,PC1,doublet_certain,Duct2,Fibroblast,Duct2__Fibroblast,FALSE,FALSE,565.168491079876,588.010771166956,TRUE,spatially_supported_contact,Supported Duct2-Fibroblast doublet,874,738,11716.819511596,18011.4298220554,153831,TRUE,123.990577419604,51.995927794272,12.5646212177362,14.0022702711215,12.0137097252469,1.16552427086748,0.513678097151289,89.7383772514609,0.576314945924647,0.8852427023497,0.856229759290319,0.73707739459211,1.317255615367,11718.8049543379,18008.35,3206.94442019274,4928.12857406593,TRUE,51.9903473920738,32.018480225997,8.13610264463932,8.01822000103188,8.00909816335732,1.00113893409081,0.0476863004646281,179.738377256618,0.637281271027067,0.895896916384614,0.889846316288327,0.809582542442161,1.25266349721421,11711.4665525114,18004.75,3204.93620801733,4927.14340535994,72.0002300275304,0.419308857736318,0.722085851183721,2.23684454550254,0.356054433027311,89.9999999948428,2.21425928654844,TRUE,TRUE,TRUE,TRUE,TRUE,FALSE,TRUE,PC1_A2,8.53677667266183,22.2096087369035,TRUE,TRUE,30,0.00214860947179701,-0.442031103902379,0.153578924818296,Supported Duct2-Fibroblast,Supported Duct2-Fibroblast,1,0.680467096185481,0.830376179283852,0.797748761635374,0.797566256435959,0.231466216719325,0.687187018311652,moderate_evidence_composite
PC1_cellid_000153841-1,PC1_A2,PASC,PC1,doublet_certain,Fibroblast,Duct2,Duct2__Fibroblast,FALSE,FALSE,196.465523316161,217.089104179043,TRUE,spatially_supported_contact,Supported Duct2-Fibroblast doublet,176,168,11368.5800313141,18159.4598586498,153841,TRUE,40.0182674971756,31.9638136412401,7.13812585271469,8.94623870683253,7.15943863717639,1.24957264902843,0.599635029478789,153.434948824087,0.492210605467556,0.769719405381818,0.832271786576904,0.624796847725679,1.42535983359506,11368.5748287671,18159.45,3111.10115363451,4969.47829392041,TRUE,24.0819549732701,20.0319196006591,5.53733666905843,6.02047542757487,4.02277221574659,1.49659863909594,0.743998023010802,0,0.754147797696335,0.999999999968945,0.999999999863389,0.99434137264588,1.15152074463759,11364.925,18159.5,3110.10234888906,4969.4919768191,15.9363125239055,0.60177405153664,1.51113721709676,0.99889846393364,0.279876954188187,26.5650511759132,0.800394591828129,TRUE,TRUE,TRUE,TRUE,TRUE,FALSE,TRUE,PC1_A2,6.32527466735986,8.24003630985829,TRUE,TRUE,30,0.0895160189884263,-0.15196558103583,0.189881592989235,Supported Duct2-Fibroblast,Supported Duct2-Fibroblast,1,0.266584345151562,0.500383209118514,0.280806998241581,0.321228507403988,0.286179721637307,0.492156119817467,moderate_evidence_composite
PC1_cellid_000154013-1,PC1_A2,PASC,PC1,doublet_certain,Duct2,Fibroblast,Duct2__Fibroblast,FALSE,FALSE,385.285609650054,415.026943345803,TRUE,spatially_supported_contact,Supported Duct2-Fibroblast doublet,632,558,11394.0645066747,18131.6373032576,154013,TRUE,107.999596154417,51.9681740527271,11.7264383612089,14.0113778227121,12.0026085000854,1.16736106317371,0.515926271649865,89.6860536642159,0.502524314703594,0.830916774934035,0.820244398307328,0.64219311743919,1.41065710268291,11394.0847260274,18137.4,3118.08214043285,4963.44413559618,TRUE,56.0365831329842,36.041845965397,8.44677415329396,10.0069055072195,8.0182200032755,1.24802082004688,0.598304685412421,89.7383772588853,0.542085084158593,0.847810692444863,0.836438137474332,0.698383353285766,1.35820795898776,11390.3665525114,18130.15,3117.0646326019,4961.46011528549,51.9630130214331,0.518859191359149,1.07839364701749,2.22972168201826,0.3802896684455,0.052323594669403,1.63983210395747,TRUE,TRUE,TRUE,TRUE,TRUE,FALSE,TRUE,PC1_A2,11.1628909253843,7.01934975869413,TRUE,TRUE,30,0.0463783530560498,-0.102110749109235,0.171957147470294,Supported Duct2-Fibroblast,Supported Duct2-Fibroblast,1,0.603303135230981,0.860367891709876,0.711718397138718,0.725155280900112,0.259164923897515,0.665158747589304,moderate_evidence_composite
PC1_cellid_000154124-1,PC1_A2,PASC,PC1,doublet_certain,Fibroblast,Duct2,Duct2__Fibroblast,FALSE,FALSE,363.269776883543,415.824848404858,TRUE,spatially_supported_contact,Supported Duct2-Fibroblast doublet,505,424,11630.1652271044,18804.5076343532,154124,TRUE,111.907662268422,55.9635867190897,11.9367190198572,14.0296357824058,13.9839016408721,1.00327048487344,0.0806785056713853,89.7383772541043,0.44901268050967,0.811495351459628,0.820399264727719,0.57040728864012,1.49235002387221,11626.7915525114,18805.3,3181.76421907837,5146.22029635597,TRUE,63.9358418032059,35.9590388804316,9.02250752893968,10.0104460897582,8.00180409944946,1.25102363940944,0.600871800814335,179.843025649285,0.621352572926288,0.914029837953094,0.902903795081255,0.798184043861709,1.26861823418347,11623.0668949772,18794.4,3180.74493684412,5143.23742444059,47.9718204652159,0.571326757270079,1.33277914346064,3.15221527447099,0.528154388814146,89.895351604819,1.45710574545878,TRUE,TRUE,TRUE,TRUE,TRUE,FALSE,TRUE,PC1_A2,8.05639818585818,7.81031909278014,TRUE,TRUE,30,0.131579878537633,0.355888748212867,0.207359853402956,Supported Duct2-Fibroblast,Supported Duct2-Fibroblast,1,0.622818168494024,0.906146853010588,0.640990523077613,0.640265223492482,0.31252205225061,0.664292192809418,moderate_evidence_composite
PC1_cellid_000154242-1,PC1_A2,PASC,PC1,doublet_certain,Duct2,Fibroblast,Duct2__Fibroblast,FALSE,FALSE,494.348001750431,526.976295740738,TRUE,spatially_supported_contact,Supported Duct2-Fibroblast doublet,736,613,11389.1485155558,18439.294796801,154242,TRUE,140.008518611976,55.9910148294458,13.351568540683,14.0113935380042,13.9977107179168,1.00097750393788,0.0441830901553413,179.803782344955,0.561212901538238,0.874956709750017,0.857529513057919,0.713865042299313,1.33486140591801,11387.8876712329,18437.1,3116.3862669737,5045.45943037041,TRUE,56.0639175036221,31.9910542063466,8.44883404964149,8.00909816414055,8.00010128374421,1.00112459546918,0.0473856851510791,89.7383772591919,0.688392613595926,0.933546987219026,0.92744140438917,0.874992517377488,1.20526320669268,11391.5500752387,18437.15,3117.38851303349,5045.47311326911,83.9446011083538,0.400432188379873,0.66786805532112,1.00233945651154,0.150145573077185,89.9345949142373,2.45136724552077,TRUE,TRUE,TRUE,TRUE,TRUE,FALSE,TRUE,PC1_A2,8.60738363339532,22.4612213874718,TRUE,TRUE,30,0.529937995965884,-0.352888519462958,0.241647032301516,Supported Duct2-Fibroblast,Supported Duct2-Fibroblast,1,0.748976055200491,0.860554492086354,0.754709577769911,0.751192129708234,0.364197915921474,0.721806778741968,high_confidence_composite
PC1_cellid_000154316-1,PC1_A2,PASC,PC1,doublet_certain,Fibroblast,Duct2,Duct2__Fibroblast,FALSE,FALSE,482.505187887413,535.92897499518,TRUE,spatially_supported_contact,Supported Duct2-Fibroblast doublet,746,628,11455.9654941832,18854.8562783285,154316,TRUE,156.081502989059,60.0143218694818,14.0971323966035,18.017768148715,12.0026986136664,1.50114309494466,0.745809742374117,179.843454546905,0.544567220674408,0.866725441430961,0.837232292040005,0.721724657598463,1.35510906912964,11455.2,18853.45,3134.8068224818,5159.39692779868,TRUE,39.9909331265407,27.968266653405,7.13568759739179,8.01822533418461,6.00000961182456,1.3363687475976,0.663364463861058,179.803782352778,0.642451427836964,0.909261955219935,0.917005011641936,0.831249380733075,1.24761288239216,11451.5251712329,18846.15,3133.801176287,5157.3992245893,116.090569862518,0.256218272877484,0.344480461853669,2.23654697734711,0.317305237867088,0.0396721941267799,3.48072239960588,TRUE,TRUE,TRUE,TRUE,TRUE,FALSE,TRUE,PC1_A2,9.20602110717746,8.59613966824439,TRUE,TRUE,30,0.0236288697927466,0.499169800322323,0.16250434411333,Supported Duct2-Fibroblast,Supported Duct2-Fibroblast,1,0.807143801648918,0.712192330532933,0.758302336561245,0.757615412774714,0.244918147310057,0.689199201449528,moderate_evidence_composite
PC1_cellid_000154329-1,PC1_A2,PASC,PC1,doublet_certain,Fibroblast,Duct2,Duct2__Fibroblast,FALSE,FALSE,598.800174976889,638.448020440522,TRUE,spatially_supported_contact,Supported Duct2-Fibroblast doublet,938,755,11457.368543305,18084.6716147557,154329,TRUE,272.117404110304,80.0741425813947,18.6137218127895,22.0131374706556,18.0013415633582,1.22286094010443,0.575567221915251,89.6869114251987,0.533312286725584,0.888598283510492,0.827041210876728,0.686703879850368,1.36933341237949,11459.6081818182,18082.4,3136.01315658669,4948.39294703234,TRUE,44.0910887218594,32.0459725905602,7.49256416262803,8.04554443230705,7.99081283752975,1.00684931472364,0.116443828357668,179.9999999971,0.539527732603025,0.846715275967905,0.878952917149428,0.685810968214922,1.36142309391164,11448.7042323748,18089.75,3133.02920387463,4950.40433314042,228.026315388444,0.162029653576905,0.193359650814058,3.5985619160416,0.386656891981963,89.6869114280984,5.56057882508076,TRUE,TRUE,TRUE,TRUE,TRUE,FALSE,TRUE,PC1_A2,15.0367151027229,20.3894404764693,TRUE,TRUE,30,-0.00735184517813528,0.0458093308199086,0.149631321764278,Supported Duct2-Fibroblast,Supported Duct2-Fibroblast,1,0.979658889677225,0.757528041304377,0.813731871599049,0.802789569142067,0.225516593454906,0.723463671730712,high_confidence_composite
PC1_cellid_000154334-1,PC1_A2,PASC,PC1,doublet_certain,Duct2,Fibroblast,Duct2__Fibroblast,FALSE,FALSE,418.097269699134,450.838483281205,TRUE,spatially_supported_contact,Supported Duct2-Fibroblast doublet,486,424,11442.4413471463,18449.7055610008,154334,TRUE,95.8900955194822,43.9774043060093,11.049482411581,12.0026686629308,10.0049729513929,1.1996702757679,0.552425355428678,179.843025650928,0.623052195531408,0.905525008391592,0.885344689512882,0.798509366825621,1.2668867222776,11442.7418926475,18451.55,3131.39756206522,5049.41378809309,TRUE,63.9085074325617,35.9862422409839,9.02057863488472,10.0159023842068,7.99085449198879,1.25342069372158,0.602900045383374,179.738377253227,0.620148275977638,0.888636659454966,0.869704116481567,0.798500824798681,1.26984943333563,11439.0751712329,18451.55,3130.39413451209,5049.41378809309,31.9815880869205,0.666476627014231,1.99829061767935,1.00342755312931,0.181624353781744,0.104648397701311,1.01445188834812,TRUE,TRUE,TRUE,TRUE,TRUE,FALSE,TRUE,PC1_A2,8.04938312188042,13.4081941768531,TRUE,TRUE,30,-0.367460388812933,0.0165488795475874,0,Supported Duct2-Fibroblast,Supported Duct2-Fibroblast,1,0.540981767498842,0.906014599311439,0.628147458387714,0.640265223492482,0,0.568320233204634,moderate_evidence_composite
PC1_cellid_000154443-1,PC1_A2,PASC,PC1,doublet_certain,Duct2,Fibroblast,Duct2__Fibroblast,FALSE,FALSE,499.8065374202,529.406655733768,TRUE,spatially_supported_contact,Supported Duct2-Fibroblast doublet,658,562,11203.6500822042,18886.1436234108,154443,TRUE,127.844723679191,52.0231740853082,12.758407336893,13.9977107179148,11.9931778115663,1.16713942998672,0.515656081839234,89.8037823429247,0.59360695452655,0.914010820587925,0.879493758349432,0.761537900337106,1.29792772566511,11203.2001490252,18887.3,3065.84505384396,5168.66025021479,TRUE,24.0269117885681,20.0044603698771,5.53100481170179,5.9931096273312,4.02277221696914,1.48979591684901,0.741246534504626,7.79510855863919e-09,0.754491127156821,0.999999999968831,0.999999999863202,0.99659863935853,1.15125871638502,11206.85,18890.9,3066.84386466671,5169.64541892079,103.817811890623,0.187938235503414,0.231433425042394,1.40291854322739,0.219920638051964,89.8037823351295,3.61370126259561,TRUE,TRUE,TRUE,TRUE,TRUE,FALSE,TRUE,PC1_A2,12.0301922814286,21.0034096050784,TRUE,TRUE,30,0.659632002865954,0.13921708677906,0.426774634641283,Supported Duct2-Fibroblast,Supported Duct2-Fibroblast,1,0.697846471841551,0.499600823841519,0.723521889038522,0.727191820640729,0.643212668594105,0.757971457417303,high_confidence_composite
PC1_cellid_000154444-1,PC1_A2,PASC,PC1,doublet_certain,Fibroblast,Duct2,Duct2__Fibroblast,FALSE,FALSE,485.524925935152,546.389760022849,TRUE,spatially_supported_contact,Supported Duct2-Fibroblast doublet,775,629,11181.7235729114,18920.9301806116,154444,TRUE,168.108626068661,72.0005190772665,14.6301931129331,19.7011694118406,14.693226611378,1.34083342816719,0.666164550233803,112.968596875612,0.407500933452093,0.764259778459525,0.799668303116716,0.580738764733709,1.56651910543902,11188.65,18912.9,3061.86328954195,5175.66589434632,TRUE,80.0638693649849,43.9778360299384,10.0965580560906,11.3298408205664,9.90266418813171,1.14412047123785,0.485865064141292,44.8044520206644,0.520210037522843,0.850713964575512,0.814417331738389,0.713609651152906,1.38647050798082,11177.7418949772,18920.3,3058.87819962245,5177.69096335309,88.0447567036765,0.476262707230273,0.909354200674941,3.60716873873644,0.493112935141856,68.1641448549473,2.26681752842124,TRUE,TRUE,TRUE,TRUE,TRUE,FALSE,TRUE,PC1_A2,12.9937708185174,17.8743176484415,TRUE,TRUE,30,0.31845718415438,0.235404030588595,0.285010602715749,Supported Duct2-Fibroblast,Supported Duct2-Fibroblast,1,0.84353570156733,0.960244781192786,0.768260474730294,0.758034189349957,0.429553247709999,0.761207900221863,high_confidence_composite
PC1_cellid_000154582-1,PC1_A2,PASC,PC1,doublet_certain,Duct2,Fibroblast,Duct2__Fibroblast,FALSE,FALSE,358.346225662985,380.509410152617,TRUE,spatially_supported_contact,Supported Duct2-Fibroblast doublet,423,361,11060.3785590529,18807.3970822404,154582,TRUE,139.899555572872,56.0462119869662,13.3463720331128,14.02051394939,13.9840265969318,1.00260921626984,0.0720977095589678,179.73837725045,0.559672114201486,0.874572510020419,0.819058920119641,0.713543015983439,1.33669759168164,11060.387755102,18807.4,3026.76330347685,5146.79497810114,TRUE,16.0183156358113,16.0092719870847,4.51609930222582,4.02286529602042,3.99550013639518,1.0068489941023,0.116441133595402,89.6102388046806,0.78538670439515,0.999999999953248,0.999999999829063,0.996575500837409,1.12838739794559,11071.349829932,18811,3029.76316266442,5147.78014680713,123.88123993706,0.114498688498854,0.129303804536156,3.1574851582406,0.473160068620173,89.8718615542308,4.41513636544347,TRUE,TRUE,TRUE,TRUE,TRUE,FALSE,TRUE,PC1_A2,11.6438269709763,24.5256953559243,TRUE,TRUE,30,-0.367460388812933,-0.469153190753985,0,Supported Duct2-Fibroblast,Supported Duct2-Fibroblast,1,0.748544494460663,0.387713324540896,0.580248822910053,0.585659409838984,0,0.54777458526402,moderate_evidence_composite
PC1_cellid_000154601-1,PC1_A2,PASC,PC1,doublet_certain,Fibroblast,Duct2,Duct2__Fibroblast,FALSE,FALSE,616.327327097379,654.796807222868,TRUE,spatially_supported_contact,Supported Duct2-Fibroblast doublet,1107,856,11628.3808772495,18850.6662969914,154601,TRUE,171.990106698893,59.9320865366525,14.7981284341045,16.0022436201875,14.0113935339258,1.14208794280996,0.483056260712177,179.803782344695,0.601720120885927,0.905323076252363,0.852166604684001,0.767081055025231,1.2891478625209,11630.5753424658,18845.6,3182.79968337089,5157.24871270366,TRUE,55.8722024657379,35.9866327164991,8.43437594791855,10.0023277281458,7.99085969462591,1.2517211047326,0.601463862921988,89.8037823436515,0.542154706881299,0.848481746834426,0.859152389026167,0.699038677898273,1.35812074663693,11619.6124143836,18845.55,3179.79959068404,5157.23502980496,116.117904233155,0.324857071926271,0.481167851158762,3.0001238893456,0.405473421676304,89.9999999989563,3.18187624309295,TRUE,TRUE,TRUE,TRUE,TRUE,FALSE,TRUE,PC1_A2,11.6389147695086,7.84515036561595,TRUE,TRUE,30,-0.0293910763610296,0.771972931125072,0.140473640418318,Supported Duct2-Fibroblast,Supported Duct2-Fibroblast,1,0.854021187462774,0.859241318467556,0.847348093456815,0.829762167042182,0.211714609507055,0.717890843494621,high_confidence_composite
PC1_cellid_000154677-1,PC1_A2,PASC,PC1,doublet_certain,Fibroblast,Duct2,Duct2__Fibroblast,FALSE,FALSE,337.017123272873,363.887283822499,TRUE,spatially_supported_contact,Supported Duct2-Fibroblast doublet,384,338,11377.5555701867,18215.2233286736,154677,TRUE,119.999384863386,51.9955301947394,12.3607427831808,16.0182380791753,9.99770045626028,1.60219223859228,0.781308667080141,89.738973198124,0.557772196148756,0.869478162249496,0.86952949429076,0.749314531347862,1.33897222718781,11376.1415148064,18225.2,3113.17183760506,4987.47130570354,TRUE,27.9634356035063,24.0001785354064,5.9669214857445,6.02033612834468,5.99315711915675,1.00453500649133,0.0949140980337059,89.6102387850442,0.610058450359243,0.875108392489261,0.901670475668374,0.775022168267154,1.28030746041689,11372.399829932,18203.3,3112.1478957034,4981.4781960754,92.0359492598798,0.233029824552943,0.303831663880689,6.07995230515414,0.983751931734969,0.128734413079798,3.19691064871817,TRUE,TRUE,TRUE,TRUE,TRUE,FALSE,TRUE,PC1_A2,8.05926647874772,12.0400462957776,TRUE,TRUE,30,0.542963764486317,0.061292505628364,0.378296965823852,Supported Duct2-Fibroblast,Supported Duct2-Fibroblast,1,0.661926056080914,0.555327198692514,0.545908750954854,0.562609152503772,0.570149632049092,0.691787576397864,moderate_evidence_composite
PC1_cellid_000154819-1,PC1_A2,PASC,PC1,doublet_certain,Fibroblast,Duct2,Duct2__Fibroblast,FALSE,FALSE,389.515990293376,421.926201668144,TRUE,spatially_supported_contact,Supported Duct2-Fibroblast doublet,547,471,11519.5904014867,18557.4929716697,154819,TRUE,103.899440559099,52.0235421657357,11.5016901538733,14.0223766490943,11.9862492844409,1.16987193517617,0.518966765059451,89.8434545356041,0.482417701530884,0.825406788227195,0.819413324988739,0.618170498621078,1.43975429345865,11519.8898224044,18557.15,3152.50970821215,5078.31207013567,TRUE,44.0360455371534,32.018388763792,7.48788585460957,8.01817863532533,7.99081283712157,1.00342465729277,0.0825487153713794,90.0000000029132,0.539783032961091,0.815279029451453,0.899412141636119,0.68729253353744,1.36110110073117,11519.8248858448,18549.9,3152.49193780481,5076.32804982498,59.8633950219453,0.423833326685403,0.735608889433253,1.98409989178941,0.3450101440389,0.156545467309073,2.00690214963184,TRUE,TRUE,TRUE,TRUE,TRUE,FALSE,TRUE,PC1_A2,11.3810437915875,12.8151522809798,TRUE,TRUE,30,0.474778740171486,-0.0499928903695637,0.349964910133708,Supported Duct2-Fibroblast,Supported Duct2-Fibroblast,1,0.582470481137877,0.756952746055359,0.667092540568095,0.674186286545295,0.527449022247078,0.714283163436414,high_confidence_composite
PC1_cellid_000154866-1,PC1_A2,PASC,PC1,doublet_certain,Duct2,Fibroblast,Duct2__Fibroblast,FALSE,FALSE,559.781592125971,592.757087137749,TRUE,spatially_supported_contact,Supported Duct2-Fibroblast doublet,940,791,11676.2686689447,18012.9532185605,154866,TRUE,111.881076784648,48.0274028196692,11.9353010548442,12.0206133392109,11.9998789659929,1.00172788163409,0.0587096890494544,179.804452018321,0.609520473206809,0.88862485947085,0.906420286805671,0.775627402761461,1.28087235092826,11674.9202739726,18004.9,3194.93502747926,4927.18445405602,TRUE,39.9909331265398,27.9682666534045,7.13568759739171,8.0182253321457,6.00000960978663,1.33636874771168,0.663364463933119,179.803782338209,0.642451427836973,0.909261955219949,0.917005011641947,0.831249381226768,1.24761288239215,11682.2748287671,18012.15,3196.94766004317,4929.16847436671,71.8901436581087,0.357441439359231,0.556278386522132,2.82613276945007,0.473575446773882,0.000669680111940352,2.39980672872626,TRUE,TRUE,TRUE,TRUE,TRUE,FALSE,TRUE,PC1_A2,6.71743848198137,18.8703995431316,TRUE,TRUE,30,0.0360900832413134,-0.131974742410493,0.167682193603585,Supported Duct2-Fibroblast,Supported Duct2-Fibroblast,1,0.622686670795988,0.712192330532923,0.814198137181952,0.81315514323719,0.252721934409553,0.681543998040093,moderate_evidence_composite
PC1_cellid_000155109-1,PC1_A2,PASC,PC1,doublet_certain,Duct2,Fibroblast,Duct2__Fibroblast,FALSE,FALSE,349.766958804458,383.715936163426,TRUE,spatially_supported_contact,Supported Duct2-Fibroblast doublet,479,425,11521.2949693437,18663.1489475279,155109,TRUE,112.045457451904,44.0319243910876,11.9440657749238,11.9863362425659,10.0227349696879,1.19591471544881,0.548455067899615,89.8044520224452,0.726220969822651,0.965379738865831,0.946226730769349,0.932656134506841,1.17345275065974,11520.250028831,18663.2,3152.60828157305,5107.33349826649,TRUE,40.0182674971782,27.9682354146827,7.13812585271493,8.01138392414118,6.00685101982956,1.33370777701071,0.661676510333192,89.8037823437136,0.642891988645986,0.909318313295002,0.946303244561934,0.831579696819959,1.2471853272597,11518.3999143836,18655.85,3152.10198300192,5105.32211215841,72.0271899547261,0.357160998791803,0.555599455105446,2.07412929174978,0.347307077399269,0.000669678731512136,2.40296996110443,TRUE,TRUE,TRUE,TRUE,TRUE,FALSE,TRUE,PC1_A2,10.0022865307302,10.7770807316991,TRUE,TRUE,30,0.907421981939342,0.0268882491012656,0.387136452362399,Supported Duct2-Fibroblast,Supported Duct2-Fibroblast,1,0.623499443967943,0.712510781555224,0.623240367505424,0.64104239450863,0.583472049231264,0.721464226029618,high_confidence_composite
PC1_cellid_000155234-1,PC1_A2,PASC,PC1,doublet_certain,Duct2,Fibroblast,Duct2__Fibroblast,FALSE,FALSE,357.001356604237,383.606634471089,TRUE,spatially_supported_contact,Supported Duct2-Fibroblast doublet,538,465,11897.3642716075,18046.4750270454,155234,TRUE,91.9539461479756,48.0272929478041,10.8203234947043,12.0136149813362,12.0081567964814,1.00045453954421,0.0301406718675236,89.8434545499882,0.500961117117976,0.835570481210757,0.835505684389838,0.637412112647174,1.41285629352171,11898.024795082,18051.45,3255.9893586913,4939.9232327405,TRUE,19.9548394507528,24.0006477400662,5.04056452171181,6.02047542553596,5.99310962896193,1.00456620945038,0.095237847857084,1.9403946505718e-08,0.435323564292593,0.712898306426154,0.837743288472985,0.553051058443918,1.5156325075785,11901.6626712329,18044.2,3256.98489250801,4937.93921242982,71.9991066972228,0.217009060344955,0.277153986533433,2.21978020836332,0.410298306764441,89.8434545305843,2.88987948649625,TRUE,TRUE,TRUE,TRUE,TRUE,FALSE,TRUE,PC1_A2,6.72377914568083,15.6652323931319,TRUE,TRUE,30,0.0727167152281882,-0.534295335848663,0.172151542593634,Supported Duct2-Fibroblast,Supported Duct2-Fibroblast,1,0.5203448891348,0.44198277358534,0.661749172629773,0.670136861586311,0.259457906178785,0.61228508300015,moderate_evidence_composite
PC1_cellid_000155259-1,PC1_A2,PASC,PC1,doublet_certain,Duct2,Fibroblast,Duct2__Fibroblast,FALSE,FALSE,551.75424248769,583.054152366157,TRUE,spatially_supported_contact,Supported Duct2-Fibroblast doublet,1037,862,11861.9755776631,18004.3321975409,155259,TRUE,176.035967996363,67.9504618116003,14.9711708209045,19.8054604592258,14.1550033381709,1.39918444257718,0.699429030805273,44.8044520218904,0.479100309498592,0.846032997167966,0.807835436215899,0.627923147201183,1.4447302765784,11861.3315924658,18007.95,3245.94797120788,4928.01911087638,TRUE,72.0818586960037,43.9772731144872,9.5800559993021,14.3042853107827,8.04308840477855,1.77845680490312,0.826943357362382,63.1218602488744,0.468359406966534,0.818692161125344,0.82471160401022,0.626522930534118,1.46120239757623,11864.9957762557,18007.8,3246.95070431979,4927.97806218029,103.954109300359,0.409472334048223,0.693400762838538,1.00357296156002,0.134067398231545,18.317408226984,2.69555741080121,TRUE,TRUE,TRUE,TRUE,TRUE,FALSE,TRUE,PC1_A2,9.22859798784671,16.6144904641918,TRUE,TRUE,30,1.19146994717079,-0.234166850224902,0.287128347210286,Supported Duct2-Fibroblast,Supported Duct2-Fibroblast,1,0.864323706216651,0.93880951967201,0.834726912288575,0.83117310339265,0.432745002742199,0.782015798295771,high_confidence_composite
PC1_cellid_000155345-1,PC1_A2,PASC,PC1,doublet_certain,Duct2,Fibroblast,Duct2__Fibroblast,FALSE,FALSE,441.985279600726,462.066735025667,TRUE,spatially_supported_contact,Supported Duct2-Fibroblast doublet,736,615,11592.065284655,18996.4251544212,155345,TRUE,115.92656363869,51.9412714677817,12.1491680830433,14.0153045290533,12.0019791426098,1.1677494485972,0.51639903525736,179.775751521658,0.539967565321148,0.892464997213018,0.874149950330696,0.689171891524055,1.36086850488924,11592.7452054795,18991.85,3172.44716473133,5197.27119138478,TRUE,47.9452349814576,31.9635637422152,7.81317919671701,7.99997632908446,7.99997632704687,0.999999999912626,2.2569868574098e-05,179.738377267386,0.589718736589862,0.857284413486151,0.879414170945255,0.749148730019835,1.30219953702623,11583.6417237443,18999.15,3169.95592436434,5199.26889459416,67.9813286572328,0.413582818919339,0.705270637120797,3.19328931963467,0.525680325196055,0.0373742542724074,2.16799444316315,TRUE,TRUE,TRUE,TRUE,TRUE,FALSE,TRUE,PC1_A2,11.6734912378569,14.3194732128744,TRUE,TRUE,30,0.594349535768569,-0.363557702465712,0.237559754257989,Supported Duct2-Fibroblast,Supported Duct2-Fibroblast,1,0.642479133210717,0.79548428528977,0.754709577769911,0.752064176823685,0.358037781732916,0.701742745855337,high_confidence_composite
PC1_cellid_000155411-1,PC1_A2,PASC,PC1,doublet_certain,Fibroblast,Duct2,Duct2__Fibroblast,FALSE,FALSE,273.142907328664,298.425356595934,FALSE,unsupported_mixture,Unsupported doublet,296,260,11935.7052562193,18202.5313327696,155411,TRUE,100.073003113573,47.9731418527953,11.2879096791481,14.0223239762015,9.99946220360543,1.40230781284498,0.701051958057995,179.686053662481,0.546424888722632,0.862428603692554,0.839345385654688,0.713707552773484,1.35280364148771,11938.7621575342,18204.85,3267.13746276153,4981.90236593492,TRUE,7.98163622555351,11.9864066910658,3.18787309566511,4.00918271426659,1.9976563514607,2.00694313906538,0.867021792262535,89.6075692859695,0.698109867206099,0.999999999906174,0.999999999771693,0.996587190255748,1.19684555541571,11942.4,18193.9,3268.13298736003,4978.90581112085,92.0913668880195,0.0797581363247144,0.0866708410832064,3.15759560108088,0.559465071078514,89.9215156234884,4.05001829174152,TRUE,TRUE,TRUE,TRUE,TRUE,FALSE,TRUE,PC1_A2,6.71741540678699,,TRUE,,30,0.946322000453467,-0.116373467757801,0.332254042936591,Unsupported Duct2-Fibroblast,Unsupported Duct2-Fibroblast,0,0.56275778145481,0.286208820257794,0.452292343243415,0.469080722265396,0.500756118713697,0.350499665935988,low_evidence_mixture
PC1_cellid_000155554-1,PC1_A2,PASC,PC1,doublet_certain,Fibroblast,Duct2,Duct2__Fibroblast,FALSE,FALSE,418.681078851142,461.507706508076,TRUE,spatially_supported_contact,Supported Duct2-Fibroblast doublet,586,510,11652.4354667801,18061.1530323964,155554,TRUE,124.127249272772,55.9912802317814,12.5715441515071,15.1840794161191,12.6519986562175,1.2001328663889,0.552909857808714,161.329912499766,0.497549392089772,0.826987651236972,0.841215518945566,0.646129437185727,1.41769203675857,11653.2520262557,18059.75,3189.00533871135,4942.19459392378,TRUE,43.9267080546169,32.0187769907178,7.47858420860358,10.0159168284513,6.00685102186849,1.66741555391076,0.800202038048024,179.803782346379,0.53842974381473,0.844895137116255,0.878281778260363,0.730114690978815,1.3628105228255,11649.575,18059.75,3187.99909115628,4942.19459392378,80.2005412181551,0.353884487962416,0.547710868055789,1.00624755507033,0.160083366266326,18.4738698466132,2.54647997145176,TRUE,TRUE,TRUE,TRUE,TRUE,FALSE,TRUE,PC1_A2,11.7079817736987,22.0879046125352,TRUE,TRUE,30,-0.367460388812933,0.218561861781467,0,Supported Duct2-Fibroblast,Supported Duct2-Fibroblast,1,0.68109242398136,0.755807236736326,0.688809413804672,0.698721773856012,0,0.592870297334694,moderate_evidence_composite
PC1_cellid_000155555-1,PC1_A2,PASC,PC1,doublet_certain,Duct2,Fibroblast,Duct2__Fibroblast,FALSE,FALSE,431.211863282813,455.972581746066,TRUE,spatially_supported_contact,Supported Duct2-Fibroblast doublet,611,525,11609.2140729426,18896.1310335313,155555,TRUE,75.9914225837305,51.9961527021718,9.83642639855992,18.2947278784626,7.77035701397063,2.35442565111573,0.905319113832205,123.569698425723,0.353209208645487,0.774809204015012,0.819814977245948,0.534561463739505,1.68261203537196,11608.8248287671,18896.75,3176.8474818611,5171.24631806803,TRUE,31.9265449022097,23.9725322307982,6.37574619132978,8.00454251569426,3.99538298853437,2.00344811328037,0.866521669952013,89.8037823448095,0.698126242255731,0.999999999976543,0.999999999885845,0.998290618409441,1.1968315194996,11612.45,18889.4,3177.83953887568,5169.23493195995,44.0648776815209,0.420133533660728,0.724534971496202,2.24273297473228,0.456005642557457,33.765916080913,1.73034010361507,TRUE,TRUE,TRUE,TRUE,TRUE,FALSE,TRUE,PC1_A2,14.3258450509297,17.8947591503492,TRUE,TRUE,30,-0.0459508314701397,-0.13645561054964,0.133592776054318,Supported Duct2-Fibroblast,Supported Duct2-Fibroblast,1,0.436679751583058,0.610055558034109,0.701597878331173,0.707397195501085,0.201344126421707,0.607118780970105,moderate_evidence_composite
PC1_cellid_000155608-1,PC1_A2,PASC,PC1,doublet_certain,Duct2,Fibroblast,Duct2__Fibroblast,FALSE,FALSE,282.364238656553,303.054475463196,TRUE,spatially_supported_contact,Supported Duct2-Fibroblast doublet,365,332,11786.7609497143,18031.0654787981,155608,TRUE,55.8995368363767,39.9819454244721,8.43643887149399,12.0137020396581,7.99770110405233,1.5021444136566,0.746206137504465,89.8037823489865,0.439430532722394,0.756285620195536,0.850513683088075,0.581789908213099,1.50853324329424,11784.6501712329,18026.4,3224.96348883844,4933.06810049461,TRUE,19.9814249345223,19.9773132393859,5.04392113209466,6.02047542553596,3.99540641917256,1.50684931388261,0.748055330018846,179.999999996125,0.629161531974215,0.909203980068477,0.942384718850264,0.830681818071318,1.26072080291095,11784.6625,18030.05,3224.96686270387,4934.0669520993,35.9181119018544,0.357452423790833,0.556304991296819,0.998857302702792,0.236795955153515,89.8037823528616,1.69625886969967,TRUE,TRUE,TRUE,TRUE,TRUE,FALSE,TRUE,PC1_A2,9.05905622920776,14.9966209755853,TRUE,TRUE,30,0.123136829283829,-0.168467432622018,0.20385162056067,Supported Duct2-Fibroblast,Supported Duct2-Fibroblast,1,0.336783784596304,0.442355605187494,0.527699233973895,0.556287162460391,0.307234625057489,0.567522297831909,moderate_evidence_composite
PC1_cellid_000155724-1,PC1_A2,PASC,PC1,doublet_certain,Duct2,Fibroblast,Duct2__Fibroblast,FALSE,FALSE,523.872574269777,564.022407128908,TRUE,spatially_supported_contact,Supported Duct2-Fibroblast doublet,762,616,11409.9609435228,18739.1177048043,155724,TRUE,119.808418712371,47.9728362011213,12.3509034688471,14.0045521259208,9.9886449113325,1.40204724929157,0.700917125050002,179.803782339773,0.654193779001442,0.923126635483082,0.911872062995603,0.856468781073838,1.23636526393988,11410.9246575342,18736.6,3122.69052196942,5127.41999354987,TRUE,28.0184787882087,23.97290709292,5.97279123831317,6.0068390667091,6.00683906523971,0.999999999789043,2.21187799380828e-05,89.6075692803591,0.612650809707329,0.875323156088765,0.903172946182146,0.776519845060886,1.27759585421745,11396.3,18740.4,3118.68836781979,5128.45989385064,91.7899399241622,0.233860684307463,0.305245638120097,4.13504902908504,0.669594581937914,89.8037869405858,3.18905611526695,TRUE,TRUE,TRUE,TRUE,TRUE,FALSE,TRUE,PC1_A2,11.6954332010628,19.9343640216559,TRUE,TRUE,30,0.322550936014554,-0.270064486616809,0.27337625194664,Supported Duct2-Fibroblast,Supported Duct2-Fibroblast,1,0.661025747230797,0.556099869874803,0.763878996779986,0.752498372650838,0.412018555631008,0.703932021714805,high_confidence_composite
PC1_cellid_000156288-1,PC1_A2,PASC,PC1,doublet_certain,Fibroblast,Duct2,Duct2__Fibroblast,FALSE,FALSE,475.400010392429,514.94743708438,TRUE,spatially_supported_contact,Supported Duct2-Fibroblast doublet,659,506,11645.5614611311,18762.7470225382,156288,TRUE,127.981021088949,51.9684083400078,12.7652065015038,14.0113935359648,12.020543451742,1.16562063845328,0.513796557234014,89.803782336621,0.595492921492531,0.888758873542452,0.867177151272039,0.759871466649066,1.29587078264555,11644.8644178082,18757.65,3186.71000277784,5133.18049390021,TRUE,23.9999518613627,24.0276673884643,5.52790084766607,6.01141577913169,6.00229394611453,1.00151972401857,0.0550684508216809,179.738377238788,0.522392594563117,0.855740987961099,0.901115868259922,0.665145019715988,1.38357113813088,11648.5501141553,18768.7,3187.71862297254,5136.20441451167,103.981069227587,0.187527429108469,0.230810781590686,3.18769674868432,0.499435201978823,89.9345949021668,3.61865282691887,TRUE,TRUE,TRUE,TRUE,TRUE,FALSE,TRUE,PC1_A2,9.98623956055242,21.4832785670765,TRUE,TRUE,30,1.22935578385954,0.804458587491413,0.663504709218649,Supported Duct2-Fibroblast,Supported Duct2-Fibroblast,1,0.698451199824829,0.499217615201657,0.723960637320183,0.696340185044147,1,0.849114777305332,high_confidence_composite
PC1_cellid_000156375-1,PC1_A2,PASC,PC1,doublet_certain,Duct2,Fibroblast,Duct2__Fibroblast,FALSE,FALSE,392.78087151017,419.773795019975,TRUE,spatially_supported_contact,Supported Duct2-Fibroblast doublet,588,493,11274.2374371781,18962.9515997935,156375,TRUE,132.246306238372,56.0734368642376,12.9761792045213,15.9999944886489,12.0227901015026,1.33080544116023,0.659818922229061,89.7395664336642,0.528541463729906,0.836012488781955,0.887488919546593,0.687477442189324,1.37549959972748,11272.8931640625,18956.5,3084.91710313321,5187.59738200784,TRUE,44.1187975359277,31.991147568983,7.49491812422973,8.01817927417837,8.00458976881427,1.00169771381362,0.0581962296327463,89.6102387860014,0.541718781489312,0.8468028833939,0.879737498944204,0.68739888845332,1.35866708194275,11269.1957762557,18952.8,3083.90528347732,5186.58484750445,88.127508702444,0.333610811428398,0.500624585677161,1.43143464279127,0.220624980284838,0.129327647662763,2.74063054014579,TRUE,TRUE,TRUE,TRUE,TRUE,FALSE,TRUE,PC1_A2,10.4220501774193,7.06164674893915,TRUE,TRUE,30,0.0330242862973714,-0.0669217437106264,0.166408302003145,Supported Duct2-Fibroblast,Supported Duct2-Fibroblast,1,0.717021349396088,0.757817295132579,0.689863570437182,0.68839334274031,0.250801990839085,0.663438785575739,moderate_evidence_composite
PC1_cellid_000156993-1,PC1_A2,PASC,PC1,doublet_certain,Fibroblast,Duct2,Duct2__Fibroblast,FALSE,FALSE,352.352947459958,394.095829436006,TRUE,spatially_supported_contact,Supported Duct2-Fibroblast doublet,441,396,11478.6022574749,18430.0531174939,156993,TRUE,103.927523816601,52.050993356498,11.5032444601383,12.0137097252464,11.9954660510562,1.00152088058703,0.0550893496115575,179.738377253966,0.482039247314741,0.837999082142633,0.813954333236105,0.72116778716507,1.44031936588752,11471.8746590909,18433.05,3139.36997590389,5044.35111557617,FALSE,44.0910887218561,28.0502695307384,7.49256416262776,8.01822533409511,6.02044036320733,1.33183369433441,0.660479024789636,89.8044520237284,0.704184739969132,0.956702957410521,0.957586906904793,0.913364877171941,1.1916718901783,11475.5813139932,18433.15,3140.38433157434,5044.37848137355,59.8364350947449,0.424248429082371,0.736860219775356,1.01472474743263,0.176424094816846,89.933925230238,2.00534014875526,TRUE,TRUE,TRUE,TRUE,TRUE,FALSE,TRUE,PC1_A2,7.23795903586869,15.8223619943948,TRUE,TRUE,30,-0.367460388812933,0.00498128880599781,0,Supported Duct2-Fibroblast,Supported Duct2-Fibroblast,1,0.582614267964335,0.757528041304343,0.594828969057238,0.617421886784449,0,0.556483885927759,moderate_evidence_composite
PC1_cellid_000157082-1,PC1_A2,PASC,PC1,doublet_certain,Duct2,Fibroblast,Duct2__Fibroblast,FALSE,FALSE,507.371516799693,528.31045056626,FALSE,unsupported_mixture,Unsupported doublet,777,623,11371.9446291048,18967.5478143082,157082,TRUE,116.009315637485,52.0232861117599,12.1535035371414,14.0112882634729,12.0135850544989,1.16628701563438,0.514614154696889,89.9999999916624,0.538650622324488,0.840560521991783,0.839505960624399,0.689195081080475,1.36253107807124,11375.2249146758,18970.7,3112.92100267045,5191.48332523705,TRUE,27.9903955307095,24.0002728837152,5.96979718771733,6.02047542512878,5.99310962855524,1.00456620945061,0.0952378478594324,89.9999999961202,0.61064181491932,0.875203428109383,0.902477580166946,0.775757575741169,1.27969575610374,11375.25,18974.3,3112.92786746945,5192.46849394305,88.0189201067755,0.241277136878933,0.318004305137741,0.985192623166473,0.162124875108556,4.457788804757e-09,3.09185317471205,TRUE,TRUE,TRUE,TRUE,TRUE,FALSE,TRUE,PC1_A2,7.60837712750565,,TRUE,,30,0.314269953221934,-0.835163327053443,0.0568914393473135,Unsupported Duct2-Fibroblast,Unsupported Duct2-Fibroblast,0,0.642879227829725,0.555705683548624,0.768923018238156,0.755504042610962,0.0857438365649424,0.348886240477739,low_evidence_mixture
PC1_cellid_000157108-1,PC1_A2,PASC,PC1,doublet_certain,Duct2,Fibroblast,Duct2__Fibroblast,FALSE,FALSE,316.034037986989,337.112357555964,TRUE,spatially_supported_contact,Supported Duct2-Fibroblast doublet,377,344,11511.3523765784,18526.1814630481,157108,TRUE,79.8991142543079,40.0370510781567,10.086164377894,10.022734968617,9.99546272929333,1.00272846163487,0.0737202229894484,179.804452022427,0.626365263093492,0.908607415979089,0.901867650460181,0.797540624901481,1.26353177385571,11512.4248287671,18524.35,3150.4668531783,5069.33608859214,TRUE,55.9542055776441,31.9911794398493,8.44056320607205,8.0090981641399,7.99997632908481,1.00114023241322,0.047713426208106,89.7383772446093,0.687040113574581,0.93299992506511,0.926580412725923,0.873293877657132,1.20644895772095,11508.75,18524.35,3149.4612069835,5069.33608859214,23.9449086766638,0.700310711737635,2.33678926530248,1.00564619479655,0.199411025861632,89.9339252221824,0.822800585910972,TRUE,TRUE,TRUE,TRUE,TRUE,FALSE,TRUE,PC1_A2,8.06148561416745,9.00478532914177,TRUE,TRUE,30,1.03703414519619,-0.181529167849257,0.307293419210699,Supported Duct2-Fibroblast,Supported Duct2-Fibroblast,1,0.457012337524395,0.859804269069026,0.539318317878155,0.568800493973871,0.463136756892911,0.656174239692901,moderate_evidence_composite
PC1_cellid_000157126-1,PC1_A2,PASC,PC1,doublet_certain,Duct2,Fibroblast,Duct2__Fibroblast,FALSE,FALSE,261.831896965116,284.527773537671,TRUE,spatially_supported_contact,Supported Duct2-Fibroblast doublet,389,346,11734.5920039418,18039.0910086707,157126,TRUE,55.9819143917125,35.9867414093302,8.44265285283642,10.0159023862448,7.99997632704573,1.25199150264452,0.601692974825225,89.7383772532259,0.543216012751325,0.84873858939038,0.837401795239739,0.698664956610953,1.35679338680402,11733.5581073525,18041.15,3210.98173815519,4937.10455560946,TRUE,15.9640213379746,15.9820005445998,4.50843911575894,3.99550013857708,3.9955001377283,0.999999999527517,2.06122651868753e-05,179.607569292973,0.785398163395164,0.999999999953102,0.999999999828771,0.999999998950615,1.12837916629883,11740.85,18041.15,3212.9772227229,4937.10455560946,40.0178930537379,0.285163905318077,0.398922084992036,1.99548456771527,0.472715057167773,89.8691920397475,1.96710686853874,TRUE,TRUE,TRUE,TRUE,TRUE,FALSE,TRUE,PC1_A2,7.05899837655197,14.7834105211279,TRUE,TRUE,30,0.654265761755326,-0.4702116703065,0.196701478521398,Supported Duct2-Fibroblast,Supported Duct2-Fibroblast,1,0.337171282854934,0.386980759657941,0.550533770820121,0.570835765897193,0.296458300579413,0.565993040074673,moderate_evidence_composite
PC1_cellid_000157133-1,PC1_A2,PASC,PC1,doublet_certain,Fibroblast,Duct2,Duct2__Fibroblast,FALSE,FALSE,308.812736842756,337.231878424734,TRUE,spatially_supported_contact,Supported Duct2-Fibroblast doublet,389,346,11381.3447292277,18327.8733312802,157133,TRUE,124.018286233672,51.9960459045838,12.566025079674,14.0059124894005,12.024636192959,1.16476808624066,0.512746582693607,89.843025658512,0.576441119189516,0.88561336520144,0.866816551055139,0.736380656154818,1.31711144492894,11383.814760274,18327.45,3115.27168241286,5015.45283353359,TRUE,31.9272937890838,23.972750904687,6.37582096742364,6.00229394407595,5.99317210604496,1.00152203793397,0.0551102627195347,89.7383772302247,0.698129881362035,0.941177769171786,0.951185099544249,0.887540335282419,1.19682840016399,11372.9081050228,18342.1,3112.28698923494,5019.46192285105,92.0909924445883,0.25744021108591,0.346692905984565,4.99811869824022,0.795497169326821,0.104648428287319,3.09510205612518,TRUE,TRUE,TRUE,TRUE,TRUE,FALSE,TRUE,PC1_A2,10.5955907515992,9.4869774207189,TRUE,TRUE,30,-0.367460388812933,0.0858853330531147,0,Supported Duct2-Fibroblast,Supported Duct2-Fibroblast,1,0.680593927537301,0.610065686962532,0.550533770820121,0.570835765897193,0,0.547599507698117,moderate_evidence_composite
PC1_cellid_000157144-1,PC1_A2,PASC,PC1,doublet_certain,Duct2,Fibroblast,Duct2__Fibroblast,FALSE,FALSE,414.944518480527,452.573381440181,TRUE,spatially_supported_contact,Supported Duct2-Fibroblast doublet,672,566,11997.666974283,18641.9100150818,157144,TRUE,239.999518613636,79.9637502670829,17.4807573582006,22.6467887387365,15.557849415039,1.45565033640584,0.726678056730864,134.738377258055,0.471665299524889,0.857006474177137,0.796438681511872,0.681167907121259,1.45607262432304,11991.6001141553,18646.8,3281.59699091481,5102.84550749473,TRUE,40.1272305362842,28.0229667254705,7.14783720712086,8.01138392617911,6.02053383991743,1.3306766701352,0.659736101517057,89.8037823437137,0.642126848322642,0.909534560006256,0.945972823278638,0.831948878218515,1.24792816155047,12000.6999143836,18646.75,3284.08722380808,5102.83182459603,199.872288077352,0.167197129254293,0.200764352678781,2.49027048418742,0.284915628117225,44.9345949143415,5.16646007553987,TRUE,TRUE,TRUE,TRUE,TRUE,FALSE,TRUE,PC1_A2,24.9878382287882,13.3290061590739,TRUE,TRUE,30,0.246959345728166,0.190709353201516,0.255302015524181,Supported Duct2-Fibroblast,Supported Duct2-Fibroblast,1,0.960772327722677,0.713778131716899,0.729566057096556,0.729204587125176,0.384778000784392,0.739465071916219,high_confidence_composite
PC1_cellid_000157163-1,PC1_A2,PASC,PC1,doublet_certain,Fibroblast,Duct2,Duct2__Fibroblast,FALSE,FALSE,318.578271876566,346.698880566462,TRUE,spatially_supported_contact,Supported Duct2-Fibroblast doublet,375,320,11514.5204527681,18454.6241484208,157163,TRUE,99.9082480028921,48.0001332722468,11.2786139309088,12.0137952786258,11.9930609040938,1.00172886404534,0.0587263336018842,89.8044520183357,0.544911935828264,0.847043958864299,0.875139800057742,0.693411559057155,1.35468037544153,11512.199914968,18458.55,3150.40530372372,5051.32939391031,TRUE,15.9632724511103,15.9818131098301,4.50833336701436,4.02286529140763,3.99531270196592,1.00689622784036,0.11683785269661,89.6075692677047,0.785379741197452,0.999999999953087,0.999999999828769,0.993197596278092,1.12839240008949,11508.55,18458.6,3149.40647538872,5051.343076809,83.9449755517818,0.159779325216977,0.190163524907594,0.998922051270915,0.17713560471505,0.196882750630934,3.38514028194722,TRUE,TRUE,TRUE,TRUE,TRUE,FALSE,TRUE,PC1_A2,9.03561243543438,17.8298344568759,TRUE,TRUE,30,0.123815319835127,0.21456625944892,0.204133545107559,Supported Duct2-Fibroblast,Supported Duct2-Fibroblast,1,0.561904075503269,0.38697065888061,0.537410242077985,0.543238900708263,0.307659527161381,0.593514346940345,moderate_evidence_composite
PC1_cellid_000157193-1,PC1_A2,PASC,PC1,doublet_certain,Fibroblast,Duct2,Duct2__Fibroblast,FALSE,FALSE,474.702216382981,525.330935643417,TRUE,spatially_supported_contact,Supported Duct2-Fibroblast doublet,674,560,11996.1309391315,18456.8791618048,157193,TRUE,163.981136102715,64.0096368260431,14.4494728996104,20.0045475314577,12.0081567964804,1.66591325096307,0.799796413939576,89.8434545400275,0.5029363536191,0.863039506845848,0.82888760338514,0.682635403117928,1.41007913228617,11998.174795082,18453.05,3283.39620477618,5049.82427505393,TRUE,59.8360606513166,35.986808246907,8.72843849851896,12.0082167758226,6.0041083879115,1.99999999908837,0.866025403784429,89.8430256564783,0.580612254892317,0.908295156127843,0.924445670454918,0.829919465113485,1.31237183317006,12001.8776027397,18460.4,3284.4095076175,5051.835661162,104.145075451398,0.364896000050807,0.574545271451603,2.25221151848393,0.311736148579827,0.00042888354914794,2.86051720054572,TRUE,TRUE,TRUE,TRUE,TRUE,FALSE,TRUE,PC1_A2,11.6830241050033,8.93205355675893,TRUE,TRUE,30,0.557464146848871,0.546730814419992,0.384322125230225,Supported Duct2-Fibroblast,Supported Duct2-Fibroblast,1,0.831721146428097,0.884358992523095,0.730412501610068,0.726176545252221,0.579230440855208,0.785193409501647,high_confidence_composite
PC1_cellid_000157328-1,PC1_A2,PASC,PC1,doublet_certain,Fibroblast,Duct2,Duct2__Fibroblast,FALSE,FALSE,462.634950763875,490.86447980611,FALSE,unsupported_mixture,Unsupported doublet,772,637,11062.6667308779,18891.2624914055,157328,TRUE,236.173081168125,76.0507343239965,17.3408450297327,19.7670212613995,17.8744636702424,1.1058805244759,0.426989009388843,163.847494000521,0.513137124168275,0.825135368137721,0.840856575764689,0.668430328264688,1.39599313302869,11060.7092896175,18891.3,3026.85129396088,5169.75488211034,TRUE,83.9449755517878,39.981782704648,10.3383781346187,11.9972853712587,8.0072620606155,1.49830057719334,0.744678975448025,179.68605367266,0.659903241984777,0.933435481915653,0.912192951279593,0.873831458306139,1.23100514727811,11057.0416485056,18891.45,3025.84761472526,5169.79593080642,152.228105616338,0.355438372286278,0.551442029751333,1.00451829424738,0.115855748824982,15.8385596721395,3.50123344755697,TRUE,TRUE,TRUE,TRUE,TRUE,FALSE,TRUE,PC1_A2,11.0421663870302,30.6074994258381,TRUE,FALSE,30,0.563884277191719,0.106377613521435,0.386989800313418,Unsupported Duct2-Fibroblast,Unsupported Duct2-Fibroblast,0,0.95762078272127,0.967863908305958,0.767260952910135,0.7613431426996,0.583251022843743,0.551554517089529,moderate_evidence_composite
PC1_cellid_000157358-1,PC1_A2,PASC,PC1,doublet_certain,Duct2,Fibroblast,Duct2__Fibroblast,FALSE,FALSE,442.336602051253,483.153458750448,TRUE,spatially_supported_contact,Supported Duct2-Fibroblast doublet,591,497,11512.3323006164,18491.473577787,157358,TRUE,123.990577419596,48.0002332883191,12.5646212177358,14.0113855059835,10.0159939990416,1.39890114785372,0.699281103754398,179.843454542618,0.676257119474221,0.939323107990431,0.90231362018378,0.883514221486283,1.21602939922791,11512.3247716895,18491.45,3150.43947176116,5060.33274125122,TRUE,63.9085074325623,35.9865077669859,9.02057863488476,10.0227582364558,7.99085969604781,1.25427783921429,0.603620843770963,89.8037823419731,0.620139124498655,0.888299035059263,0.892326453064344,0.797954107810802,1.26985880297308,11508.6437214612,18491.5,3149.4321230139,5060.34642414992,60.0820699870338,0.515430355736916,1.06368684427346,1.00744167092844,0.160361645905053,89.9603277993551,1.77202129142552,TRUE,TRUE,TRUE,TRUE,TRUE,FALSE,TRUE,PC1_A2,12.8001167707504,12.733716254034,TRUE,TRUE,30,0.0556454663035724,-0.232817713891913,0.175807793139985,Supported Duct2-Fibroblast,Supported Duct2-Fibroblast,1,0.680467096185444,0.906014599311441,0.691434444429494,0.690872774091304,0.264968418004174,0.672762460049375,moderate_evidence_composite
PC1_cellid_000157497-1,PC1_A2,PASC,PC1,doublet_certain,Fibroblast,Duct2,Duct2__Fibroblast,FALSE,FALSE,457.487336574135,501.519861987958,TRUE,spatially_supported_contact,Supported Duct2-Fibroblast doublet,568,461,11475.0545245734,18733.069562255,157497,TRUE,108.081599266329,59.9320115696009,11.7308894055016,20.8705771192892,8.85808008897871,2.3561061655797,0.905461178715044,161.329912499327,0.378132422408215,0.750855177756035,0.832733956667797,0.584625428461769,1.62621529509622,11469.3880136986,18732.8,3138.68948556406,5126.38009324909,TRUE,39.9901842396738,31.9636574530067,7.13562078415029,10.0160273416127,6.00216898804578,1.66873464525815,0.800557122951577,179.738377254636,0.491869998227617,0.833618233605235,0.880016111769919,0.665196085698002,1.42585326058035,11487.6,18725.4,3143.67334083577,5124.35502424232,68.0914150266556,0.369999930676747,0.587301412639845,5.37956483849036,0.917162312824433,18.4084647553085,2.29763431067566,TRUE,TRUE,TRUE,TRUE,TRUE,FALSE,TRUE,PC1_A2,7.61870142475189,14.2071366551221,TRUE,TRUE,30,1.4185997848521,0.659485891697813,0.629479512210963,Supported Duct2-Fibroblast,Supported Duct2-Fibroblast,1,0.603716257709082,0.71218360288961,0.679066839882481,0.667393822485457,0.948718981892752,0.827160891374311,high_confidence_composite
PC1_cellid_000157654-1,PC1_A2,PASC,PC1,doublet_certain,Duct2,Fibroblast,Duct2__Fibroblast,FALSE,FALSE,248.182088587406,272.333955163814,TRUE,spatially_supported_contact,Supported Duct2-Fibroblast doublet,267,243,11369.1788130988,18378.5199876254,157654,TRUE,67.9817031006819,40.0095764576752,9.30360106121459,12.0137097264252,7.99097906678437,1.50340898429426,0.74670531596261,179.739566432919,0.533671482891498,0.829551581383053,0.85600708824562,0.708133129649839,1.36887250865036,11369.375,18375.15,3111.32012687286,5028.50631888805,TRUE,28.0454387154125,24.0005202579751,5.97566411555316,6.02053762030487,6.01141578117161,1.00151741897825,0.055026767418043,179.738377266734,0.611830031111738,0.874671555841353,0.902937615390576,0.77490809274865,1.27845252341316,11365.7248287671,18378.75,3110.32122840893,5029.49148759405,39.9362643852694,0.412543926264268,0.702254933957583,1.40298094089775,0.30159954809984,0.00118916618492904,1.66396847283072,TRUE,TRUE,TRUE,TRUE,TRUE,FALSE,TRUE,PC1_A2,7.23323374401722,23.3124160858853,TRUE,TRUE,30,-0.367460388812933,-0.261712091202831,0,Supported Duct2-Fibroblast,Supported Duct2-Fibroblast,1,0.395731257355019,0.556478222322206,0.415783605698336,0.445077327562611,0,0.471310840236942,moderate_evidence_composite
PC1_cellid_000157679-1,PC1_A2,PASC,PC1,doublet_certain,Duct2,Fibroblast,Duct2__Fibroblast,FALSE,FALSE,321.805058199707,344.619356234327,TRUE,spatially_supported_contact,Supported Duct2-Fibroblast doublet,339,313,11477.3128463594,18466.0361035153,157679,TRUE,72.0271899547298,35.9864919875001,9.57642242941033,10.0091691353475,8.01822533542623,1.248302300474,0.598546579700985,179.803782347373,0.698919744560647,0.947501674735513,0.935497298093088,0.897470509225475,1.19615192931635,11475.6752559727,18466.1,3140.41003954612,5053.39551161316,TRUE,36.0270749409658,27.9954448626896,6.77282042401648,8.01822533409561,6.00680424065883,1.33485710690702,0.662407339814478,179.804452023725,0.577649126344574,0.857515908792051,0.904122781396318,0.748009764691703,1.31573352101879,11472.0251712329,18466.05,3139.4111647517,5053.38182871447,36.0001150137641,0.500187150971841,1.00074888419617,0.998968506331042,0.20863083507611,0.000669676352259785,1.40180100269692,TRUE,TRUE,TRUE,TRUE,TRUE,FALSE,TRUE,PC1_A2,9.85284741237785,14.219348559634,TRUE,TRUE,30,-0.367460388812933,-0.521677712087548,0,Supported Duct2-Fibroblast,Supported Duct2-Fibroblast,1,0.416268509844879,0.66389178266555,0.501067263777295,0.535370430933158,0,0.504620279451748,moderate_evidence_composite
PC1_cellid_000157719-1,PC1_A2,PASC,PC1,doublet_certain,Fibroblast,Duct2,Duct2__Fibroblast,FALSE,FALSE,342.184681829123,367.012737380004,TRUE,spatially_supported_contact,Supported Duct2-Fibroblast doublet,447,367,11644.9020451383,18935.2433426921,157719,TRUE,95.8900955194855,48.0000833398699,11.0494824115811,12.0137097272851,11.995341092589,1.00153131385041,0.0552775517291503,179.738377244239,0.52299752353809,0.841854211451654,0.85262157581287,0.665401866878306,1.38277074809503,11645.475204918,18929.55,3186.87714954079,5180.22229961156,TRUE,31.9272937890804,27.9954918808973,6.37582096742329,8.01817863450997,5.99310962896292,1.33789954251783,0.66432901339063,90,0.511912539252677,0.799456190505902,0.890433925464713,0.664406938078827,1.39766186587578,11638.2498287671,18940.45,3184.89986774275,5183.20517152694,63.9628017304052,0.332957159055733,0.499154085192487,3.57871040633375,0.647760730603134,89.7383772442393,2.33683072207893,TRUE,TRUE,TRUE,TRUE,TRUE,FALSE,TRUE,PC1_A2,10.0462422423409,27.2191866225198,TRUE,TRUE,30,1.02087885036811,0.154786475314684,0.436133232310142,Supported Duct2-Fibroblast,Supported Duct2-Fibroblast,1,0.540981767498859,0.610065686962485,0.599522963139029,0.591377522668081,0.657317463238109,0.713540003101791,high_confidence_composite
PC1_cellid_000157934-1,PC1_A2,PASC,PC1,doublet_certain,Duct2,Fibroblast,Duct2__Fibroblast,FALSE,FALSE,509.2722716583,563.132701964831,TRUE,spatially_supported_contact,Supported Duct2-Fibroblast doublet,932,758,11815.175114778,18028.8369207741,157934,TRUE,159.935649248657,63.9548681310912,14.2701223973827,18.7574050351096,13.1440551171353,1.42706378389658,0.713417210623764,99.3141072989593,0.491369194954937,0.833120077393054,0.842893249318825,0.64869888241058,1.42657969036761,11817.5665525114,18033.5,3233.97131904685,4935.01107210922,TRUE,39.9632243124691,31.9913353440937,7.13321509066966,8.01817863450997,7.99081283793743,1.00342465708828,0.0825487129194813,90.0000000145695,0.490688238358768,0.800214436193182,0.842323123141603,0.623725980636865,1.427569220648,11812.075,18033.55,3232.46851191308,4935.02475500791,119.972424936188,0.249870647961908,0.333103413808583,1.50286942314871,0.210631609062868,9.31410728438978,3.56845365335651,TRUE,TRUE,TRUE,TRUE,TRUE,FALSE,TRUE,PC1_A2,13.1306588458085,7.63136285823547,TRUE,TRUE,30,0.179630831515093,-0.0467203379134578,0.22732585457993,Supported Duct2-Fibroblast,Supported Duct2-Fibroblast,1,0.819461249159638,0.711869302729037,0.812321640281182,0.803688656350099,0.342613777146557,0.730217833526474,high_confidence_composite
PC1_cellid_000157964-1,PC1_A2,PASC,PC1,doublet_certain,Duct2,Fibroblast,Duct2__Fibroblast,FALSE,FALSE,200.492814454062,222.387708009032,TRUE,spatially_supported_contact,Supported Duct2-Fibroblast doublet,192,174,11382.8760163364,18360.3929619711,157964,TRUE,55.9268712070066,35.9590232608715,8.43850129075484,10.0049729493534,7.99085782271588,1.25205242890014,0.601744565960846,179.843025646973,0.543518854670194,0.875108392499482,0.915454383761351,0.699537823357869,1.35641533996931,11380.2626712329,18356.8,3114.29962492281,5023.48469506721,TRUE,27.9907699741378,24.0001009159934,5.96983711826863,8.01822533409511,4.00229460613808,2.00340707461054,0.866515780235457,179.804452023732,0.610658734823679,0.933455707876023,0.951240727980302,0.872223000275223,1.27967802731469,11376.625,18360.35,3113.30414718355,5024.45618087451,27.9361012328688,0.500488751919063,1.00195692057362,1.39095672224215,0.329669136975633,0.0385736232409499,1.23433208624311,TRUE,TRUE,TRUE,TRUE,TRUE,FALSE,TRUE,PC1_A2,9.05681335737959,17.4734076382868,TRUE,TRUE,30,0.28561641791888,-0.143450453479442,0.271364696928651,Supported Duct2-Fibroblast,Supported Duct2-Fibroblast,1,0.336912339270045,0.555710939828599,0.306779231397777,0.332251530145087,0.40898684388874,0.542902967800625,moderate_evidence_composite
PC1_cellid_000158169-1,PC1_A2,PASC,PC1,doublet_certain,Duct2,Fibroblast,Duct2__Fibroblast,FALSE,FALSE,539.702396480656,573.10146333983,TRUE,spatially_supported_contact,Supported Duct2-Fibroblast doublet,742,610,11490.8343127125,18607.5557578773,158169,TRUE,127.926726791098,55.9917953090497,12.7624984771383,14.3188772734432,13.4010005251455,1.06849315046674,0.352272606770105,153.434948822925,0.512769713943835,0.842027303127636,0.810826929929562,0.666676423523102,1.39649317251875,11490.8246575342,18604.8,3144.55579408307,5091.35187259143,TRUE,35.9181119018591,23.9726884272449,6.76257055014362,5.99317210694922,5.99317210681136,0.999999999566388,6.78294244957756e-06,89.7383772407997,0.785398163396402,0.9999999999791,0.999999999885846,0.999999999956075,1.12837916656441,11490.8,18608.5,3144.54904635221,5092.36440709481,92.0086148892387,0.280770975698496,0.390377704752909,1.01255698724485,0.158676921681424,63.696571582125,2.99996396349733,TRUE,TRUE,TRUE,TRUE,TRUE,FALSE,TRUE,PC1_A2,12.6541295592465,11.0398845439281,TRUE,TRUE,30,0.517167926664402,-0.393236643769058,0.226189990976866,Supported Duct2-Fibroblast,Supported Duct2-Fibroblast,1,0.698210387851279,0.662507984917758,0.756875346934812,0.749874852431696,0.340901862238823,0.695735773887242,moderate_evidence_composite
PC1_cellid_000158257-1,PC1_A2,PASC,PC1,doublet_certain,Duct2,Fibroblast,Duct2__Fibroblast,FALSE,FALSE,601.447170508883,651.764989711181,TRUE,spatially_supported_contact,Supported Duct2-Fibroblast doublet,963,808,11600.5347414163,18008.3024957698,158257,TRUE,175.926630513836,67.9777552941416,14.9665207360371,19.2236926302752,14.122418413408,1.3612181755144,0.678461357355324,11.1589160089,0.478418328857703,0.837800198286616,0.821774296107636,0.648015951416614,1.44575963430197,11601.8865646259,18008.65,3174.9487705539,4928.2106714581,TRUE,91.9266117773413,43.9774136777876,10.8187151422167,12.0136083247574,9.99539260035794,1.20191460223764,0.554766832658909,179.803782342108,0.597298944945414,0.884535703599116,0.858852658379121,0.765540069875233,1.29391016902653,11601.8665525114,18005.15,3174.94329407921,4927.25286854949,84.0000187364944,0.522528121544888,1.09436418168868,0.957818565028198,0.127994819990724,11.3551336667923,2.0739027969102,TRUE,TRUE,TRUE,TRUE,TRUE,FALSE,TRUE,PC1_A2,8.89588272292607,12.4136287201137,TRUE,TRUE,30,0.475047274414228,-0.211111473957775,0.295960676094096,Supported Duct2-Fibroblast,Supported Duct2-Fibroblast,1,0.864053531095907,0.979344798103794,0.819427015387501,0.817745808051196,0.446056632277144,0.784401602418772,high_confidence_composite
PC1_cellid_000158356-1,PC1_A2,PASC,PC1,doublet_certain,Fibroblast,Duct2,Duct2__Fibroblast,FALSE,FALSE,527.517243937387,559.735866056463,TRUE,spatially_supported_contact,Supported Duct2-Fibroblast doublet,778,574,11441.7194643646,18772.6394192208,158356,TRUE,163.953801732066,59.9595304322628,14.4482685424564,16.0255007564408,14.0004393510327,1.14464270381103,0.486581727973207,89.8430256512241,0.573079547612436,0.871802121263603,0.851232212100911,0.73074898006527,1.32096875464619,11443.9202739726,18765.9,3131.72003551113,5135.43817218479,TRUE,20.0364681192256,24.0005514966954,5.05086364359833,8.47553691691294,4.25711899936344,1.99090908962892,0.864703233721565,135.000000000005,0.437107835080611,0.769142315022988,0.853378198203114,0.555313408041776,1.51253594424976,11443.9375,18776.75,3131.72474955088,5138.40736120147,143.91733361284,0.122208011685799,0.139222063213974,2.96919275881071,0.411010183812075,45.1569743487806,4.69870244942903,TRUE,TRUE,TRUE,TRUE,TRUE,FALSE,TRUE,PC1_A2,10.2068227201279,19.3940511993493,TRUE,TRUE,30,0.360792243847893,0.500244506919346,0.302601551475172,Supported Duct2-Fibroblast,Supported Duct2-Fibroblast,1,0.831640584292359,0.443127730205974,0.769253155592967,0.733160238538809,0.456065416372883,0.729033156836385,high_confidence_composite
PC1_cellid_000158474-1,PC1_A2,PASC,PC1,doublet_certain,Duct2,Fibroblast,Duct2__Fibroblast,FALSE,FALSE,305.54785020237,330.940346884857,TRUE,spatially_supported_contact,Supported Duct2-Fibroblast doublet,359,316,11423.7650260273,18427.8400206347,158474,TRUE,48.0272380933683,36.0141953140239,7.8198579760049,10.010558304265,8.01273513736035,1.24933098738915,0.599428378663942,89.6860536690028,0.465318206296188,0.800093568700661,0.8570079353768,0.598754134941736,1.46596964317223,11428.0252054795,18426,3127.37022327248,5042.42182686026,TRUE,20.0091337485852,20.0051138392083,5.04741719541724,6.01141578081916,4.01373339911033,1.49771177578785,0.744443726768524,179.738377266901,0.62828414040802,0.908174711049879,0.941087602832116,0.829283449130656,1.26160078683767,11422.5748287671,18429.65,3125.87868422444,5043.42067846495,28.018104344783,0.416620537402544,0.714150161453354,1.79510257646308,0.459113855361614,89.9476764021017,1.38622039029383,TRUE,TRUE,TRUE,TRUE,TRUE,FALSE,TRUE,PC1_A2,11.6688463840483,11.1736033137035,TRUE,TRUE,30,0.0112361135882391,-0.295233114456569,0.157354939790772,Supported Duct2-Fibroblast,Supported Duct2-Fibroblast,1,0.300818729376284,0.44274425938461,0.521733585987143,0.53876628883733,0.237157231296935,0.540934026198257,moderate_evidence_composite
PC1_cellid_000158553-1,PC1_A2,PASC,PC1,doublet_certain,Duct2,Fibroblast,Duct2__Fibroblast,FALSE,FALSE,629.254153547742,668.24996352872,TRUE,spatially_supported_contact,Supported Duct2-Fibroblast doublet,1182,961,11638.8932217028,18027.1130242814,158553,FALSE,143.944667983485,60.0691562053361,13.5379482762473,16.0091782676828,13.9976519063344,1.14370455642694,0.485292839936005,179.607569291105,0.501305400777652,0.856675833110397,0.822568796441743,0.642349443755109,1.4123710535908,11638.4743150685,18023.25,3184.96130020915,4932.20607787686,TRUE,59.9173148763545,35.9868176055001,8.73436286828771,9.98851604609607,8.01817863532533,1.24573378780576,0.59632954990238,179.999999995323,0.581400393420544,0.882088342777491,0.86968912016022,0.748127542210724,1.31148201473734,11638.475,18023.35,3184.96148764612,4932.23344367425,84.0273531071302,0.416252409426284,0.713069169188664,0.0273664392883831,0.00404292270727155,0.392430704217816,2.40179270397978,TRUE,TRUE,TRUE,TRUE,TRUE,FALSE,TRUE,PC1_A2,12.1573086529414,15.2753304129722,TRUE,TRUE,30,0.00202043358609074,-0.197646934158932,0.153525665523188,Supported Duct2-Fibroblast,Supported Duct2-Fibroblast,1,0.764233202947274,0.884830612686155,0.859209417717398,0.851947553151947,0.231385947062805,0.717410316571374,high_confidence_composite
PC1_cellid_000158575-1,PC1_A2,PASC,PC1,doublet_certain,Duct2,Fibroblast,Duct2__Fibroblast,FALSE,FALSE,515.273138866863,542.104761699471,TRUE,spatially_supported_contact,Supported Duct2-Fibroblast doublet,820,710,11480.9499887974,18566.215141649,158575,TRUE,132.027631273289,55.9638271459567,12.9654464302185,14.0182349460087,14.0113935380037,1.00048827443527,0.0312383496740765,179.803782350139,0.529736481433704,0.835932110161729,0.847183057574867,0.672187087945854,1.37394724822948,11479.725204918,18564.75,3141.51834036885,5080.39187073721,TRUE,56.1462950589582,36.0140914338264,8.45503892122526,10.0228283682566,8.01140727553142,1.25106963360169,0.600910892693038,89.8044520255471,0.543983894580039,0.849109812439401,0.860476208069951,0.699233133868602,1.3558354311321,11479.7314846416,18564.75,3141.52005886529,5080.39187073721,75.8813362143311,0.425261701003225,0.739922329424598,0.00171849643902533,0.000265088664030751,89.9993303245917,2.2552037544966,TRUE,TRUE,TRUE,TRUE,TRUE,FALSE,TRUE,PC1_A2,9.24837123693901,17.1903468520261,TRUE,TRUE,30,-0.0768907105664578,-0.40975962871649,0.120736721716701,Supported Duct2-Fibroblast,Supported Duct2-Fibroblast,1,0.716086266957835,0.86111558582858,0.782465909690721,0.788460417713749,0.181968145876284,0.677534223870555,moderate_evidence_composite
PC1_cellid_000158742-1,PC1_A2,PASC,PC1,doublet_certain,Duct2,Fibroblast,Duct2__Fibroblast,FALSE,FALSE,336.946464881872,359.352619215329,TRUE,spatially_supported_contact,Supported Duct2-Fibroblast doublet,484,429,11372.2115230371,18407.3543019885,158742,TRUE,95.8900955194817,48.0280206120012,11.0494824115809,12.0137020416981,11.9999255046696,1.00114805165111,0.0478764632512074,89.8037823392649,0.522389258845795,0.841649466911819,0.834779925378796,0.665148084455407,1.38357555592031,11369.4564212329,18404.35,3111.34240844248,5036.49713172558,TRUE,51.9910962789382,31.9912886098756,8.13616124204021,8.01822533409561,8.00458921335466,1.00170353751283,0.0582957058437436,179.804452023725,0.638374265808525,0.896748818092765,0.915867653217475,0.810049706033974,1.2515906616601,11369.4748858447,18404.3,3111.34746143075,5036.48344882689,43.8989992405435,0.542194644732139,1.18433443054615,0.0145861032200727,0.00264014234338862,89.99933031554,1.45666058477036,TRUE,TRUE,TRUE,TRUE,TRUE,FALSE,TRUE,PC1_A2,9.8342748093304,26.0251062053509,TRUE,TRUE,30,-0.367460388812933,-0.556026552696378,0,Supported Duct2-Fibroblast,Supported Duct2-Fibroblast,1,0.540981767498839,0.830382176490631,0.626755302550592,0.644125588754014,0,0.563607166273168,moderate_evidence_composite
PC1_cellid_000158757-1,PC1_A2,PASC,PC1,doublet_certain,Fibroblast,Duct2,Duct2__Fibroblast,FALSE,FALSE,477.056682041942,504.645873135251,FALSE,unsupported_mixture,Unsupported doublet,509,425,11642.3386153866,18707.9091645137,158757,TRUE,187.980713520631,67.9228525216722,15.4707620401194,18.0122501892066,16.0090813393034,1.12512703286143,0.458317522836075,89.843025657303,0.512025186956755,0.862644188716894,0.821180681931653,0.651896894059599,1.39750811207207,11644.6752283105,18710.25,3186.65822956321,5120.20910593792,TRUE,23.9999518613643,20.0046162819345,5.52790084766626,6.02053762020878,3.99548953939992,1.50683353234093,0.74804916385808,179.739566432181,0.753632786248762,0.99999999996882,0.999999999863203,0.997711775774615,1.15191413588299,11644.6751712329,18706.55,3186.65821394347,5119.19657143453,163.980761659266,0.127672416018645,0.1463583387286,1.0125345035062,0.130896525920506,89.8965407748779,4.97143059622656,TRUE,TRUE,TRUE,TRUE,TRUE,FALSE,TRUE,PC1_A2,10.629099431333,,TRUE,,30,0.578313365895752,0.418956411640617,0.392985335972877,Unsupported Duct2-Fibroblast,Unsupported Duct2-Fibroblast,0,0.891209787983227,0.49921761520168,0.64360861575239,0.64104239450863,0.592287184269816,0.48133919658463,moderate_evidence_composite
PC1_cellid_000158844-1,PC1_A2,PASC,PC1,doublet_certain,Duct2,Fibroblast,Duct2__Fibroblast,FALSE,FALSE,361.846887635726,396.925186567341,TRUE,spatially_supported_contact,Supported Duct2-Fibroblast doublet,521,439,11940.3136343435,18030.9063342233,158844,TRUE,119.917381751482,56.0183642448666,12.3565186256927,14.0112882655123,14.0112882634729,0.999999999950242,1.70619271725357e-05,8.33762214824674e-09,0.480209951088408,0.799380474200412,0.825545378638627,0.610837936274604,1.44306011122875,11941.8,18033.2,3267.9687925757,4934.92897471705,TRUE,12.0001631524009,16.0370126342324,3.90884666735734,4.02286529602042,4.00908963867111,1.00343610541168,0.0826858712343343,89.6102388046806,0.586340741654857,0.855754339073135,0.925311484010405,0.744056462903594,1.30594523054667,11934.512244898,18036.75,3265.97444028028,4935.90046052435,107.917218599081,0.100070256506012,0.111197854309703,2.21838358991855,0.359062880658843,89.610238796343,4.22383597916765,TRUE,TRUE,TRUE,TRUE,TRUE,FALSE,TRUE,PC1_A2,9.98392280566062,13.5759249572134,TRUE,TRUE,30,-0.0289628767168569,-0.25529799819894,0.140651564768821,Supported Duct2-Fibroblast,Supported Duct2-Fibroblast,1,0.66153959609685,0.33505916644998,0.651291001606855,0.65165871883598,0.211982767890907,0.607464591406199,moderate_evidence_composite
PC1_cellid_000158977-1,PC1_A2,PASC,PC1,doublet_certain,Fibroblast,Duct2,Duct2__Fibroblast,FALSE,FALSE,599.315394812729,645.040747574744,TRUE,spatially_supported_contact,Supported Duct2-Fibroblast doublet,990,808,11634.6143812204,18904.0877353708,158977,TRUE,176.035967996391,72.0279944820048,14.9711708209057,22.6401355531583,12.7423654418473,1.77676081035499,0.826578152733981,134.610238808003,0.426391591252249,0.830539704970202,0.803930795372973,0.610200183328608,1.53142482942773,11641.7253424658,18896.7,3185.85096977974,5171.23263516934,TRUE,47.9725693520949,31.9636574530062,7.81540609064157,8.0182200021773,7.99085448791192,1.00342460390949,0.0825480752793653,179.738377243345,0.590051485153707,0.85735413194064,0.879634068036594,0.748724059373585,1.30183230963818,11630.7668949772,18896.7,3182.85210324306,5171.23263516934,128.063398644296,0.272515724458954,0.374600157860839,2.99886653668409,0.400618838506644,45.1281384353422,3.57788236513207,TRUE,TRUE,TRUE,TRUE,TRUE,FALSE,TRUE,PC1_A2,10.6530575270494,19.8721513481381,TRUE,TRUE,30,0.372303126727134,-0.00754336719386484,0.307384522194249,Supported Duct2-Fibroblast,Supported Duct2-Fibroblast,1,0.864323706216721,0.795737008474252,0.82526685295766,0.817745808051196,0.463274062600442,0.777567066221812,high_confidence_composite
PC1_cellid_000159092-1,PC1_A2,PASC,PC1,doublet_certain,Duct2,Fibroblast,Duct2__Fibroblast,FALSE,FALSE,443.144612838096,473.787859122938,TRUE,spatially_supported_contact,Supported Duct2-Fibroblast doublet,624,537,11686.9411514872,18059.9262592152,159092,TRUE,107.99959615442,51.9954891285344,11.726438361209,16.4685700724727,9.40451178983909,1.75113503344997,0.820909584272512,101.129189288358,0.501996465673815,0.818181560295074,0.879812377555194,0.69731656839303,1.41139856043854,11686.1487190284,18059.6,3198.00778100313,4942.15354522769,TRUE,19.9817993779517,24.0278254717597,5.04396839234472,6.0069327836651,6.00656046042985,1.00006198564069,0.0111337624712059,89.6102387799676,0.434926150286859,0.768667895806441,0.851933883266736,0.553803847952317,1.51632480448154,11689.762585034,18059.65,3198.99674425214,4942.16722812639,88.017796776468,0.185017352727238,0.227019990359765,0.989057900025369,0.168688542568949,11.5189505083904,3.34123498443216,TRUE,TRUE,TRUE,TRUE,TRUE,FALSE,TRUE,PC1_A2,20.574367757138,9.9979655719772,TRUE,TRUE,30,0.0481356542219862,-0.310388093403447,0.172687336467041,Supported Duct2-Fibroblast,Supported Duct2-Fibroblast,1,0.603303135230993,0.442360856801752,0.70792712783706,0.714058557432931,0.260265427008649,0.635600013722555,moderate_evidence_composite
PC1_cellid_000159214-1,PC1_A2,PASC,PC1,doublet_certain,Fibroblast,Duct2,Duct2__Fibroblast,FALSE,FALSE,268.187941967937,291.976359816705,TRUE,spatially_supported_contact,Supported Duct2-Fibroblast doublet,256,222,11413.1615478675,18813.8839507639,159214,TRUE,59.9176893197867,35.9862578601466,8.73439016022917,10.0090754204468,8.00454251409726,1.25042441830965,0.600361877155519,89.8037823391247,0.581422113731953,0.881739034594592,0.869703261683383,0.747867360276167,1.3114575178502,11414.8873287671,18817,3123.7749385502,5149.42209465046,TRUE,8.0363049668252,12.0136787710686,3.1987718388959,3.99540641876487,2.02506900677158,1.97297297030645,0.86203466972884,1.16926740468489e-08,0.6997038162656,0.999999999906812,0.999999999772211,0.993243243151204,1.19548155075107,11422.2,18820.65,3125.77610934349,5150.42094625515,51.8813843529615,0.13412241120637,0.15489765867856,2.23660212647314,0.512136985026344,89.803782327432,2.76780916066664,TRUE,TRUE,TRUE,TRUE,TRUE,FALSE,TRUE,PC1_A2,7.5976388975848,5.85594905963479,TRUE,TRUE,30,0.594250057596562,-0.0979974073159084,0.339293763630414,Supported Duct2-Fibroblast,Supported Duct2-Fibroblast,1,0.35593252839276,0.286844237218727,0.401129689079503,0.413418091818048,0.511366021847788,0.578217929546033,moderate_evidence_composite
PC1_cellid_000159342-1,PC1_A2,PASC,PC1,doublet_certain,Duct2,Fibroblast,Duct2__Fibroblast,FALSE,FALSE,342.015109341511,384.034121152494,TRUE,spatially_supported_contact,Supported Duct2-Fibroblast doublet,486,416,11583.6605824962,18808.0873038764,159342,TRUE,99.9636656310399,55.9638208464421,11.2817415374632,14.0114545413863,12.0135850540973,1.16630085649711,0.514631107839984,179.738973202331,0.401085832665699,0.745567219904777,0.799268227102137,0.593863076195159,1.57899712379162,11582.8921232877,18801.9,3169.75079022216,5145.28985924475,TRUE,60.0547356163973,31.9910230912917,8.74437329003127,8.01822533394786,7.99779482507081,1.0025545174114,0.0713409089681084,89.8037823305555,0.737396148345138,0.967841991865853,0.964021203208225,0.936480511237981,1.1645270138449,11582.9562851622,18812.8,3169.76834863073,5148.27273116013,39.9089300146426,0.600765640508304,1.50479443020184,2.98292359293196,0.5288055177897,89.9351908717751,1.26868412371598,TRUE,TRUE,TRUE,TRUE,TRUE,FALSE,TRUE,PC1_A2,8.69775500329029,16.2778365128644,TRUE,TRUE,30,0.428817249221532,0.245861918338413,0.330867116530475,Supported Duct2-Fibroblast,Supported Duct2-Fibroblast,1,0.562191272314098,0.885624430080658,0.628147458387714,0.633954461067377,0.498665814927082,0.701924938221824,high_confidence_composite
PC1_cellid_000159386-1,PC1_A2,PASC,PC1,doublet_certain,Fibroblast,Duct2,Duct2__Fibroblast,FALSE,FALSE,365.093854021711,412.724327829078,TRUE,spatially_supported_contact,Supported Duct2-Fibroblast doublet,477,408,11576.9235930588,18775.9722721518,159386,TRUE,104.200493079522,44.031979449801,11.5183413897032,12.0136897514936,10.0159192288819,1.19945952774545,0.552204297771488,179.843454541159,0.675372260646469,0.928624820629819,0.912281811579165,0.865969404305253,1.2168257467841,11575.5376712329,18779.9,3167.73818577379,5139.26938381922,TRUE,20.0091337485869,20.0322003926937,5.04741719541745,6.01141578117226,4.00448660507516,1.50117015485718,0.745820468136281,89.7383772582293,0.626586219445374,0.908190145960718,0.940207233797707,0.831198354538428,1.26330897092817,11582.8418367347,18779.9,3169.73702890596,5139.26938381922,84.1913593309356,0.192025326899329,0.23766255712251,1.9988431321699,0.34707134665865,89.8949227170703,3.23546209714289,TRUE,TRUE,TRUE,TRUE,TRUE,FALSE,TRUE,PC1_A2,11.1737002668161,14.0729048120315,TRUE,TRUE,30,0.0896640698043029,0.3562554843519,0.189943110661225,Supported Duct2-Fibroblast,Supported Duct2-Fibroblast,1,0.584011140625552,0.442744259384633,0.621820433606873,0.627473790330504,0.286272437892572,0.616962982672052,moderate_evidence_composite
PC1_cellid_000159494-1,PC1_A2,PASC,PC1,doublet_certain,Duct2,Fibroblast,Duct2__Fibroblast,FALSE,FALSE,277.450707079753,299.390579126343,TRUE,spatially_supported_contact,Supported Duct2-Fibroblast doublet,300,268,11709.7156640043,18054.4785063175,159494,TRUE,51.9903473920744,40.009607342867,8.13610264463937,12.0409508522955,7.99081283916048,1.50684931439802,0.748055330018597,89.9999999961178,0.408135155297901,0.764773922757988,0.832163125917776,0.540344800577823,1.56530148534626,11708.05,18059.55,3204.00124117938,4942.139862329,TRUE,8.00897059619044,16.0095537569769,3.19332711692536,4.02276966775639,3.99540643563318,1.00684867229623,0.116438425898627,179.215175400854,0.392670350168433,0.667425968067728,0.852592634688686,0.498299633270202,1.59582749983456,11708,18052.25,3203.98755828068,4940.14215911962,43.9813767958839,0.154047260624208,0.182099133265855,1.9977500680755,0.491082807191704,89.2151754047359,2.471387763857,TRUE,TRUE,TRUE,TRUE,TRUE,FALSE,TRUE,PC1_A2,15.6140704191783,8.00451052240797,TRUE,TRUE,30,0.72380246995271,0.075636968420307,0.405811693950376,Supported Duct2-Fibroblast,Supported Duct2-Fibroblast,1,0.318654203961264,0.286526423333781,0.457092793091557,0.479893751657818,0.611618407996328,0.616285436849358,moderate_evidence_composite
PC1_cellid_000159620-1,PC1_A2,PASC,PC1,doublet_certain,Fibroblast,Duct2,Duct2__Fibroblast,FALSE,FALSE,447.290457416381,473.620798856006,FALSE,unsupported_mixture,Unsupported doublet,634,534,11899.535038837,18162.1104975205,159620,TRUE,183.990269851271,67.9503524816451,15.3056750070401,20.3598151683114,13.1046233033788,1.55363604834108,0.765318815944234,75.7792296995126,0.500750385812941,0.851917798953605,0.821857325332082,0.689598778903915,1.41315354926418,11898.4162388767,18164.75,3256.09648040705,4970.92868118202,TRUE,43.8997481274093,27.96811046517,7.47628887348068,7.99085449129003,6.00229394407625,1.33130009328069,0.660136744996069,179.738377253748,0.705254133051149,0.956522448564421,0.958158508758064,0.915274886249474,1.19076806766148,11894.7418949772,18157.6,3255.09096690014,4968.97202666872,140.090521723862,0.238598205005677,0.313367011444274,2.19989870152957,0.287461833292954,76.0408524457649,3.91469306677971,TRUE,TRUE,TRUE,TRUE,TRUE,FALSE,TRUE,PC1_A2,14.2933444666985,,TRUE,,30,0.0459427087773712,0.266198704754992,0.171776129745527,Unsupported Duct2-Fibroblast,Unsupported Duct2-Fibroblast,0,0.882792493589527,0.755524221389549,0.712654183590165,0.712415744056188,0.258892103339874,0.427121165148054,low_evidence_mixture
PC1_cellid_000159706-1,PC1_A2,PASC,PC1,doublet_certain,Duct2,Fibroblast,Duct2__Fibroblast,FALSE,FALSE,434.907874035393,466.306451486752,TRUE,spatially_supported_contact,Supported Duct2-Fibroblast doublet,569,491,11515.1674797335,18631.3135406307,159706,TRUE,88.0997998883837,52.0236458283227,10.5911354018889,16.4935381788695,9.69112410617423,1.70192208803765,0.809172641520719,165.825805476466,0.40905642382587,0.772158171615586,0.799657737864742,0.551171733050926,1.5635378218797,11520.1246575342,18630.3,3152.57397271799,5098.33015092557,TRUE,44.0087111665188,27.9953822611838,7.4855615267019,8.01138392210176,5.99991589284598,1.33524937041203,0.662656154194401,179.803782343714,0.705627844919347,0.956625427300045,0.958199268787813,0.915558171353649,1.19045270092998,11516.4831050228,18633.9,3151.57743283591,5099.31531963157,44.0910887218649,0.499532475865773,0.998131650460094,1.40130264962725,0.264618021356076,13.9779768672474,1.55278693759351,TRUE,TRUE,TRUE,TRUE,TRUE,FALSE,TRUE,PC1_A2,13.4687188579895,8.53909069872226,TRUE,TRUE,30,-0.367460388812933,-0.284119466419364,0,Supported Duct2-Fibroblast,Supported Duct2-Fibroblast,1,0.500069965876201,0.756666711080812,0.679620402236056,0.687141982082346,0,0.566022094098001,moderate_evidence_composite
PC1_cellid_000159770-1,PC1_A2,PASC,PC1,doublet_certain,Fibroblast,Duct2,Duct2__Fibroblast,FALSE,FALSE,444.991913225621,478.848439951374,TRUE,spatially_supported_contact,Supported Duct2-Fibroblast doublet,588,505,11858.936921873,18046.8946828516,159770,TRUE,115.954272452782,55.9641019788169,12.1506199458249,16.9705236643966,9.91243846391668,1.71204327991419,0.811683587944402,44.8044520216681,0.465240528835265,0.853005908516502,0.805438735336155,0.689304331197739,1.46609201884466,11857.7980371531,18044.4,3244.98098562039,4937.99394402459,TRUE,32.009296900982,28.0230419363633,6.38400365080558,8.01817927325208,6.00693278408554,1.33482087411435,0.662384341417799,89.6102387864224,0.512218718605974,0.799867133244748,0.861484043321155,0.664580509414977,1.3972440764056,11854.1373287671,18044.4,3243.9792035805,4937.99394402459,83.9449755517998,0.276051034784045,0.381312838401114,1.00178203988889,0.16489397951817,44.8057867647543,2.88330814750964,TRUE,TRUE,TRUE,TRUE,TRUE,FALSE,TRUE,PC1_A2,8.93959854674503,15.6358371520167,TRUE,TRUE,30,-0.367460388812933,0.0112802068917049,0,Supported Duct2-Fibroblast,Supported Duct2-Fibroblast,1,0.642613123693185,0.611174228539927,0.689863570437182,0.695740185805388,0,0.577840532560763,moderate_evidence_composite
PC1_cellid_000160176-1,PC1_A2,PASC,PC1,doublet_certain,Duct2,Fibroblast,Duct2__Fibroblast,FALSE,FALSE,369.442258803201,407.561809961394,TRUE,spatially_supported_contact,Supported Duct2-Fibroblast doublet,537,459,11771.3411000612,18048.3350920241,160176,TRUE,72.027564398163,47.945595512348,9.57644732156449,14.4133524432618,8.30867968382022,1.73473439667943,0.817127398399526,56.1291892895056,0.393741470636917,0.735216101754082,0.789003607572181,0.601453015538141,1.5936554061244,11773.7917237443,18048.35,3221.99198809915,4939.07489302145,TRUE,16.0729843770823,20.032013311451,4.52379921203535,6.02047542553596,4.02277221493023,1.49659863889281,0.743998022929353,179.999999980596,0.503335064573464,0.801093630412583,0.923816471569797,0.663651824547423,1.40952053215568,11759.125,18037.45,3217.97832219571,4936.09202110607,55.9545800210807,0.22315046342537,0.287250558723778,5.00070383525978,1.0443755720465,56.1291893089096,2.52632405476457,TRUE,TRUE,TRUE,TRUE,TRUE,FALSE,TRUE,PC1_A2,9.22612517945124,10.8277025438429,TRUE,TRUE,30,-0.367460388812933,-0.268714303285538,0,Supported Duct2-Fibroblast,Supported Duct2-Fibroblast,1,0.416270425445131,0.388451454882118,0.661147353321317,0.666009064939743,0,0.525020342819633,moderate_evidence_composite
PC1_cellid_000160210-1,PC1_A2,PASC,PC1,doublet_certain,Fibroblast,Duct2,Duct2__Fibroblast,FALSE,FALSE,493.129268338189,545.02744339458,TRUE,spatially_supported_contact,Supported Duct2-Fibroblast doublet,764,605,11876.317773883,18110.8447122378,160210,TRUE,116.008566750616,56.0187685689431,12.1534643091973,17.7143797199829,10.7480506169308,1.64814814768067,0.794899153057298,71.5650511769451,0.46455036947546,0.828258794778196,0.830463070874785,0.609304531943193,1.46718066462515,11876.3373287671,18110.1,3250.05441060081,4955.97327290904,TRUE,20.0095081920202,20.0047415154376,5.04746442293379,6.01141578308668,4.01373339668965,1.49771177725606,0.74444372735557,89.738377243823,0.628319285504944,0.908191706291285,0.941105118143913,0.829298968217871,1.26156550246634,11872.6831050228,18113.7,3249.05440313482,4956.95844161503,95.9990585585962,0.172483022166025,0.208434421028436,1.4037707474243,0.231007506896926,18.1733260668779,3.55299994313178,TRUE,TRUE,TRUE,TRUE,TRUE,FALSE,TRUE,PC1_A2,9.05232390692274,17.6853903900514,TRUE,TRUE,30,0.411803093691067,0.35341461465248,0.323797440940361,Supported Duct2-Fibroblast,Supported Duct2-Fibroblast,1,0.642875607956185,0.442749511949614,0.764561637929644,0.747654533672985,0.488010765321724,0.713665075490276,high_confidence_composite
PC1_cellid_000160317-1,PC1_A2,PASC,PC1,doublet_certain,Duct2,Fibroblast,Duct2__Fibroblast,FALSE,FALSE,470.563439043954,527.588587166983,TRUE,spatially_supported_contact,Supported Duct2-Fibroblast doublet,809,667,11526.1834793193,18850.3517688836,160317,TRUE,140.173273722646,59.9596797355975,13.3594219642415,18.397683955805,11.3298077998383,1.62383018991936,0.787880669315451,44.8037823474472,0.489955312951687,0.885817725768027,0.824984092744139,0.672480227770973,1.42863657415665,11524.6253424658,18849.6,3153.80562103746,5158.34334459921,TRUE,35.9450718290571,28.0231072945408,6.76510804725995,8.02730057271171,5.99317210423817,1.33940765081144,0.665274675439283,89.7395664263031,0.575197037482276,0.856678803440081,0.87373864253713,0.747159084839313,1.3185350517583,11528.2918181818,18860.5,3154.80898135322,5161.32621651459,104.228201893589,0.256433133591612,0.344868962263269,3.14710291964204,0.471143575426286,44.9357840788559,3.29715695849078,TRUE,TRUE,TRUE,TRUE,TRUE,FALSE,TRUE,PC1_A2,11.689385107164,14.3216361369502,TRUE,TRUE,30,0.522986879229554,-0.00575844055799149,0.369996224843004,Supported Duct2-Fibroblast,Supported Duct2-Fibroblast,1,0.749627651088612,0.662850628243311,0.779124833311484,0.773128318108221,0.55763918432277,0.766477931370068,high_confidence_composite
PC1_cellid_000160388-1,PC1_A2,PASC,PC1,doublet_certain,Fibroblast,Duct2,Duct2__Fibroblast,FALSE,FALSE,416.546443002836,449.912501185037,TRUE,spatially_supported_contact,Supported Duct2-Fibroblast doublet,553,456,11440.1488393803,18397.3461814881,160388,TRUE,140.255276834559,60.0421300673905,13.3633291070578,18.0205530615266,10.0227582384947,1.79796345754348,0.831058623103352,89.803782345746,0.488896459074161,0.886029837890958,0.823952675689614,0.776540014267286,1.43018281075911,11438.8611170372,18389.4,3130.3355568746,5032.40594501595,TRUE,59.9719836176253,35.9865699550661,8.73834658949678,10.0159168284518,7.99770110609177,1.25234948045203,0.601995932154604,89.8037823463788,0.581938874345311,0.857027429063727,0.888467978469478,0.748673626834729,1.31087510263531,11438.8936643836,18396.7,3130.34446371546,5034.40364822534,80.283293216934,0.427591638381567,0.747004528677026,1.99772306503825,0.298985835946119,6.32880414741521e-10,2.31249125878052,TRUE,TRUE,TRUE,TRUE,TRUE,FALSE,TRUE,PC1_A2,8.61225087299,21.9443316720771,TRUE,TRUE,30,0.697542288503252,0.30001971920489,0.442527013329979,Supported Duct2-Fibroblast,Supported Duct2-Fibroblast,1,0.749951547962152,0.885146981703812,0.670583086412658,0.663915179823504,0.666953839485335,0.781457464536119,high_confidence_composite
PC1_cellid_000160416-1,PC1_A2,PASC,PC1,doublet_certain,Fibroblast,Duct2,Duct2__Fibroblast,FALSE,FALSE,304.325977303421,334.410672818168,TRUE,spatially_supported_contact,Supported Duct2-Fibroblast doublet,311,275,11002.0137032935,18832.8461304377,160416,TRUE,124.072206088079,51.9959701181544,12.56875646967,16.0255006787031,9.99404934861562,1.60350425691413,0.781716354105428,89.6869114040548,0.57669342157487,0.898808102942124,0.8740113253813,0.774678330377613,1.3168232964075,11002,18829.55,3010.78502871576,5152.85650222276,TRUE,8.00934503962146,12.0139592791102,3.19340176486994,4.02286529601992,1.99784314887234,2.0136041674644,0.867966965587574,179.610238804688,0.697323909209602,0.999999999906502,0.999999999772217,0.996552364577739,1.19751985140341,10991.0746575342,18836.9,3007.79522163255,5154.86788833083,116.062861048457,0.0645539020503118,0.0690086817314232,3.60341788730945,0.573392903310842,89.9233274006329,4.68767735240005,TRUE,TRUE,TRUE,TRUE,TRUE,FALSE,TRUE,PC1_A2,7.56858775866649,23.7725156718452,TRUE,TRUE,30,-0.367460388812933,0.0714564675519152,0,Supported Duct2-Fibroblast,Supported Duct2-Fibroblast,1,0.680840657887328,0.286530775524895,0.470009174063498,0.489109810478023,0,0.504430004025506,moderate_evidence_composite
PC1_cellid_000160461-1,PC1_A2,PASC,PC1,doublet_certain,Fibroblast,Duct2,Duct2__Fibroblast,FALSE,FALSE,260.540631490723,282.65942000395,TRUE,spatially_supported_contact,Supported Duct2-Fibroblast doublet,273,249,11505.3172325596,18700.2589625361,160461,TRUE,64.073262543246,39.9546264865853,9.03219860445169,12.0137097277274,7.99997632848345,1.50171815894551,0.746037517431891,179.738377247107,0.504373838911459,0.82130686453478,0.86395895502063,0.66667013753815,1.40806830783266,11505.7836757992,18699.85,3148.64944871282,5117.36306300948,TRUE,16.1003187477167,20.0319196006591,4.52764425639138,6.02053762020878,4.00456991309325,1.50341678301331,0.746708389700815,179.739566432181,0.504195773942633,0.801364246279924,0.923816115177677,0.667795240575307,1.40831692654403,11498.4875,18703.45,3146.65279202647,5118.34823171548,47.9729437955293,0.251279833523961,0.335612482172941,2.22647598289369,0.493008640635125,0.00118918507368448,2.25227717403016,TRUE,TRUE,TRUE,TRUE,TRUE,FALSE,TRUE,PC1_A2,7.59451924779274,11.6627106060181,TRUE,TRUE,30,-0.367460388812933,-0.170433780828996,0,Supported Duct2-Fibroblast,Supported Duct2-Fibroblast,1,0.376232252580617,0.38882071225283,0.423587438297771,0.453711330580971,0,0.459725517011436,moderate_evidence_composite
PC1_cellid_000160643-1,PC1_A2,PASC,PC1,doublet_certain,Duct2,Fibroblast,Duct2__Fibroblast,FALSE,FALSE,332.828950975532,357.348606018952,TRUE,spatially_supported_contact,Supported Duct2-Fibroblast doublet,473,385,11546.4119197232,18815.7731255256,160643,TRUE,111.908411155295,55.9643364317926,11.9367589600948,14.1453112177986,12.7230798232046,1.11178357845068,0.437012091774728,134.607569291991,0.44900365512616,0.811172602095848,0.791330857355073,0.621810384776735,1.49236502259601,11546.4128424658,18812.95,3159.76794414354,5148.31377985622,FALSE,12.0548318936702,16.0093656978761,3.91774025072561,4.02286529602042,4.00908963168128,1.00343610716116,0.082685892175935,179.610238804673,0.591048027158539,0.857980438618561,0.928104676938095,0.747446137309005,1.30073436289745,11555.5501712329,18816.55,3162.2684470207,5149.29894856221,99.8535792616247,0.107720516877543,0.120725085486203,2.68757735106555,0.450302691969778,45.0026695126825,4.00950935468459,TRUE,TRUE,TRUE,TRUE,TRUE,FALSE,TRUE,PC1_A2,8.18520490695867,8.49740059977832,TRUE,TRUE,30,0.0866557355822485,-0.0208694202083672,0.188693095814559,Supported Duct2-Fibroblast,Supported Duct2-Fibroblast,1,0.622821872392846,0.335752022698419,0.618956334555573,0.607843878821069,0.28438848013116,0.611503340984136,moderate_evidence_composite
PC1_cellid_000161135-1,PC1_A2,PASC,PC1,doublet_certain,Duct2,Fibroblast,Duct2__Fibroblast,FALSE,FALSE,399.492647726637,424.649781619867,TRUE,spatially_supported_contact,Supported Duct2-Fibroblast doublet,563,487,11462.3078646984,18713.2325903262,161135,TRUE,87.9908368492703,47.9729550555441,10.5845837448069,14.1452454032952,9.90747694426187,1.42773437465132,0.713740342283083,135.000000002335,0.480456828214166,0.845994333414886,0.822167502485143,0.627861555172524,1.4426893137418,11465.6253424658,18710.9,3137.65980057806,5120.38698362095,TRUE,20.0364681192223,24.0007389182767,5.05086364359791,5.66970848522709,5.66970848378501,0.999999999771681,2.25542894863231e-05,135.00000001166,0.437101008363906,0.71441922561514,0.805422548169885,0.623303707880253,1.5125477557234,11469.2753424658,18710.9,3138.65865218275,5120.38698362095,67.9543687300481,0.227710848474688,0.294851802624634,0.998851604690572,0.188737058893462,9.32456600821752e-09,2.76686005060451,TRUE,TRUE,TRUE,TRUE,TRUE,FALSE,TRUE,PC1_A2,9.42521693359623,13.6037200867424,TRUE,TRUE,30,1.38349059088751,-0.163766141384255,0.314098291527375,Supported Duct2-Fibroblast,Supported Duct2-Fibroblast,1,0.499496442945436,0.443127730205927,0.676276741891765,0.684615659499584,0.473392708692694,0.670498416910018,moderate_evidence_composite
PC1_cellid_000161224-1,PC1_A2,PASC,PC1,doublet_certain,Duct2,Fibroblast,Duct2__Fibroblast,FALSE,FALSE,456.348933579823,499.769828784428,TRUE,spatially_supported_contact,Supported Duct2-Fibroblast doublet,561,493,11735.6254997258,18075.7681667141,161224,TRUE,104.008778041646,52.0228306280021,11.5077404038415,14.0113921102556,12.0045878901898,1.16716977169301,0.515693088432726,179.738377255122,0.482938579150448,0.787458787037575,0.832642736909826,0.618360089593249,1.43897765421001,11740.9623287671,18077.7,3213.00796238572,4947.10675455507,TRUE,31.9272937890802,23.972750904686,6.37582096742328,6.0022939440751,5.99317210555377,1.00152203801592,0.0551102641996326,179.738377249692,0.698129881362014,0.94117776917177,0.951185099544247,0.887540335355186,1.19682840016401,11729.9917237443,18070.45,3210.00576884285,4945.12273424438,72.0814842525658,0.306967300137173,0.442933356821304,3.5985417410516,0.625412393487121,5.42948441761837e-09,2.56595971820911,TRUE,TRUE,TRUE,TRUE,TRUE,FALSE,TRUE,PC1_A2,15.2970323437036,5.82550321651099,TRUE,TRUE,30,0.497172771979144,0.243441948792063,0.359270017269432,Supported Duct2-Fibroblast,Supported Duct2-Fibroblast,1,0.583030211986466,0.610065686962483,0.675150208494253,0.68839334274031,0.541473198724561,0.711273733886852,high_confidence_composite
PC1_cellid_000161241-1,PC1_A2,PASC,PC1,doublet_certain,Duct2,Fibroblast,Duct2__Fibroblast,FALSE,FALSE,414.761118934459,459.62643194722,TRUE,spatially_supported_contact,Supported Duct2-Fibroblast doublet,505,442,11397.55601209,18772.7016104444,161241,TRUE,104.063446782923,48.0278639156839,11.5107643362837,12.0135850544989,12.0135850504201,1.00000000011173,2.60582839464157e-05,179.999999990276,0.566919672629473,0.852437243878699,0.852266831251687,0.721029363834734,1.32812586947289,11396.4622013652,18780.5,3118.73275551675,5139.43357860355,TRUE,11.972828781764,16.009459408667,3.90439227886815,4.02277221533791,3.99540641876438,1.00684931417482,0.116443826641156,0,0.587020544903386,0.857146686636459,0.925687766057743,0.744921256290143,1.30518883198887,11392.7253424658,18762.3,3117.71013428163,5134.45300347879,92.0906180011592,0.115053163726057,0.130011384876505,5.08447467924848,0.883429548529134,9.72406155597128e-09,3.80318602870778,TRUE,TRUE,TRUE,TRUE,TRUE,FALSE,TRUE,PC1_A2,11.0415655482854,13.9090757892926,TRUE,TRUE,30,-0.367460388812933,-0.0491088310472846,0,Supported Duct2-Fibroblast,Supported Duct2-Fibroblast,1,0.583309997273629,0.334713004457253,0.640990523077613,0.65387105523295,0,0.539403743708376,moderate_evidence_composite
PC1_cellid_000161278-1,PC1_A2,PASC,PC1,doublet_certain,Duct2,Fibroblast,Duct2__Fibroblast,FALSE,FALSE,349.950586150345,376.906902090307,TRUE,spatially_supported_contact,Supported Duct2-Fibroblast doublet,406,348,11381.5497467644,18820.8349181168,161278,TRUE,127.926726791101,52.0505235758859,12.7624984771384,16.0145544773607,9.99410164786618,1.60240059959714,0.781373492778227,89.8430256509034,0.593363663046403,0.901209719960646,0.89363001037188,0.799286843679216,1.29819378711727,11381.9999455423,18817.15,3114.77504389042,5149.46314334655,TRUE,35.9993661268956,27.9956480637578,6.77021539821024,7.99081283793793,6.02047542553596,1.32727272673725,0.657534246619462,90,0.577196471104519,0.857414228239667,0.87459507539668,0.748295454495544,1.31624933927246,11382.0333333333,18831.8,3114.78418072566,5153.472232664,91.9273606642049,0.281406137928215,0.391606654024139,4.0090997290061,0.628262519271601,0.156974349096615,2.99614153946409,TRUE,TRUE,TRUE,TRUE,TRUE,FALSE,TRUE,PC1_A2,7.81447496273023,16.2677555502906,TRUE,TRUE,30,-0.00211105068714747,-0.292846858730998,0.151808962424691,Supported Duct2-Fibroblast,Supported Duct2-Fibroblast,1,0.698210387851291,0.663540154531197,0.565760541513788,0.572856968837758,0.228798620892176,0.616826028967038,moderate_evidence_composite
PC1_cellid_000161346-1,PC1_A2,PASC,PC1,doublet_certain,Duct2,Fibroblast,Duct2__Fibroblast,FALSE,FALSE,372.424223783119,397.960955937092,TRUE,spatially_supported_contact,Supported Duct2-Fibroblast doublet,574,499,11506.4370125817,18872.0729676742,161346,TRUE,107.97301067066,55.9368144449495,11.7249949658836,16.7989692611796,9.99406264142026,1.68089493325333,0.803784042987772,36.6502544357069,0.433640279003965,0.806123447398035,0.797211247700692,0.643117768263743,1.51857131593063,11502.7868150685,18871.45,3147.82933387722,5164.32277132866,TRUE,32.0089224575528,27.9955849541697,6.38396631079125,8.01817863654888,5.99310962692401,1.33789954331321,0.66432901389057,90,0.513217936075546,0.799865260621394,0.862035193188274,0.666105630610203,1.39588322089104,11510.112585034,18886.1,3149.83408924316,5168.33186064612,75.9640882131075,0.296452995575182,0.421369139106129,4.48239235594187,0.764587509220852,53.3497455642931,2.67051432754619,TRUE,TRUE,TRUE,TRUE,TRUE,FALSE,TRUE,PC1_A2,10.0759929070082,13.8586383186951,TRUE,TRUE,30,0.605014051725865,-0.120535577201228,0.330659572344187,Supported Duct2-Fibroblast,Supported Duct2-Fibroblast,1,0.603169168883071,0.611169169308885,0.682366201357752,0.692100967658196,0.498353015057836,0.703990260355884,high_confidence_composite
PC1_cellid_000161383-1,PC1_A2,PASC,PC1,doublet_certain,Fibroblast,Duct2,Duct2__Fibroblast,FALSE,FALSE,405.523748709185,446.043113303837,TRUE,spatially_supported_contact,Supported Duct2-Fibroblast doublet,508,433,11419.5634926422,18354.1410848199,161383,TRUE,147.880817354977,55.9914365435886,13.7217966959183,14.0068157494824,13.9976938397747,1.00065167213069,0.0360842310196667,89.8691879459092,0.592759449609463,0.902566223837138,0.861534782796668,0.754251072114498,1.29885525811819,11420.4414383562,18349.2,3125.29486492708,5021.40489446566,TRUE,24.0276606754339,23.9730945145013,5.53109100805984,6.02052164349282,6.00683906411036,1.00227783306555,0.0673806248695535,179.607569279102,0.525379543610116,0.800551424701856,0.85435950250518,0.664402673973182,1.37963251207999,11409.525,18360.35,3122.30749452446,5024.45618087451,123.853156679543,0.162479901745014,0.194001197205356,4.27021435893956,0.622398720422056,89.7383813331926,4.09535284392923,TRUE,TRUE,TRUE,TRUE,TRUE,FALSE,TRUE,PC1_A2,13.0918505223714,20.2329826202321,TRUE,TRUE,30,-0.367460388812933,0.445623758079041,0,Supported Duct2-Fibroblast,Supported Duct2-Fibroblast,1,0.778836853649595,0.499611468534722,0.642956818156542,0.647168492379799,0,0.575835719793773,moderate_evidence_composite
PC1_cellid_000161386-1,PC1_A2,PASC,PC1,doublet_certain,Fibroblast,Duct2,Duct2__Fibroblast,FALSE,FALSE,424.947351846783,473.148323726625,TRUE,spatially_supported_contact,Supported Duct2-Fibroblast doublet,514,424,11218.2907530815,18935.0040472653,161386,TRUE,96.0271418160925,48.0283476247977,11.0573755624081,12.013709727285,12.004462932121,1.00077027955999,0.0392273043906982,179.738377263683,0.523128734738461,0.827756385215578,0.828974801868874,0.665846518412761,1.38259732387298,11221.625,18931.15,3070.88716123091,5180.66015236978,TRUE,35.9446973856251,27.9680011274025,6.76507281076238,7.99081283875279,6.02047542675951,1.32727272660286,0.657534246532049,8.77307115842996e-09,0.577459909938752,0.857235984339299,0.904028701415586,0.747159090631226,1.31594906669742,11218,18938.4,3069.89515107556,5182.64417268047,60.0824444304674,0.37431810113355,0.598256241409099,2.2182021417191,0.401216748981228,0.261622745090392,2.14615137582287,TRUE,TRUE,TRUE,TRUE,TRUE,FALSE,TRUE,PC1_A2,10.2792426149572,11.4104022363076,TRUE,TRUE,30,0.414987333725924,0.341288818019397,0.325120547691512,Supported Duct2-Fibroblast,Supported Duct2-Fibroblast,1,0.541698174656558,0.662845870478765,0.646840624910145,0.640265223492482,0.490004883423326,0.685364896686029,moderate_evidence_composite
PC1_cellid_000161413-1,PC1_A2,PASC,PC1,doublet_certain,Fibroblast,Duct2,Duct2__Fibroblast,FALSE,FALSE,369.527843766016,412.563494054125,TRUE,spatially_supported_contact,Supported Duct2-Fibroblast doublet,459,408,11405.4018652773,18396.0873849254,161413,TRUE,76.1823887347507,36.0686416203678,9.84877809423439,10.015916828055,8.02506674218962,1.24807894393994,0.598354656444815,89.8037823505826,0.735876402788909,0.974135413216003,0.966791633372902,0.947796768266289,1.16572889503864,11405.9701160037,18393.2,3121.33467217262,5033.44584531673,TRUE,20.036093675782,20.0044603698746,5.05081644786502,5.99310962692501,4.0227722177845,1.48979591644607,0.74124653434023,90.0000000194926,0.629171781804138,0.90942928036602,0.941501673756789,0.831065759443593,1.2607105336765,11405.9666666667,18393.2,3121.33372823404,5033.44584531673,56.1462950589687,0.263001646521128,0.356855134451351,0.000943938571708713,0.000191686432724978,0.196217668909938,2.39898082318469,TRUE,TRUE,TRUE,TRUE,TRUE,FALSE,TRUE,PC1_A2,16.4980805766116,18.3630500743335,TRUE,TRUE,30,0.442966615018278,-0.0415703636003027,0.33674642248896,Supported Duct2-Fibroblast,Supported Duct2-Fibroblast,1,0.437669025376127,0.443122476721888,0.608671716505051,0.627473790330504,0.507526800955966,0.654723916331275,moderate_evidence_composite
PC1_cellid_000161457-1,PC1_A2,PASC,PC1,doublet_certain,Duct2,Fibroblast,Duct2__Fibroblast,FALSE,FALSE,370.22276504608,393.696960266282,TRUE,spatially_supported_contact,Supported Duct2-Fibroblast doublet,413,353,11396.1770701846,18861.7118150813,161457,TRUE,99.9089968897578,48.0006143922703,11.2786562016431,14.0205139473504,10.0069055072195,1.40108387487032,0.700417731382435,179.738377242116,0.544905096794022,0.862027745644254,0.876917932823501,0.712099803501983,1.354688876625,11396.7835616438,18861,3118.8206983195,5161.46304550153,TRUE,56.0908774308222,36.0142788554072,8.45086523640129,10.0090988473383,8.01822533358736,1.2482935347296,0.598539050674197,179.804452027641,0.543441314231257,0.848983246799556,0.860275784135517,0.698906369684439,1.35651210597458,11393.1,18860.95,3117.81266230335,5161.44936260284,43.8181194589356,0.561419683625692,1.28008408646079,1.00812887646304,0.178767551142928,0.0660747855245631,1.4138954826209,TRUE,TRUE,TRUE,TRUE,TRUE,FALSE,TRUE,PC1_A2,7.27590432444999,19.1988109520526,TRUE,TRUE,30,1.02254877663059,-0.138529670567131,0.323766180159551,Supported Duct2-Fibroblast,Supported Duct2-Fibroblast,1,0.561907956818215,0.860738331562877,0.571813419928501,0.577849146348233,0.487963650688813,0.682382265367202,moderate_evidence_composite
PC1_cellid_000161880-1,PC1_A2,PASC,PC1,doublet_certain,Fibroblast,Duct2,Duct2__Fibroblast,FALSE,FALSE,325.735278026187,349.201901191665,TRUE,spatially_supported_contact,Supported Duct2-Fibroblast doublet,442,371,11931.2610983985,18147.637488224,161880,TRUE,96.0541017432969,48.0003488083681,11.0589276502553,12.0082167758226,12.0081418012961,1.0000062434131,0.00353371830364774,89.8430256564783,0.523886240809308,0.827796404513722,0.851125651609931,0.666133980068412,1.38159738853373,11931.2872013652,18157.3,3265.0918814014,4968.88992927655,TRUE,16.0456500064477,20.0320441966448,4.51995089676749,5.99310962937011,4.02277221696914,1.48979591735585,0.741246534711416,7.79511602964212e-09,0.502477523068308,0.800822276180089,0.882192445461853,0.665548410853916,1.41072278204004,11931.275,18146.45,3265.08854240053,4965.92074025986,80.0084517368491,0.167048045982034,0.200549437667123,2.96919089412082,0.536976275214627,89.8430256486832,3.26948837674388,TRUE,TRUE,TRUE,TRUE,TRUE,FALSE,TRUE,PC1_A2,7.99778286991659,26.1397641592135,TRUE,TRUE,30,-0.0112907974812493,-0.200129888469834,0.147994619025897,Supported Duct2-Fibroblast,Supported Duct2-Fibroblast,1,0.541839087014865,0.388082325518482,0.595616945452924,0.595124703500053,0.223049839691684,0.58302954374806,moderate_evidence_composite
PC1_cellid_000161900-1,PC1_A2,PASC,PC1,doublet_certain,Duct2,Fibroblast,Duct2__Fibroblast,FALSE,FALSE,335.352113043836,377.921244238943,TRUE,spatially_supported_contact,Supported Duct2-Fibroblast doublet,404,334,11610.8035962159,18768.1147126693,161900,TRUE,84.1093562190383,44.0045614457997,10.348495466506,14.0022702711211,8.0182200032755,1.74630656936604,0.819808944664826,89.738377259804,0.545831730487083,0.874895324147503,0.877206010611591,0.749148448652656,1.35353849131084,11612.0083047945,18765.15,3177.71866546068,5135.23292870437,TRUE,11.9997887089634,15.9819068206196,3.90878568262813,4.02277221533791,3.99540641876438,1.00684931417482,0.116443826641156,179.999999982587,0.590372710795224,0.857421874954012,0.926777983245005,0.746598639572318,1.30147809319343,11604.7625,18783.45,3175.73579320142,5140.24086962652,72.1095675100749,0.142668892581781,0.16641049338734,5.38620967622528,1.04096478241666,89.7383772772166,3.21985489193895,TRUE,TRUE,TRUE,TRUE,TRUE,FALSE,TRUE,PC1_A2,17.0204917461671,9.90759133942032,TRUE,TRUE,30,0.113206629293225,0.157368449664406,0.199725450892547,Supported Duct2-Fibroblast,Supported Duct2-Fibroblast,1,0.47907862945592,0.335054423304978,0.564008277872242,0.558409197748173,0.301015875422717,0.582807342343234,moderate_evidence_composite
PC1_cellid_000162138-1,PC1_A2,PASC,PC1,doublet_certain,Duct2,Fibroblast,Duct2__Fibroblast,FALSE,FALSE,335.036392741063,363.140023641637,TRUE,spatially_supported_contact,Supported Duct2-Fibroblast doublet,492,434,11907.243100134,18940.8042018636,162138,FALSE,188.035756705339,60.0141529330485,15.4730268939674,16.0001188837221,14.0204726754053,1.14119682346134,0.481814875876279,89.7395664335837,0.656059071356801,0.92162141825126,0.884369388140247,0.838213357347819,1.23460641001363,11908.6540999689,18943.05,3258.8981527305,5183.91668225904,TRUE,31.9269193456434,24.0001472966831,6.375783579486,6.02053761902472,5.99304714944522,1.0045870599955,0.0954535562653799,89.7383772477436,0.696528778524817,0.941177119876803,0.950429525359703,0.884858946525215,1.19820317853438,11893.9914965986,18939.5,3254.88561440026,5182.94519645174,156.108837359695,0.16979174548156,0.204517052868919,4.12846806036241,0.533634185905239,0.00118918584007588,4.54862165724068,TRUE,TRUE,TRUE,TRUE,TRUE,FALSE,TRUE,PC1_A2,18.0189782537054,12.0321567341391,TRUE,TRUE,30,0.13566445260443,-0.149289297320494,0.209057064500171,Supported Duct2-Fibroblast,Supported Duct2-Fibroblast,1,0.891322095319658,0.610060622510141,0.632277242495768,0.647922999125745,0.315080001084482,0.680895020048694,moderate_evidence_composite
PC1_cellid_000162314-1,PC1_A2,PASC,PC1,doublet_certain,Fibroblast,Duct2,Duct2__Fibroblast,FALSE,FALSE,344.632970874497,370.887326034961,TRUE,spatially_supported_contact,Supported Duct2-Fibroblast doublet,331,299,11315.9828672543,18993.8940193414,162314,TRUE,67.9266599159811,51.9684614458878,9.2998338451181,13.9976639390616,10.0091922489194,1.39848087509217,0.699061427892325,179.804452025948,0.316060632632457,0.693547277142942,0.760486460202554,0.484825737194572,1.77874952583255,11313.2,18996.5,3095.9473901897,5198.54370096336,TRUE,23.9995774179295,32.0187326576003,5.5278577247828,8.00913981884509,6.0022524813517,1.33435570064355,0.662088839799403,179.739566465901,0.294174607589099,0.666153926089112,0.728404147325081,0.499233200538022,1.84373036527847,11316.85,18989.15,3096.94624179439,5196.53231485528,43.9270824980516,0.353316024136643,0.546350361727995,2.24574678090724,0.482964924638194,0.0648855600465481,1.88598806016765,TRUE,TRUE,TRUE,TRUE,TRUE,FALSE,TRUE,PC1_A2,16.400167128941,8.09687894459702,TRUE,TRUE,30,0.020077319850309,0.0145681524068233,0.161028613749271,Supported Duct2-Fibroblast,Supported Duct2-Fibroblast,1,0.39545417222813,0.49921229286487,0.492453100167985,0.519041502138072,0.242694002788466,0.552259056872474,moderate_evidence_composite
PC1_cellid_000162578-1,PC1_A2,PASC,PC1,doublet_certain,Duct2,Fibroblast,Duct2__Fibroblast,FALSE,FALSE,306.762788429099,335.324072176322,TRUE,spatially_supported_contact,Supported Duct2-Fibroblast doublet,409,332,11906.5788522454,18017.2632731798,162578,TRUE,63.9908849879068,35.9864606304849,9.02639048951477,10.0023392018368,8.0044954175296,1.24959022107907,0.599650048273202,179.607569287635,0.620940105535205,0.889101616955359,0.89255502539792,0.799249876367086,1.26903951216312,11905.2083514944,18018.65,3257.95519618443,4930.94725119698,TRUE,8.03667941025878,16.0371044499604,3.19884635978353,5.65049047492732,2.84459533198901,1.98639518456231,0.86403922052215,44.6102388229419,0.392676211911336,0.665148134333434,0.853045410751348,0.499999999730673,1.59581558879566,11897.8753424658,18015,3255.94845979115,4929.94839959229,55.954205577648,0.125591002695488,0.143629586477998,2.24158325303984,0.496673227394046,45.0026695353069,2.91377206486562,TRUE,TRUE,TRUE,TRUE,TRUE,FALSE,TRUE,PC1_A2,5.84602045313104,22.0166497485448,TRUE,TRUE,30,0.526213016065401,-0.481420103160542,0.192407618204742,Supported Duct2-Fibroblast,Supported Duct2-Fibroblast,1,0.375825316485489,0.286848592296458,0.568369795933657,0.556287162460391,0.289986816267398,0.563184027141675,moderate_evidence_composite
PC1_cellid_000162581-1,PC1_A2,PASC,PC1,doublet_certain,Duct2,Fibroblast,Duct2__Fibroblast,FALSE,FALSE,236.846517453469,258.577006034657,TRUE,spatially_supported_contact,Supported Duct2-Fibroblast doublet,251,231,11755.8672849433,18057.3686403304,162581,TRUE,44.0087111665181,35.9863665529787,7.48556152670184,9.98851604487302,8.01817863451046,1.24573378777982,0.596329549879885,90,0.427043892889084,0.732819144283807,0.843792556964734,0.549492730042868,1.53025477058939,11751.8834474886,18055.75,3215.99661360763,4941.09996202822,TRUE,15.9906068217444,19.9773132393859,4.51219159054188,5.99310962937011,4.02277221696914,1.48979591735585,0.741246534711416,7.79510855863919e-09,0.503501362797406,0.80027359778124,0.88380689948699,0.663265305832124,1.40928774219831,11750.025,18048.45,3215.48803463333,4939.10225881884,28.0181043447736,0.363350945625434,0.570724079661728,2.06142443128019,0.550773490651069,89.9999999922049,1.48668496807998,TRUE,TRUE,TRUE,TRUE,TRUE,FALSE,TRUE,PC1_A2,9.00343592859508,10.9874171999769,TRUE,TRUE,30,0.0503627373151514,-0.273072897884563,0.173612727971352,Supported Duct2-Fibroblast,Supported Duct2-Fibroblast,1,0.283329087993751,0.387339400179624,0.394318918015082,0.427264603450166,0.261660129248819,0.50958700907286,moderate_evidence_composite
PC1_cellid_000162746-1,PC1_A2,PASC,PC1,doublet_certain,Duct2,Fibroblast,Duct2__Fibroblast,FALSE,FALSE,321.378898149961,346.262447221765,TRUE,spatially_supported_contact,Supported Duct2-Fibroblast doublet,487,429,11773.6033005707,18006.8899005986,162746,TRUE,91.9269862207778,52.0226682302727,10.818737176058,16.8718354056936,9.0122414141984,1.87210202491797,0.845384081904875,168.388513577377,0.426842485040515,0.765539004588411,0.834137310290988,0.604571785551295,1.53061575755155,11769.9418949772,18008.15,3220.93845175892,4928.07384247116,TRUE,24.0272862319998,24.0001164114907,5.5310479100486,8.00913981802088,4.00456990171682,2.00000000227592,0.86602540431021,179.739566396776,0.524188983686275,0.857562879190175,0.902481519036754,0.749139967538001,1.38119836298358,11769.9996575342,18011.85,3220.95425894325,4929.08637697454,67.8996999887779,0.261373588074351,0.353864394576593,1.01265788281204,0.187204451769293,11.3510528193989,2.64384463300469,TRUE,TRUE,TRUE,TRUE,TRUE,FALSE,TRUE,PC1_A2,6.40318723785832,21.2103879299166,TRUE,TRUE,30,-0.367460388812933,-0.339557731479722,0,Supported Duct2-Fibroblast,Supported Duct2-Fibroblast,1,0.520203219821816,0.49960614618806,0.628840602038931,0.644125588754014,0,0.539062997827839,moderate_evidence_composite
PC1_cellid_000162786-1,PC1_A2,PASC,PC1,doublet_certain,Fibroblast,Duct2,Duct2__Fibroblast,FALSE,FALSE,267.079524115259,288.587528792245,TRUE,spatially_supported_contact,Supported Duct2-Fibroblast doublet,325,276,11947.0557587584,18062.525570214,162786,TRUE,68.1187493972964,39.9547201969803,9.31297404004448,10.0159168284508,10.0091691373875,1.00067415069446,0.0367006774057287,89.8037823347181,0.536216708928252,0.872246062370321,0.875205672946858,0.679481956193458,1.36561987388492,11945.5685787671,18065.95,3269.00009420555,4943.89127336188,TRUE,16.0183156358114,16.0092719870852,4.51609930222583,4.02286529007362,3.99550013696042,1.00684899247149,0.116441119873803,179.607569267553,0.785386704395105,0.999999999953116,0.999999999829063,0.996575502169615,1.12838739794563,11938.2748287671,18069.65,3267.0041013585,4944.90380786527,52.100433761485,0.235152814389391,0.307450715402265,2.23812724526693,0.480647155427863,89.8037869328353,2.39843736890932,TRUE,TRUE,TRUE,TRUE,TRUE,FALSE,TRUE,PC1_A2,5.00765869070756,7.06367998736006,TRUE,TRUE,30,-0.367460388812933,-0.188264841086971,0,Supported Duct2-Fibroblast,Supported Duct2-Fibroblast,1,0.396421433374042,0.387713324540897,0.485857905783408,0.490408013148174,0,0.475539201943476,moderate_evidence_composite
