CellID,MatchKey,Condition,Chip,spot_class,first_type,second_type,doublet_pair,first_class,second_class,min_score,singlet_score,both_types_supported,contact_evidence,duct2_fib_status,nCount_Spatial.Polygons,nFeature_Spatial.Polygons,x,y,cell_id,geometry_valid_before_repair_cell,area_um2_cell,perimeter_um_cell,equivalent_diameter_um_cell,major_axis_um_cell,minor_axis_um_cell,aspect_ratio_cell,eccentricity_cell,orientation_deg_cell,circularity_cell,solidity_cell,convexity_cell,extent_rotated_cell,boundary_complexity_cell,centroid_x_px_cell,centroid_y_px_cell,centroid_x_um_cell,centroid_y_um_cell,geometry_valid_before_repair_nuc,area_um2_nuc,perimeter_um_nuc,equivalent_diameter_um_nuc,major_axis_um_nuc,minor_axis_um_nuc,aspect_ratio_nuc,eccentricity_nuc,orientation_deg_nuc,circularity_nuc,solidity_nuc,convexity_nuc,extent_rotated_nuc,boundary_complexity_nuc,centroid_x_px_nuc,centroid_y_px_nuc,centroid_x_um_nuc,centroid_y_um_nuc,cytoplasm_area_um2,nucleus_fraction,nc_ratio,nucleus_centroid_displacement_um,nucleus_centroid_displacement_norm,cell_nucleus_orientation_difference_deg,cytoplasm_thickness_proxy_um,morph_qc_positive_geometry,morph_qc_nucleus_nested,morph_qc_shape_range,morph_qc_size_range,morph_qc_pass,is_singlet,is_doublet,sample,nearest_first_type_distance,nearest_second_type_distance,first_type_supported,second_type_supported,support_radius,Duct2_program,Fibroblast_program,program_overlap,stg_pair_display,display_class,max_constituent_distance,KRT19,COL1A1
PC1_cellid_000152206-1,PC1_A2,PASC,PC1,doublet_certain,Fibroblast,Duct2,Duct2__Fibroblast,FALSE,FALSE,242.808095823689,264.999882095292,TRUE,spatially_supported_contact,Supported Duct2-Fibroblast doublet,229,212,11087.8708103312,18828.1221176338,152206,TRUE,80.0365349943545,48.0280649377002,10.0948343908353,14.4132805357347,8.87498894023128,1.6240336329833,0.787940961721089,123.56969840868,0.436021559843697,0.784358911312224,0.804437396575615,0.625687701141231,1.51441888863532,11086.0335242839,18829.2,3033.78147270997,5152.76072193189,TRUE,27.9903955307038,23.973063275781,5.96979718771672,6.02047542635133,5.99310962896243,1.00456620958635,0.0952378492653604,89.9999999883605,0.612028767720367,0.875203428109234,0.903168997159999,0.775757575530775,1.27824493844161,11089.65,18818.25,3034.77115012704,5149.76416711782,52.0461394636507,0.34972023125665,0.537799648807276,3.15575698424433,0.625222139524564,33.56969842032,2.06251860155931,TRUE,TRUE,TRUE,TRUE,TRUE,FALSE,TRUE,PC1_A2,28.8697105181395,12.3322116826671,TRUE,TRUE,30,-0.367460388812933,-0.730609930882624,0,Supported Duct2-Fibroblast,Supported Duct2-Fibroblast,28.8697105181395,0,0
PC1_cellid_000152252-1,PC1_A2,PASC,PC1,singlet,Fibroblast,Bcell,,FALSE,FALSE,163.958480920174,172.607309680067,,,Fibroblast singlet,163,142,11755.0467509068,18593.1643266213,152252,TRUE,100.100337484208,48.0003737997086,11.2894511879998,14.0182115146716,10.0090988468599,1.40054681498492,0.700138728011834,89.8044520235197,0.54595414406784,0.862052175029074,0.843289057373493,0.713424393772427,1.35338673795743,11757.4940273038,18585.65,3217.53199351219,5086.11132239147,TRUE,24.0276606754347,24.0001166954802,5.53109100805993,8.01822000123557,4.00461155906589,2.0022466292902,0.86634907093046,89.7383772510154,0.524197140290048,0.856728971939792,0.902951496699535,0.748295485992393,1.38118761709169,11750.15,18581.95,3215.52224188006,5085.09878788809,76.0726768087736,0.240035760886669,0.315851389490017,2.25040612853977,0.398674140501199,0.0660747725043791,2.87918008996992,TRUE,TRUE,TRUE,TRUE,TRUE,TRUE,FALSE,,,,,,,-0.367460388812933,0.246136244298119,0,Fibroblast singlet,Fibroblast singlet,,0,5.91106262359492
PC1_cellid_000152253-1,PC1_A2,PASC,PC1,singlet,Duct2,Fibroblast,,FALSE,FALSE,520.768749712139,540.151923153797,,,Duct2 singlet,850,735,11483.3599059867,18674.2811884806,152253,TRUE,143.808370573741,59.9867467194717,13.5315373952266,15.9908308169981,14.0022702731605,1.14201700880778,0.4829576684363,89.7383772495839,0.502207750524442,0.827199927627605,0.814304419711908,0.642265628408407,1.41110163306758,11483.7002559727,18663.4,3142.60614478657,5107.38822986127,TRUE,76.0726768087745,35.9864045187166,9.84168381867601,9.99546272738662,8.0182253340956,1.24659289400011,0.597073536100274,89.804452024483,0.738178934112312,0.97444014368989,0.968015739989388,0.949177723901298,1.16390940146588,11480.0951369863,18670.7,3141.61957522913,5109.38593307065,67.7356937649668,0.528986431735394,1.12308109017832,2.22803447110772,0.329309878506575,0.0660747748990644,1.8449267882753,TRUE,TRUE,TRUE,TRUE,TRUE,TRUE,FALSE,,,,,,,0.743129048495401,-0.637406109439018,0.132650636025799,Duct2 singlet,Duct2 singlet,,2.54668400948424,3.59165567984917
PC1_cellid_000152270-1,PC1_A2,PASC,PC1,singlet,Duct2,Myeloid,,FALSE,FALSE,382.683440662467,385.255926010896,,,Duct2 singlet,540,450,11205.7746444453,18004.8783149942,152270,TRUE,91.9816549620461,51.968679940219,10.8219536354515,16.0090850304562,10.0091339320004,1.59944757806629,0.780451871149885,179.80411775629,0.427984176443992,0.851466719346858,0.835891149633268,0.574034781111472,1.52857285747715,11203.575,18010.25,3065.94763480223,4928.64852421632,TRUE,48.0545724640034,28.0227948818134,7.82208296852639,8.02513679382078,5.99316812058098,1.33904750020235,0.665049254833881,179.804452014526,0.768991759505277,0.999999999984436,0.999999999902345,0.999138773745349,1.14035259938343,11199.9,18003,3064.94194174819,4926.66450390563,43.9270824980426,0.522436484520828,1.09396230571892,2.22435498789231,0.411081965181362,0.000334258236165397,1.49993533346256,TRUE,TRUE,TRUE,TRUE,TRUE,TRUE,FALSE,,,,,,,1.33106024338355,-0.816185676362204,0.0641616244184666,Duct2 singlet,Duct2 singlet,,2.97136368253703,2.97136368253703
PC1_cellid_000152277-1,PC1_A2,PASC,PC1,singlet,Fibroblast,Tcell,,FALSE,FALSE,254.877474045917,263.034441953119,,,Fibroblast singlet,283,246,11766.2010007888,18333.1528713572,152277,TRUE,112.182129305083,52.1054898601322,11.9513481768303,14.0296566547299,12.0137097271306,1.16780386493365,0.51646520153219,89.7389731871304,0.519238129371699,0.874863483715151,0.85540794393115,0.665578832929523,1.3877674967805,11763.8247722096,18326.05,3219.26445233631,5015.06971237015,TRUE,35.9181119018579,23.9726884272439,6.7625705501435,5.99317210698157,5.99317210616548,0.999999999679553,1.65026912400243e-05,89.7383772606221,0.785398163396441,0.999999999979127,0.999999999885846,1.00000000005841,1.12837916656438,11760.2,18337.1,3218.27250451764,5018.09363298161,76.2640174032246,0.3201767707669,0.470970624419656,3.18246073650641,0.532569327592759,0.000595926508381695,2.59438881334339,TRUE,TRUE,TRUE,TRUE,TRUE,TRUE,FALSE,,,,,,,-0.367460388812933,0.139906710588552,0,Fibroblast singlet,Fibroblast singlet,,0,5.6478662737766
PC1_cellid_000152283-1,PC1_A2,PASC,PC1,singlet,Duct2,Endothelium,,FALSE,FALSE,250.230990175663,250.873618264824,,,Duct2 singlet,278,259,11357.3744910413,18711.7384042035,152283,TRUE,64.0185938019782,39.9546889640283,9.02834454520961,10.002339201533,10.0021517689108,1.00001873895636,0.00612187932577102,89.6075692923537,0.503941919827404,0.8006874944312,0.854757876996621,0.639898529268005,1.40867159294588,11359.6542237443,18711.3,3108.6599589381,5120.4964468105,TRUE,24.0272862320001,24.0001785354049,5.53104791004863,6.00683906517879,6.00683906411036,0.999999999722291,1.88610031415561e-05,89.6075692860376,0.524186269987364,0.800548936415716,0.85372265724869,0.665905695002232,1.38120193819325,11352.3628424658,18711.35,3106.66461431057,5120.51012970919,39.9913075699781,0.375317307071254,0.600812718712642,1.9953915416101,0.442028220610734,6.31609964329982e-09,1.74864831758049,TRUE,TRUE,TRUE,TRUE,TRUE,TRUE,FALSE,,,,,,,0.695991553056929,-0.983669293915148,0,Duct2 singlet,Duct2 singlet,,3.61013985386154,0
PC1_cellid_000152292-1,PC1_A2,PASC,PC1,singlet,Fibroblast,Myeloid,,FALSE,FALSE,336.408279674996,347.53265127013,,,Fibroblast singlet,417,297,11778.167603586,18789.3102001504,152292,TRUE,175.980924811673,64.0098960415687,14.9688300340837,16.0254257804108,15.992736897485,1.00204398286505,0.0638393808237079,89.8430256513426,0.539735788492497,0.854409668689995,0.859144418584695,0.686646524140105,1.36116067006585,11776.5301369863,18793.8,3222.74137671862,5143.07322965626,TRUE,31.9815880869175,23.9999915856439,6.38123989955669,8.01822533409511,3.99547654920824,2.00682577656279,0.867005045089002,179.804452023725,0.697730504411715,0.999999999976556,0.999999999885976,0.99828186671755,1.19717088002886,11780.1748287671,18786.45,3223.73877568681,5141.06184354818,143.999336724756,0.181733265234999,0.222095384687966,2.24510106175652,0.299970145114183,89.9614263723823,4.29379506726353,TRUE,TRUE,TRUE,TRUE,TRUE,TRUE,FALSE,,,,,,,-0.367460388812933,1.00656807515243,0,Fibroblast singlet,Fibroblast singlet,,0,6.17506925313548
PC1_cellid_000152293-1,PC1_A2,PASC,PC1,singlet,Duct2,Endothelium,,FALSE,FALSE,600.524046918292,606.572298360386,,,Duct2 singlet,988,819,11321.9204382692,18611.6067773556,152293,TRUE,175.817667474727,68.0053625653419,14.9618851383079,18.0160036693225,15.981708981941,1.12728893302933,0.46160799303383,179.738377252539,0.477733897215476,0.829506829758309,0.827751356237512,0.610633792248078,1.44679490674824,11328.2508561645,18612.85,3100.06617699294,5093.55481928123,TRUE,44.090714278421,32.0456608437988,7.49253234727118,8.0091398146117,8.00913981244466,0.999999999928888,2.32624260508378e-05,179.739566391045,0.539533647900176,0.846269943929035,0.853074321035454,0.68734595995608,1.36141563075874,11315.4415525114,18616.4,3096.56080890834,5094.52630508853,131.726953196306,0.250775220199364,0.334712928563433,3.63749777764303,0.486235222253824,0.00118913850607782,3.73467639551838,TRUE,TRUE,TRUE,TRUE,TRUE,TRUE,FALSE,,,,,,,0.329904672587269,-0.983669293915148,0,Duct2 singlet,Duct2 singlet,,0,0
PC1_cellid_000152340-1,PC1_A2,PASC,PC1,singlet,Fibroblast,Bcell,,FALSE,FALSE,218.819462751553,227.362158943433,,,Fibroblast singlet,153,138,11793.926459889,18412.1262038347,152340,TRUE,83.8906812539433,44.0595885995484,10.3350342431602,12.0137097263732,10.0068015203753,1.20055441277876,0.553350515469364,89.738973197636,0.543053616043303,0.839444419459256,0.888201413848669,0.697816607251805,1.35699624192238,11793.4414009112,18420.95,3227.36927894018,5041.03985409212,TRUE,23.9722430472953,23.9999917381536,5.52470884516269,6.0204754247206,5.99310962855474,1.00456620938259,0.0952378471548655,89.9999999961249,0.522993572903164,0.800182481731854,0.887652590408971,0.664393939424937,1.38277597033389,11789.75,18417.35,3226.35909764603,5040.05468538612,59.918438206648,0.285755732175687,0.400081239778288,1.41103636605808,0.273058865627143,0.261026798488928,2.40516269899874,TRUE,TRUE,TRUE,TRUE,TRUE,TRUE,FALSE,,,,,,,-0.367460388812933,0.326111601249728,0,Fibroblast singlet,Fibroblast singlet,,0,0
PC1_cellid_000152348-1,PC1_A2,PASC,PC1,singlet,Duct2,Myeloid,,FALSE,FALSE,386.114749339474,388.923776569436,,,Duct2 singlet,543,453,11290.3225145587,18600.4369531571,152348,TRUE,119.917381751481,63.9822651610937,12.3565186256926,19.664747300212,11.6228251263628,1.69190769729285,0.806635807599239,116.329912499003,0.368105900553342,0.768974956175618,0.794949204550761,0.52466496428118,1.64821404417386,11289.85,18605.55,3089.55747649942,5091.55711607184,TRUE,44.1457574631313,28.0229353268215,7.49720775584792,8.0182253340961,6.02053376093534,1.33181303333573,0.660465782693228,89.8044520237285,0.706433991374431,0.956754256391387,0.958926554069892,0.914483175655756,1.18977326507611,11286.1438566553,18594.65,3088.54326082077,5088.57424415647,75.77162428835,0.368134767576383,0.582615957780023,3.15058063003964,0.509946323940992,26.5254604752743,2.42965543492235,TRUE,TRUE,TRUE,TRUE,TRUE,TRUE,FALSE,,,,,,,0.993981526239148,-0.816481912524907,0.0640481387313994,Duct2 singlet,Duct2 singlet,,2.96610809164301,2.96610809164301
PC1_cellid_000152361-1,PC1_A2,PASC,PC1,singlet,Fibroblast,Myeloid,,FALSE,FALSE,268.333043775632,276.371793293198,,,Fibroblast singlet,275,252,11762.0856470044,18414.599507552,152361,TRUE,112.154794934446,48.0001923930015,11.9498920514873,14.0182349439698,10.0159168281338,1.39959578146293,0.699643602897122,89.8037823418073,0.611704609931748,0.933561900006618,0.902882038055007,0.798792174687979,1.27858358113326,11760.5417708756,18421.15,3218.36603284298,5041.0945856869,TRUE,36.0544093116007,28.0234799023024,6.77538926539263,8.01834495930481,6.01141578117126,1.33385299695446,0.661769000851819,179.738377249912,0.576931325663638,0.857036048048836,0.874422665929661,0.747991876856974,1.31655176471517,11764.1623287671,18417.5,3219.35682737993,5040.09573408221,76.1003856228451,0.321470065809132,0.473774331256996,1.40690381427717,0.235467200182347,89.9345949081048,2.58725139304733,TRUE,TRUE,TRUE,TRUE,TRUE,TRUE,FALSE,,,,,,,-0.367460388812933,0.458497159511521,0,Fibroblast singlet,Fibroblast singlet,,0,5.20849211697428
PC1_cellid_000152362-1,PC1_A2,PASC,PC1,singlet,Fibroblast,Duct2,,FALSE,FALSE,204.310016735511,221.999183003653,,,Fibroblast singlet,201,181,11984.1868216174,18340.4018135471,152362,TRUE,56.0635430601913,36.0410647299808,8.44880583527626,10.0068223824094,8.01822019407579,1.24801042335899,0.598295745859856,89.7395664382859,0.542369400639595,0.847872744045837,0.859487781802277,0.698725142083208,1.35785191795043,11983.1334090909,18339.9,3279.2800095614,5018.8598753085,TRUE,32.008922457552,28.0228551391116,6.38396631079117,7.99081283793693,6.02047542553596,1.32727272673709,0.657534246619355,90,0.512219555422093,0.79986526062146,0.831987304853153,0.665348692359184,1.39724293506218,11979.475,18339.9,3278.27885674193,5018.8598753085,24.0546206026393,0.570940056668859,1.33067667010858,1.00115281947092,0.236992738765727,0.260433561714123,1.03241976224254,TRUE,TRUE,TRUE,TRUE,TRUE,TRUE,FALSE,,,,,,,0.65587957676477,-0.338682947344336,0.247089072521577,Fibroblast singlet,Fibroblast singlet,,3.92693612562344,0
PC1_cellid_000152369-1,PC1_A2,PASC,PC1,singlet,Fibroblast,Myeloid,,FALSE,FALSE,184.394344457183,202.123890279226,,,Fibroblast singlet,153,134,11535.2582867662,18371.5245055756,152369,TRUE,39.9366388287042,31.9915142826764,7.13084201483331,10.0050852277141,5.99864268535325,1.66789151278822,0.800330276277922,179.686053664845,0.490356323157236,0.832950658344091,0.878650763267454,0.665422872370667,1.42805228953852,11537.4625046279,18374.45,3157.31861282522,5028.31475830633,TRUE,24.0272862319985,20.0046471671283,5.53104791004844,6.00216898737917,4.02285523345848,1.49201714577635,0.742150215653181,179.73837723364,0.754488794832287,0.999999999968832,0.999999999863203,0.995089398065044,1.15126049580633,11533.799829932,18370.8,3156.31629268892,5027.31590670164,15.9093525967057,0.601635163365643,1.51026172000683,1.41504423387789,0.396879983307882,0.0523235687945203,0.799897052392436,TRUE,TRUE,TRUE,TRUE,TRUE,TRUE,FALSE,,,,,,,-0.367460388812933,0.267182002720516,0,Fibroblast singlet,Fibroblast singlet,,0,5.28360177830041
PC1_cellid_000152370-1,PC1_A2,PASC,PC1,singlet,Duct2,Myeloid,,FALSE,FALSE,379.646984576223,385.746185088183,,,Duct2 singlet,500,439,11111.4312634365,18364.0902043415,152370,TRUE,75.8813362143252,39.9819916394642,9.82929895645784,10.0022340104029,9.99539259832,1.00068445629095,0.0369798454430858,89.8037823318548,0.596507606285264,0.883796490118571,0.873536489018956,0.758993579134661,1.29476814780126,11109.9000011649,18365.1,3040.31272441704,5025.75605625048,TRUE,15.9640213379735,15.9820005445993,4.50843911575878,3.99550013738656,3.99550013687081,0.999999999444167,1.60675290255411e-05,89.60756928943,0.785398163395157,0.999999999953167,0.999999999828771,0.999999999463125,1.12837916629883,11113.55,18365.05,3041.31157570296,5025.74237335178,59.9173148763516,0.21038139458667,0.266434191322714,0.998945000038306,0.203258645897511,0.196213042424745,2.66042992034953,TRUE,TRUE,TRUE,TRUE,TRUE,TRUE,FALSE,,,,,,,1.07856807475622,-0.757273246596301,0.0867305015865532,Duct2 singlet,Duct2 singlet,,3.04452243772342,0
PC1_cellid_000152407-1,PC1_A2,PASC,PC1,singlet,Fibroblast,Myeloid,,FALSE,FALSE,458.308602833081,463.493224599808,,,Fibroblast singlet,646,460,11662.3150906497,18614.8770320104,152407,TRUE,215.971857938217,67.9226744661009,16.5826388152448,17.9999351144552,16.0159264382374,1.12387723437624,0.456395739468327,89.8037823485214,0.588271044633288,0.89256798162536,0.84395554427943,0.74915927279711,1.30380086157198,11658.95,18622.45,3190.56463466148,5096.18193583055,FALSE,48.0822812780709,31.9911163302637,7.82433779462001,8.00909816688051,8.00909816414155,1.0000000000003,2.6152671377772e-05,89.7383772605278,0.590386119951416,0.889284403403292,0.890861782513659,0.749579725364929,1.3014633137181,11662.5540257199,18607.8,3191.55090503782,5092.17284651309,167.889576660146,0.222632160203018,0.286392295648815,4.12862282251691,0.497945214092454,0.0654050879936108,4.37915051031239,TRUE,TRUE,TRUE,TRUE,TRUE,TRUE,FALSE,,,,,,,-0.367460388812933,0.909582569727231,0,Fibroblast singlet,Fibroblast singlet,,0,6.26779959009282
PC1_cellid_000152414-1,PC1_A2,PASC,PC1,singlet,Fibroblast,Myeloid,,FALSE,FALSE,375.042146255464,381.124112787067,,,Fibroblast singlet,467,323,11681.9186420558,18835.7800684143,152414,TRUE,119.972050492752,51.9956858701666,12.3593348910989,14.0045753971065,12.0136084838148,1.16572596924428,0.513925970535239,179.804452024028,0.557641803383152,0.86910797357484,0.844370662188015,0.713077381658631,1.3391287632345,11681.6667808219,18837.95,3196.78126287446,5155.15522920342,TRUE,27.9638100469408,24.0000542234106,5.9669614355405,6.0205216434928,5.99315648814147,1.00456606675571,0.095236369885871,89.6075692984965,0.610072939211537,0.874361916338004,0.90215004047052,0.775008746077641,1.28029225707428,11689,18837.95,3198.78805677681,5155.15522920342,92.0082404458114,0.233086039037895,0.303927234217363,2.00679390235064,0.32474140668338,89.8031172744681,3.19618672777923,TRUE,TRUE,TRUE,TRUE,TRUE,TRUE,FALSE,,,,,,,0.058310204496523,1.17787588400007,0.176915037899974,Fibroblast singlet,Fibroblast singlet,,0,6.46676395228646
PC1_cellid_000152420-1,PC1_A2,PASC,PC1,singlet,Fibroblast,Myeloid,,FALSE,FALSE,237.545578253719,250.637273792969,,,Fibroblast singlet,234,217,11551.3003857744,18105.2742624955,152420,TRUE,68.0086630278846,43.9774049435252,9.30544567184565,12.9660331992381,9.01891139862203,1.43764947034349,0.718448798041181,11.129189288616,0.441890743320369,0.755311583800111,0.843325638894673,0.581571328278254,1.50432803017667,11551.091609589,18107.65,3161.04832607479,4955.30281087301,TRUE,32.009296900989,23.9728446154784,6.38400365080628,6.01141577913183,6.00229394407525,1.00151972435886,0.0550684569730033,179.738377258231,0.69991750907846,0.941319620302184,0.951987403356095,0.887119463760769,1.19529904032654,11554.7331050228,18107.6,3162.04485033713,4955.28912797432,35.9993661268956,0.470664992828312,0.889162791902129,0.996618195266309,0.214201066401289,11.3908120303853,1.46072101051968,TRUE,TRUE,TRUE,TRUE,TRUE,TRUE,FALSE,,,,,,,-0.367460388812933,0.119073047165493,0,Fibroblast singlet,Fibroblast singlet,,0,5.55067114056188
PC1_cellid_000152428-1,PC1_A2,PASC,PC1,singlet,Fibroblast,Tcell,,FALSE,FALSE,184.092756485778,185.802535931931,,,Fibroblast singlet,171,131,11785.2286925687,18484.4223703577,152428,TRUE,92.0086148892503,44.0048016968666,10.8235394826878,12.0137097252459,10.0159023862471,1.19946353894778,0.552208507112946,179.738377253962,0.597087831397419,0.883926644309215,0.881971961473571,0.764647503924725,1.29413889402398,11782.7001131175,18490.5,3224.42983988562,5060.07276617603,TRUE,28.0181043447764,27.9962078222996,5.97275132751108,8.00922312017136,6.01141578221381,1.33233557728988,0.660800422172982,179.738377258085,0.449210806034778,0.777679620009459,0.862024940820875,0.581931128265901,1.49202088486383,11786.3375,18483.15,3225.42523981013,5058.06138006795,63.9905105444739,0.304516097492135,0.437847801213043,2.24421368980181,0.414691273449781,4.12313738706871e-09,2.42539407758837,TRUE,TRUE,TRUE,TRUE,TRUE,TRUE,FALSE,,,,,,,0.237067881227551,0.109476406526987,0.251191941121413,Fibroblast singlet,Fibroblast singlet,,4.08563225612294,7.06526372372322
PC1_cellid_000152437-1,PC1_A2,PASC,PC1,singlet,Fibroblast,Tcell,,FALSE,FALSE,141.171903847105,145.223694806324,,,Fibroblast singlet,119,106,11889.4979026483,18424.2833335563,152437,TRUE,55.9815399482794,35.9590951104923,8.44262461781409,10.0067805491498,8.00909816414139,1.24942663214359,0.599510189685488,89.7383772597751,0.544047972410497,0.848386144896802,0.860463795171145,0.698500704616988,1.35575558380576,11888.454109589,18424.3,3253.37026429058,5041.95660830465,TRUE,28.0184787882079,23.97290709292,5.97279123831309,6.00683906614932,6.00683906614833,0.999999999544588,5.75771304558565e-07,179.60756928904,0.612650809707312,0.87532315608874,0.903172946182146,0.776519845015769,1.27759585421747,11884.8,18424.3,3252.37028806408,5041.95660830465,27.9630611600715,0.500494963323425,1.00198181514532,0.99997622650244,0.23688752476892,89.8691920292651,1.2349166897505,TRUE,TRUE,TRUE,TRUE,TRUE,TRUE,FALSE,,,,,,,-0.367460388812933,-0.042615360251248,0,Fibroblast singlet,Fibroblast singlet,,0,4.44304663061823
PC1_cellid_000152456-1,PC1_A2,PASC,PC1,singlet,Fibroblast,Bcell,,FALSE,FALSE,221.771593392847,229.420327495033,,,Fibroblast singlet,214,153,11772.0462464673,18657.5896142736,152456,TRUE,88.0177967764689,44.0322858416367,10.586205150868,12.0135850544984,10.015881843485,1.19945355176394,0.552198026459911,9.72408997768071e-09,0.570476677773546,0.862344361039337,0.850165027763451,0.731490471394641,1.3239788659584,11772.3665525114,18654.95,3221.60197862711,5105.07581998191,TRUE,31.9272937890812,23.9727509046865,6.37582096742338,6.00229394383147,5.99317210681086,1.00152203776519,0.0551102596708356,89.7383772709503,0.698129881362007,0.9411777691718,0.951185099544242,0.887540335205074,1.19682840016401,11768.6918949772,18655,3220.59637929156,5105.08950288061,56.0905029873876,0.36273679817886,0.569210331213614,1.00569242086452,0.190000553481067,89.7383772612262,2.10519209172229,TRUE,TRUE,TRUE,TRUE,TRUE,TRUE,FALSE,,,,,,,-0.367460388812933,0.217734892722374,0,Fibroblast singlet,Fibroblast singlet,,0,5.79332698530792
PC1_cellid_000152531-1,PC1_A2,PASC,PC1,singlet,Duct2,Fibroblast,,FALSE,FALSE,610.272300140917,621.93167887281,,,Duct2 singlet,1000,805,11436.7878583664,18694.6562712633,152531,TRUE,135.962657314501,60.0149871724811,13.1572425644623,16.9900390816564,12.7229472873283,1.33538548060508,0.66274241620441,134.607569289247,0.47436219811332,0.839206060854347,0.804947904587591,0.628981016899406,1.45192760853788,11436.3541804978,18692.75,3129.64951370056,5115.42009139488,TRUE,51.9903473920709,32.0186074240956,8.1361026446391,8.01817863532533,7.99081283997634,1.00342465693429,0.0825487110730386,89.9999999883437,0.637276207670973,0.896741692758182,0.889743381658962,0.811439290925307,1.25266847360332,11436.3,18685.45,3129.63468677531,5113.4223881855,83.9723099224299,0.382386961355029,0.619136801570733,1.99775823124008,0.303674302334333,44.6075693009037,2.51056995991159,TRUE,TRUE,TRUE,TRUE,TRUE,TRUE,FALSE,,,,,,,1.30942506058932,-0.210818583067324,0.296072880234318,Duct2 singlet,Duct2 singlet,,2.39789527279837,3.71357206670431
PC1_cellid_000152537-1,PC1_A2,PASC,PC1,singlet,Duct2,Myeloid,,FALSE,FALSE,240.338385648675,245.278158393593,,,Duct2 singlet,300,277,11338.7046551193,18388.0894401377,152537,TRUE,68.0094119147498,39.9823983724538,9.30549690581015,10.0069055031416,10.0067805471122,1.00001248686251,0.00499737973271731,89.7383772588841,0.534615073365078,0.82933645046823,0.835948200144964,0.679164293471604,1.36766395172202,11336.5752283105,18389.85,3102.34420780832,5032.5290911042,TRUE,24.0549950460715,23.973063275781,5.53423625634709,8.0182200032745,4.01373339820049,1.99769621006779,0.865692241031141,89.7383772510179,0.525978597173344,0.857703604783571,0.903173577003767,0.747444208836169,1.37884663482698,11340.1832191781,18386.15,3103.33156327895,5031.51655660082,43.9544168686784,0.353700971163925,0.547271395101596,1.41424783751765,0.303959659283757,7.86624809734349e-09,1.88563032473153,TRUE,TRUE,TRUE,TRUE,TRUE,TRUE,FALSE,,,,,,,-0.367460388812933,-0.783977843956455,0,Duct2 singlet,Duct2 singlet,,0,0
PC1_cellid_000152554-1,PC1_A2,PASC,PC1,singlet,Duct2,Myeloid,,FALSE,FALSE,397.041582800465,400.393234757521,,,Duct2 singlet,534,454,11406.8430734706,18984.8251946737,152554,TRUE,88.0455055905428,48.0008256379521,10.5878713372462,12.7487666710451,11.0842528029375,1.1501692441117,0.494043363943211,33.5696984231008,0.480197219107218,0.800046954102077,0.804981430719594,0.623063910678383,1.44307924173595,11408.1746598639,18985.15,3121.93796317877,5195.43768295973,TRUE,52.0727249474091,32.046095291484,8.14254583070666,8.01817863654938,8.01817863451096,0.999999999912927,2.25487904422646e-05,0,0.637191434672714,0.8964661440759,0.889581700473921,0.80995119324133,1.25275179937112,11400.874829932,18985.2,3119.94030650986,5195.45136585842,35.9727806431337,0.591429677099703,1.44755907110764,1.99770352869437,0.377356970308705,33.5696984231008,1.22266275326977,TRUE,TRUE,TRUE,TRUE,TRUE,TRUE,FALSE,,,,,,,1.29168118701858,-0.983669293915148,0,Duct2 singlet,Duct2 singlet,,0,0
PC1_cellid_000152556-1,PC1_A2,PASC,PC1,singlet,Duct2,Fibroblast,,FALSE,FALSE,376.404364614608,391.152184253929,,,Duct2 singlet,456,391,11306.1776555026,18248.0910099467,152556,TRUE,148.04519802223,60.0414957048053,13.7294209830587,16.0181963282824,14.0022702711216,1.14397137142738,0.48566007873445,89.7383772519006,0.516061171881884,0.840341599853615,0.815864520583452,0.660058239580337,1.39203260525357,11306.75,18247.4,3094.18229625812,4993.54651272386,TRUE,35.9997405703329,23.9999914619785,6.77025060794315,6.02053762030522,5.99317210494264,1.00456611492784,0.0952368688350993,179.73837724734,0.785393062327561,0.999999999979207,0.999999999885976,0.9977169424227,1.12838283092795,11299.4248858448,18236.5,3092.1777203599,4990.56364080848,112.045457451897,0.243167228987026,0.321295850682524,3.59386274018711,0.523527210562844,89.9999999954391,3.47958518755776,TRUE,TRUE,TRUE,TRUE,TRUE,TRUE,FALSE,,,,,,,1.01247655671386,-0.730365580122884,0.0970386118093276,Duct2 singlet,Duct2 singlet,,0,0
PC1_cellid_000152576-1,PC1_A2,PASC,PC1,singlet,Fibroblast,Tcell,,FALSE,FALSE,172.326010021327,177.899469581148,,,Fibroblast singlet,183,151,11661.2827217849,18558.8909333158,152576,TRUE,79.9545318824459,39.9819048139689,10.0896616282965,12.0027436374563,8.01275037822009,1.49795551674521,0.744541153149768,89.8430256545498,0.628529964662307,0.908951208499079,0.903267497978233,0.831344334202592,1.26135405086715,11662.3748630137,18556.65,3191.50187573465,5078.17524114872,TRUE,23.9456575635277,19.9773444859216,5.5216445136001,6.00229394430637,3.99548972543935,1.50226739465217,0.746254753419707,89.7383772438721,0.753982236890889,0.999999999968714,0.999999999863016,0.998480274245664,1.15164716421707,11662.35,18556.7,3191.4950717727,5078.18892404742,56.0088743189183,0.299490935619999,0.427533276653699,0.0152812177171492,0.00302908427454141,0.104648410677754,2.28400855734819,TRUE,TRUE,TRUE,TRUE,TRUE,TRUE,FALSE,,,,,,,-0.367460388812933,0.74399922240133,0,Fibroblast singlet,Fibroblast singlet,,0,6.48728470729111
PC1_cellid_000152578-1,PC1_A2,PASC,PC1,singlet,Duct2,Fibroblast,,FALSE,FALSE,574.601602460504,589.469658395165,,,Duct2 singlet,1038,846,11418.1164768801,18651.7592380183,152578,TRUE,139.982307571647,56.0737024542943,13.3503187064392,14.011428841626,14.0114288395881,0.999999999950138,1.70557053269164e-05,89.6089085949034,0.559454210712264,0.874488008098883,0.838370489206353,0.713030812255801,1.33695788350472,11417.8754266212,18648.95,3124.59265535471,5103.43387213858,TRUE,47.9999037227319,31.9909607717328,7.81763235022361,8.01821999919763,8.00909816618012,1.00113893350893,0.0476862883041581,179.738377251016,0.58938036549836,0.857005328276669,0.879045934673359,0.747444209113825,1.30257328841038,11421.575,18656.3,3125.60507310981,5105.44525824666,91.9824038489147,0.34289978892322,0.521837891911974,2.25181344400805,0.337342274765098,89.8705313438869,2.7663431781078,TRUE,TRUE,TRUE,TRUE,TRUE,TRUE,FALSE,,,,,,,-0.0208692428618441,-0.543994665625269,0.14401460947578,Duct2 singlet,Duct2 singlet,,0,3.00903454157339
PC1_cellid_000152594-1,PC1_A2,PASC,PC1,singlet,Duct2,Fibroblast,,FALSE,FALSE,520.506666480329,527.09081153213,,,Duct2 singlet,893,728,11259.7014466298,18086.2110347781,152594,TRUE,144.000460055043,60.0139740714916,13.5405716349841,16.0228608459726,13.983969326952,1.14580205864407,0.488165472465982,89.6075692889141,0.502422373677471,0.856868481383594,0.826929181775049,0.642677885190237,1.41080020597411,11262.35,18086.8,3082.0318822175,4949.59704211745,TRUE,44.090714278424,28.0230605603232,7.49253234727143,8.01822533409511,6.01371569900142,1.33332297896587,0.66143122387186,89.8044520237284,0.705546867258126,0.956694832613624,0.958236637306407,0.914378455691552,1.19052101482576,11262.3311433447,18090.45,3082.02672194342,4950.59589372214,99.9097457766187,0.306184537594595,0.441305439537304,0.998864934123488,0.147536597357146,0.196882734814295,3.02401964385634,TRUE,TRUE,TRUE,TRUE,TRUE,TRUE,FALSE,,,,,,,1.01615718360343,-0.701429155792188,0.108123922820911,Duct2 singlet,Duct2 singlet,,0,2.50128907920595
PC1_cellid_000152597-1,PC1_A2,PASC,PC1,singlet,Duct2,Myeloid,,FALSE,FALSE,521.290998165502,530.67833857394,,,Duct2 singlet,760,642,11162.4048333221,18565.6823322344,152597,TRUE,183.880557925316,75.9962496665734,15.3011110007894,23.0190284035287,12.142655436072,1.89571618164827,0.849551848908442,9.31410728990772,0.400093370418154,0.77303795634901,0.817904224800733,0.657862532394124,1.580954322564,11158.1377568493,18569.55,3053.51337090256,5081.70542901188,TRUE,75.908670584961,44.0047307210109,9.83106917771649,12.0135850544984,9.98851604487302,1.20273972602501,0.555621911533354,9.72407341906213e-09,0.492609194980495,0.807974364690832,0.815713796555338,0.632583393223553,1.42478305966632,11158.15,18565.95,3053.51672133837,5080.72026030588,107.971887340355,0.412815098220788,0.703041064185965,0.985174403189598,0.128771616891225,9.31410728018365,2.73502091153644,TRUE,TRUE,TRUE,TRUE,TRUE,TRUE,FALSE,,,,,,,0.538733354646336,-0.64757494136134,0.128755038449706,Duct2 singlet,Duct2 singlet,,3.30746490399945,3.30746490399945
PC1_cellid_000152672-1,PC1_A2,PASC,PC1,singlet,Fibroblast,Duct2,,FALSE,FALSE,290.715907821677,295.880105154559,,,Fibroblast singlet,378,305,11973.4767138126,18282.8463821992,152672,TRUE,116.035901121252,56.0455588783285,12.1548960471308,18.0068818313447,10.0068015163089,1.79946427408129,0.83136888524737,179.7389731931,0.464215711114071,0.828292304809438,0.85774248861102,0.64395953637004,1.46770942292073,11971.9584474886,18285.1,3276.22189221103,5003.86341833944,TRUE,32.0089224575529,24.0275755727368,6.38396631079126,6.01141578117077,6.00216898804543,1.00154057481603,0.0554440711540704,179.738377258225,0.696724390992733,0.940562902956588,0.95014974894161,0.887127554234943,1.19803496285507,11971.9332191781,18281.45,3276.21498828269,5002.86456673475,84.026978663699,0.27585361207603,0.380936253603177,0.998875463919008,0.164357713698624,0.000595934875121884,2.88546486816979,TRUE,TRUE,TRUE,TRUE,TRUE,TRUE,FALSE,,,,,,,0.118189736121539,0.551336000722285,0.201796017876844,Fibroblast singlet,Fibroblast singlet,,0,5.47686195831128
PC1_cellid_000152674-1,PC1_A2,PASC,PC1,singlet,Fibroblast,Myeloid,,FALSE,FALSE,280.267462477177,298.269344442068,,,Fibroblast singlet,330,280,11971.6100400115,18255.3949997417,152674,TRUE,115.981606823409,60.0148152457483,12.1520520188769,18.0066946814224,11.9862192558859,1.502283104697,0.746260962410374,0,0.404652323372275,0.762717123111898,0.812663750112758,0.537369363396226,1.57202330730123,11968.1989726027,18252.15,3275.19308193089,4994.84638809983,TRUE,35.9997405703292,23.9999914619776,6.77025060794281,6.02053761826529,5.99317210494065,1.0045661145878,0.0952368653130917,179.738377247336,0.785393062327545,0.999999999979256,0.999999999885976,0.997716942760985,1.12838283092796,11971.8751141553,18255.9,3276.19908737987,4995.87260550191,79.9818662530795,0.310391807401305,0.450098781790331,1.43706962939207,0.236514726038794,0.261622752663641,2.69090070546703,TRUE,TRUE,TRUE,TRUE,TRUE,TRUE,FALSE,,,,,,,-0.367460388812933,0.1933573951178,0,Fibroblast singlet,Fibroblast singlet,,0,5.71712737745913
PC1_cellid_000152690-1,PC1_A2,PASC,PC1,singlet,Fibroblast,Myeloid,,FALSE,FALSE,153.918208361801,163.119940268593,,,Fibroblast singlet,101,89,11817.4108236585,18538.6595309899,152690,TRUE,71.89051810155,39.9821014474064,9.56733246722369,11.9998789662277,7.99095309437833,1.50168306838895,0.746023628029853,179.804452020193,0.565132448315644,0.878131889233491,0.853163025961314,0.749714941776484,1.33022430238296,11819.425,18534.25,3234.47989802115,5072.04530253363,TRUE,27.9907699741406,24.0001009159939,5.96983711826892,8.01822533409511,4.00229460789311,2.00340707373203,0.866515780109373,179.804452023732,0.610658734823715,0.933455707876133,0.951240727980309,0.872222999892834,1.27967802731465,11815.775,18534.25,3233.48104641646,5072.04530253363,43.8997481274095,0.389352736764371,0.637606618756158,0.998851604691026,0.208804618429411,3.53873019776074e-09,1.79874767447738,TRUE,TRUE,TRUE,TRUE,TRUE,TRUE,FALSE,,,,,,,-0.367460388812933,-0.0188246536418849,0,Fibroblast singlet,Fibroblast singlet,,0,5.69719315593521
PC1_cellid_000152692-1,PC1_A2,PASC,PC1,singlet,Fibroblast,Tcell,,FALSE,FALSE,137.449096604423,144.271029629154,,,Fibroblast singlet,105,101,11616.1949424549,18487.9804226003,152692,TRUE,55.9272456504438,40.0092324865171,8.43852953957398,13.2576598589358,6.95767527929845,1.90547263583392,0.851222987919949,71.565051182006,0.439048861152613,0.77735909939391,0.851771743617174,0.606306749509968,1.50918879581514,11614.6415525114,18483.8,3178.43927469563,5058.23925775098,TRUE,32.0639656422607,28.0503520321918,6.38945295129058,10.0159192292007,4.01729901410319,2.49319734160086,0.916038041238818,89.843454543879,0.512094918606998,0.888638674977963,0.915584817771336,0.796878780877737,1.39741295951333,11618.274931694,18491.05,3179.4335778811,5060.22327806167,23.8632800081831,0.573315657934124,1.34365291015439,2.21922856368078,0.525975182764619,18.278403361873,1.0245382941417,TRUE,TRUE,TRUE,TRUE,TRUE,TRUE,FALSE,,,,,,,-0.367460388812933,0.212897891165738,0,Fibroblast singlet,Fibroblast singlet,,0,4.5668252796802
PC1_cellid_000152699-1,PC1_A2,PASC,PC1,singlet,Duct2,Endothelium,,FALSE,FALSE,291.551422348937,291.829920756985,,,Duct2 singlet,418,368,11381.745346852,18516.4376478722,152699,TRUE,68.0637062125851,40.0642897403858,9.30921061696961,10.0340635141099,9.99774200952589,1.00363297050503,0.0850090410540191,179.739566406087,0.532856860579424,0.8501215975975,0.884727337326126,0.678479643938832,1.3699184633001,11380.8876279864,18517.55,3114.47064932173,5067.4752143697,TRUE,35.9997405703295,27.9956477797673,6.77025060794283,7.99081283671388,6.0204754247206,1.3272727267137,0.657534246604139,179.999999991227,0.577202486460307,0.857423146539117,0.874590340501127,0.748303238024103,1.31624248056265,11384.5,18513.9,3115.45920372792,5066.47636276501,32.0639656422555,0.528912434662337,1.12274760273756,1.40532712995313,0.30192186744001,0.260433585139651,1.26948000451339,TRUE,TRUE,TRUE,TRUE,TRUE,TRUE,FALSE,,,,,,,0.599287086414509,-0.758379512057769,0.0863067002017795,Duct2 singlet,Duct2 singlet,,0,0
PC1_cellid_000152708-1,PC1_A2,PASC,PC1,singlet,Duct2,Fibroblast,,FALSE,FALSE,294.102048220988,299.434767772441,,,Duct2 singlet,346,318,11438.3940729688,18516.4175675122,152708,TRUE,63.9905105444725,39.9816798984706,9.0263640804598,9.90747694426081,9.8881264039318,1.00195694682659,0.0624694740359921,44.9999999933335,0.503040977132371,0.820541506010773,0.815590924883452,0.653188447815203,1.40993248887238,11435.65,18513.7,3129.45680909229,5066.42163117023,TRUE,31.9815880869162,27.9954443850975,6.38123989955656,7.99770110483014,6.01369242987349,1.32991522171329,0.659245660297322,179.803782339586,0.512784817477279,0.799728464404525,0.890872336115639,0.664957124739967,1.39647260590519,11435.649829932,18510,3129.45676255181,5065.40909666685,32.0089224575564,0.499786418482965,0.999146038712552,1.01253450445441,0.224350467848474,45.1962176537478,1.32256209045162,TRUE,TRUE,TRUE,TRUE,TRUE,TRUE,FALSE,,,,,,,-0.367460388812933,-0.59585339044675,0,Duct2 singlet,Duct2 singlet,,0,3.39791647550574
PC1_cellid_000152719-1,PC1_A2,PASC,PC1,singlet,Duct2,Fibroblast,,FALSE,FALSE,332.658864333402,335.935041070894,,,Duct2 singlet,432,376,11265.9664368659,18575.5267473569,152719,TRUE,96.0275162595213,52.078858315637,11.0573971206754,15.5677423121293,9.91725183719529,1.56976373731336,0.770831952024344,134.610238809882,0.444920739232569,0.799676953630307,0.795354584261017,0.621983293966339,1.49919689754685,11264.175,18580.05,3082.53130801984,5084.5788377377,TRUE,51.9087187235973,32.0185130757872,8.12971299588236,8.01809580361427,7.99085467813986,1.00340903743413,0.0823612089537634,179.739566473255,0.636279386970104,0.896601904060476,0.889138361261303,0.810169399189084,1.25364932982255,11260.5,18576.45,3081.5256149658,5083.5936690317,44.118797535924,0.540560880257536,1.17656694223283,1.40782665773058,0.254639792678113,45.129327663373,1.46384206239653,TRUE,TRUE,TRUE,TRUE,TRUE,TRUE,FALSE,,,,,,,-0.367460388812933,-0.983669293915148,0,Duct2 singlet,Duct2 singlet,,0,0
PC1_cellid_000152736-1,PC1_A2,PASC,PC1,singlet,Duct2,Fibroblast,,FALSE,FALSE,306.112834452672,314.008416675882,,,Duct2 singlet,395,350,11465.3912590086,18898.9437595471,152736,TRUE,75.9082961415293,43.9772268878643,9.83104493026365,11.9908739303655,9.99767440000291,1.19936631733875,0.552106462169372,89.8691879419769,0.493223120901149,0.791843414807071,0.890328520150056,0.633197829630254,1.42389605378876,11462.704109589,18900.9,3136.86038190777,5172.38199865967,TRUE,31.9538792728469,24.0001166954812,6.37847495079208,6.01141578156624,5.99317210698043,1.00304407607778,0.0778489965798653,89.738377267095,0.697118723385476,0.941223832507415,0.950429462155175,0.886931487439784,1.19769607450998,11455.3666666667,18897.3,3134.85243214411,5171.39682995367,43.9544168686823,0.420953715112511,0.726977663269705,2.23660895836681,0.455009405344409,0.130810674881985,1.72628498973579,TRUE,TRUE,TRUE,TRUE,TRUE,TRUE,FALSE,,,,,,,-0.367460388812933,-0.576607393395503,0,Duct2 singlet,Duct2 singlet,,0,3.27019443539099
PC1_cellid_000152740-1,PC1_A2,PASC,PC1,singlet,Duct2,Fibroblast,,FALSE,FALSE,513.726775828979,527.427298388451,,,Duct2 singlet,731,609,11445.0647793898,18622.1362305331,152740,TRUE,104.036486855718,51.9684923952432,11.5092731812231,14.0113922982908,10.0068223888021,1.40018396950247,0.699949984484166,179.739566433837,0.48407795596325,0.852598211595468,0.802181270934957,0.742007327296873,1.43728319194698,11447.0164383562,18619.6,3132.56732558316,5095.40201060497,TRUE,47.9999037227321,31.9908358222191,7.81763235022363,8.01822000123656,7.99997632704587,1.00228046567915,0.0674194168753135,179.738377251019,0.589384969500225,0.857005328276681,0.879268478824996,0.748296469675148,1.30256820085142,11443.3665525114,18619.65,3131.56850521796,5095.41569350367,56.0365831329862,0.461375668948591,0.856581558519596,0.998914082215248,0.173584215918881,0.00118918281799552,1.84582041549972,TRUE,TRUE,TRUE,TRUE,TRUE,TRUE,FALSE,,,,,,,0.548558721858764,-0.677052247682097,0.11746251990578,Duct2 singlet,Duct2 singlet,,3.34497198378333,2.68647856817735
PC1_cellid_000152777-1,PC1_A2,PASC,PC1,singlet,Fibroblast,Myeloid,,FALSE,FALSE,388.208654426949,394.13069387676,,,Fibroblast singlet,540,431,11662.6084611429,18101.8488401033,152777,TRUE,151.953638579666,63.9819521446654,13.9094709319235,15.5771854280458,14.1452454032952,1.10123118976808,0.418808596083897,134.999999994702,0.46645096360226,0.844191208435672,0.785153565787966,0.689622825893895,1.4641885374362,11660.6868150685,18103.45,3191.03992795414,4954.15344738268,TRUE,23.9995774179317,24.0002728837152,5.52785772478306,6.02047542675901,5.99310962896292,1.00456620965429,0.0952378499690676,0,0.523577649901508,0.800364630791311,0.853713135993708,0.665151514912066,1.38200447731242,11664.3626712329,18103.6,3192.04585530439,4954.19449607876,127.954061161735,0.157940129901989,0.187564014757769,1.00676453524586,0.144759572628697,45.0000000052978,4.19080660357024,TRUE,TRUE,TRUE,TRUE,TRUE,TRUE,FALSE,,,,,,,-0.367460388812933,1.21011441118375,0,Fibroblast singlet,Fibroblast singlet,,0,6.25290245671534
PC1_cellid_000152829-1,PC1_A2,PASC,PC1,singlet,Fibroblast,Myeloid,,FALSE,FALSE,362.787751215914,364.700848963384,,,Fibroblast singlet,461,338,11724.1223080031,18893.1701677519,152829,TRUE,108.1093080804,48.0273732320193,11.732393029639,14.0113921082168,10.0250242213019,1.39764172086683,0.698622003255546,89.7383772634621,0.588972860318248,0.885185287376216,0.879933090605062,0.769655487656752,1.30302383021286,11725.7198087432,18888.95,3208.83672523902,5169.1117858717,TRUE,23.9456575635293,19.9773444859216,5.52164451360029,6.00229394449203,3.99548972256414,1.50226739577969,0.746254753865359,89.738377255346,0.75398223689094,0.999999999968737,0.999999999863016,0.998480274933369,1.15164716421703,11729.35,18885.3,3209.83015602319,5168.11293426701,84.1636505168706,0.221494873905827,0.284513057758638,1.40876160195122,0.240149063535605,8.11611755580088e-09,3.10537425801936,TRUE,TRUE,TRUE,TRUE,TRUE,TRUE,FALSE,,,,,,,-0.0158264577686593,1.33252192480065,0.146109973810239,Fibroblast singlet,Fibroblast singlet,,0,6.29766045576692
PC1_cellid_000152890-1,PC1_A2,PASC,PC1,doublet_certain,Duct2,Fibroblast,Duct2__Fibroblast,FALSE,FALSE,721.611641178005,756.945263269778,TRUE,spatially_supported_contact,Supported Duct2-Fibroblast doublet,1393,1076,11578.7507326774,18954.7666897331,152890,TRUE,195.881469964591,67.9502962569588,15.7925309447147,17.7307236905563,16.0872896328271,1.10215729885036,0.420459069551815,146.12918928924,0.533114517745054,0.867555017493293,0.821605077844981,0.686726824144625,1.36958737893666,11579.8147945205,18962.6,3168.90865466676,5189.26669564855,TRUE,55.8729513526071,31.9912981549506,8.43443247309523,9.98866599536115,6.00411576174345,1.66363647657387,0.799179191141489,89.6860536652059,0.686037332678229,0.965062282516039,0.962559172533199,0.93163343040363,1.20733036908102,11572.5400342466,18962.65,3166.91785850966,5189.28037854725,140.008518611984,0.285238574939501,0.399068227437369,1.99084317836075,0.252124650926302,56.4431356240339,3.67904923580972,TRUE,TRUE,TRUE,TRUE,TRUE,FALSE,TRUE,PC1_A2,9.99460124623963,16.6336291740151,TRUE,TRUE,30,1.36518746265426,0.0817339460593223,0.408147396958694,Supported Duct2-Fibroblast,Supported Duct2-Fibroblast,16.6336291740151,0,3.60804228161876
PC1_cellid_000152941-1,PC1_A2,PASC,PC1,singlet,Duct2,Endothelium,,FALSE,FALSE,561.398113020286,570.973422083361,,,Duct2 singlet,910,730,11187.0839123079,18082.3647276056,152941,TRUE,191.972654963714,71.9731277046906,15.6341669367958,20.0264397403365,15.9981048848808,1.25180075271522,0.601531374074698,179.68605365725,0.465702407550272,0.813694899326671,0.819641432977194,0.599193485864101,1.46536481130873,11181.8755681818,18076.25,3060.00941225634,4946.70995049293,TRUE,47.9725693520944,31.9637199304497,7.81540609064153,8.01817799487406,7.99081284018508,1.00342457675963,0.0825477497372301,179.607569284896,0.590049178483987,0.857354131940672,0.854157123507972,0.748731884279071,1.3018348542517,11192.8748287671,18079.75,3063.01944762239,4947.66775340154,144.00008561162,0.249892722266424,0.333142644638066,3.15874964448785,0.404082885032107,0.078484372354751,3.90938042307716,TRUE,TRUE,TRUE,TRUE,TRUE,TRUE,FALSE,,,,,,,0.50721685964114,-0.983669293915148,0,Duct2 singlet,Duct2 singlet,,3.52539043561527,0
PC1_cellid_000152982-1,PC1_A2,PASC,PC1,doublet_certain,Duct2,Fibroblast,Duct2__Fibroblast,FALSE,FALSE,303.683642135159,324.873730253173,TRUE,spatially_supported_contact,Supported Duct2-Fibroblast doublet,554,477,11896.1624508218,18082.4565401817,152982,TRUE,103.899440559099,51.9961083822432,11.5016901538733,12.532077203789,12.5320772028772,0.999999999854394,1.20631411468271e-05,63.4349488179207,0.482926894797152,0.787606726004877,0.812762552267568,0.661556720740021,1.43899506204293,11898.1498287671,18084.45,3256.02357515624,4948.95394587881,TRUE,36.0821181256695,28.0503613464684,6.77799230269612,8.01822533409511,6.01362229914614,1.33334368731219,0.661444431966765,89.8044520237284,0.576268615049004,0.857702338234285,0.902996465796776,0.748303229197761,1.31730856641189,11905.4249146758,18084.4,3258.01446042586,4948.94026298011,67.8173224334293,0.347279233921119,0.532048698262422,1.99093228878073,0.346198212381558,26.3695032058078,2.36184892558857,TRUE,TRUE,TRUE,TRUE,TRUE,FALSE,TRUE,PC1_A2,8.48431088296051,8.54630429655354,TRUE,TRUE,30,-0.367460388812933,-0.515220321836844,0,Supported Duct2-Fibroblast,Supported Duct2-Fibroblast,8.54630429655354,0,4.29322501158113
PC1_cellid_000152996-1,PC1_A2,PASC,PC1,singlet,Duct2,Myeloid,,FALSE,FALSE,505.105589959952,511.685179358971,,,Duct2 singlet,817,657,11107.5386550303,18494.2789789047,152996,TRUE,155.916747878379,64.0372267096875,14.0896901699525,16.9845316512334,14.423835954936,1.17753222520523,0.528017227925092,171.650254435581,0.477790599482738,0.811257968481356,0.862043252887014,0.636441392878284,1.44670905428079,11106.7300546448,18496.6,3039.44524327503,5061.74207981675,FALSE,44.0367944240236,31.9913041053725,7.48794952467227,8.00913982049736,8.00005944161922,1.00113503858374,0.0476048185918274,89.7395664249814,0.540706603400585,0.81528724236481,0.868163810189725,0.687284593142951,1.35993816875642,11099.4085616438,18485.75,3037.44165833455,5058.77289080006,111.879953454356,0.282437871623319,0.393607550418345,3.58195980303026,0.508451180223196,81.9106880106001,3.30087032264009,TRUE,TRUE,TRUE,TRUE,TRUE,TRUE,FALSE,,,,,,,0.594428082712758,-0.983669293915148,0,Duct2 singlet,Duct2 singlet,,3.63018266988631,0
PC1_cellid_000153035-1,PC1_A2,PASC,PC1,singlet,Duct2,Fibroblast,,FALSE,FALSE,372.933560994606,382.967145555001,,,Duct2 singlet,515,464,11465.7013977613,18497.9106645937,153035,TRUE,84.054313034334,44.0319578509851,10.3451087602239,12.0228315623409,10.0067805471128,1.20146849453212,0.554303245132677,179.738377248517,0.544795954660938,0.856544334799672,0.85035935757996,0.698648715103297,1.35482456613444,11461.1630952381,18499.05,3136.43867104276,5062.41254185277,TRUE,47.9448605380232,31.9912103945805,7.81314868691384,8.00913982125836,7.99085467873708,1.0022882583295,0.0675341154675417,89.7395664275132,0.588695315100822,0.857277718253055,0.878906491365559,0.749139939339196,1.30333095445727,11461.2081818182,18502.6,3136.45100934491,5063.38402766008,36.1094524963108,0.570403335671008,1.327764815311,0.971564155106452,0.187830631025113,89.9988108210042,1.26598003665505,TRUE,TRUE,TRUE,TRUE,TRUE,TRUE,FALSE,,,,,,,0.172757003644848,-0.605633775698925,0.144822361082344,Duct2 singlet,Duct2 singlet,,0,3.68474470421255
PC1_cellid_000153040-1,PC1_A2,PASC,PC1,singlet,Fibroblast,Myeloid,,FALSE,FALSE,226.358297432267,234.413253491836,,,Fibroblast singlet,252,205,11887.3295185862,18391.0846575514,153040,TRUE,87.9354192211243,47.973367398216,10.5812500743154,12.5125894411045,10.73553329648,1.1655303087754,0.513685520967861,116.408932270945,0.48014597700083,0.800045650117,0.799358134664875,0.65462565318869,1.44315624378375,11888.3001712329,18391.45,3253.32813783193,5032.96694386242,FALSE,19.981799377955,20.032294457012,5.04396839234513,6.02053762020877,4.0045699067148,1.50341678540795,0.74670839064455,89.7395664321857,0.625724366974807,0.908076098393382,0.940207514562639,0.828787973273833,1.26417869197293,11888.3415909091,18391.4,3253.3394726566,5032.95326096373,67.9536198431694,0.227232661795084,0.294050551260265,0.0177679477435757,0.00335838347741563,26.6693658387588,2.76864084098514,TRUE,TRUE,TRUE,TRUE,TRUE,TRUE,FALSE,,,,,,,-0.367460388812933,1.28118388221459,0,Fibroblast singlet,Fibroblast singlet,,0,6.0810948462227
PC1_cellid_000153092-1,PC1_A2,PASC,PC1,singlet,Duct2,Fibroblast,,FALSE,FALSE,218.350660382395,226.247740266181,,,Duct2 singlet,253,235,11367.1087421565,18041.0034729054,153092,TRUE,55.9542055776439,31.9635012643758,8.44056320607204,8.00454251435138,7.99770110609175,1.0008554215055,0.0413358313989811,89.8037823507697,0.688230486928199,0.933425364312297,0.952636667423947,0.874039478150662,1.20540516044507,11368.1437785388,18038.9,3110.98319330238,4936.48882516821,TRUE,32.036631271621,27.9682822729626,6.38672888223127,8.00909816385303,6.01141578120216,1.33231479101008,0.66078712130092,89.7383772448349,0.514665573054272,0.800550180571485,0.862875958352078,0.665405611368493,1.39391868776425,11364.4752283105,18038.95,3109.9792652798,4936.5025080669,23.9175743060229,0.572550909000762,1.33945988202319,1.00402126284717,0.237903854507209,0.065405105934758,1.02691716192039,TRUE,TRUE,TRUE,TRUE,TRUE,TRUE,FALSE,,,,,,,0.455123175795718,-0.774613694949051,0.0800875155398418,Duct2 singlet,Duct2 singlet,,0,0
PC1_cellid_000153102-1,PC1_A2,PASC,PC1,singlet,Duct2,Myeloid,,FALSE,FALSE,487.282332110007,496.980379147928,,,Duct2 singlet,616,520,11447.6602793334,18586.2094349886,153102,TRUE,115.871894897428,51.9956453171647,12.1463030880512,13.2655745393816,12.651998656215,1.04849635990089,0.300611259486624,71.3299124971809,0.538584720000563,0.84073953323637,0.838242948075924,0.69038748138029,1.36261443656084,11446.8900048656,18579.4,3132.53272605031,5084.40096005467,TRUE,55.9819143917125,31.9911635362987,8.44265285283641,8.01809579922863,7.99097906678509,1.0033934176865,0.0821732672275626,89.7395664390465,0.687381022843267,0.933456123361119,0.926833007916802,0.873728519771529,1.20614974911184,11443.2498868825,18586.7,3131.53657873834,5086.39866326405,59.8899805057155,0.483136263857922,0.934745910912803,2.2322920014906,0.367567313549244,18.4096539418656,1.85182511760739,TRUE,TRUE,TRUE,TRUE,TRUE,TRUE,FALSE,,,,,,,0.027937785392929,-0.582622889170458,0.153637646305741,Duct2 singlet,Duct2 singlet,,0,0
PC1_cellid_000153104-1,PC1_A2,PASC,PC1,doublet_certain,Duct2,Fibroblast,Duct2__Fibroblast,FALSE,FALSE,464.906229833589,521.14616823742,TRUE,spatially_supported_contact,Supported Duct2-Fibroblast doublet,782,664,11421.5817749854,18093.8454372875,153104,TRUE,131.890959420116,60.0143737610831,12.9587339322463,20.0264397403382,9.98319291869668,2.00601550004536,0.866889333960967,89.686053663081,0.460165795583099,0.83520537972858,0.87548420464967,0.659692908627544,1.47415392402289,11419.4548396638,18089.85,3125.02487432788,4950.4316989378,TRUE,47.9452349814576,31.9636418334491,7.81317919671701,10.0159023862464,5.99317210901901,1.67121888033221,0.801223145513305,89.7383772648897,0.589715855077941,0.889003061828468,0.890767972251847,0.798727465185194,1.30220271847274,11415.7939212329,18089.95,3124.02303480752,4950.45906473519,83.945724438658,0.363521769715096,0.571145645550791,1.00221320657489,0.1546776421629,0.0523236018086521,2.57277736776465,TRUE,TRUE,TRUE,TRUE,TRUE,FALSE,TRUE,PC1_A2,9.21757981020127,17.1201354764302,TRUE,TRUE,30,0.316283230166488,0.0765372469597469,0.284107287272635,Supported Duct2-Fibroblast,Supported Duct2-Fibroblast,17.1201354764302,2.6237786154663,3.67283064199459
PC1_cellid_000153132-1,PC1_A2,PASC,PC1,singlet,Duct2,Fibroblast,,FALSE,FALSE,307.974234047148,325.307016810864,,,Duct2 singlet,401,365,11406.02997672,18464.367244906,153132,TRUE,68.0367462853851,39.9823827528947,9.30736675250661,10.016027344314,10.0067805479342,1.00092405280564,0.0429598380921994,179.738377252337,0.534830363948409,0.871806313235648,0.853929851154033,0.67881848326613,1.36738865433133,11406.2314212329,18462.65,3121.40618043221,5052.45139160325,TRUE,35.917363014987,27.9682822729626,6.76250005052049,8.01817863614169,5.99310962896243,1.33789954279021,0.664329013561836,89.9999999883437,0.577009176213902,0.857135197911573,0.904025953554036,0.747440272810112,1.31646294659727,11408.0415525114,18458.95,3121.90153729037,5051.43885709987,32.1193832703981,0.527911238715765,1.11824572412966,1.12721095517594,0.242219090045028,89.7383772639934,1.27243335099306,TRUE,TRUE,TRUE,TRUE,TRUE,TRUE,FALSE,,,,,,,0.552422580287765,-0.612085524882062,0.142350747953975,Duct2 singlet,Duct2 singlet,,0,3.25569580704656
PC1_cellid_000153150-1,PC1_A2,PASC,PC1,singlet,Fibroblast,Endothelium,,FALSE,FALSE,288.179599876387,299.665221581475,,,Fibroblast singlet,243,205,11494.5117628958,18170.9604697728,153150,TRUE,88.0181712199048,44.0320358709631,10.5862276686482,14.0250282797882,8.00456847157003,1.7521279660242,0.821134612386718,89.8694859151443,0.570485581942301,0.897937978922275,0.88510330378046,0.784026372241423,1.32396853355245,11492.8624712662,18177.3,3145.11345806011,4974.36308875431,TRUE,23.9999518613609,20.0046162819335,5.52790084766586,6.02053762020877,3.99548953449877,1.50683353418931,0.748049164580296,89.7395664321857,0.753632786248729,0.999999999968813,0.999999999863202,0.997711776998336,1.15191413588301,11485.5501136364,18177.35,3143.11237308679,4974.376771653,64.0182193585439,0.272670421641375,0.374892524317125,2.00113175282012,0.37806323681588,0.129919482958627,2.52916341049118,TRUE,TRUE,TRUE,TRUE,TRUE,TRUE,FALSE,,,,,,,-0.367460388812933,-0.0415831069558741,0,Fibroblast singlet,Fibroblast singlet,,0,5.79975336643285
PC1_cellid_000153170-1,PC1_A2,PASC,PC1,doublet_certain,Duct2,Fibroblast,Duct2__Fibroblast,FALSE,FALSE,571.621016560447,626.017871096514,TRUE,spatially_supported_contact,Supported Duct2-Fibroblast doublet,910,762,11409.6060530271,18027.1111833971,153170,TRUE,176.063302367008,63.9549280764409,14.9723331164631,16.0181963303219,16.0090744932267,1.00056979148675,0.0337432966292929,179.7383772519,0.54091705867362,0.862942299218657,0.811174537260232,0.686576612667023,1.3596735868902,11411.9618150685,18031.35,3122.97434839885,4934.42270746536,TRUE,27.9907699741421,24.0001476502115,5.96983711826909,6.02053762020877,6.00225248158352,1.00304637899463,0.0778783042852047,89.7395664321857,0.610656356619178,0.87521513620315,0.902481645967331,0.774578273192907,1.27968051916878,11400.9998863636,18031.45,3119.97452919957,4934.45007326274,148.072532392866,0.15898128455074,0.189034181558985,2.99994401867993,0.400731668382928,89.9988108197144,4.50124799909703,TRUE,TRUE,TRUE,TRUE,TRUE,FALSE,TRUE,PC1_A2,8.52391937025699,21.2040855920219,TRUE,TRUE,30,0.706123662380604,-0.19792181658393,0.301013527560965,Supported Duct2-Fibroblast,Supported Duct2-Fibroblast,21.2040855920219,3.52539043561527,3.13453819291178
PC1_cellid_000153180-1,PC1_A2,PASC,PC1,singlet,Fibroblast,Myeloid,,FALSE,FALSE,152.002622580955,160.146825616978,,,Fibroblast singlet,153,136,11726.2528152435,18416.6700630594,153180,TRUE,63.991259431335,39.9547451884988,9.02641689849204,12.0246507544276,7.98536975159761,1.50583518664255,0.747658592517249,89.6860536663074,0.50372533128637,0.86511729150387,0.874418849599332,0.66642787750927,1.40897440612268,11727.6466438356,18421.25,3209.36401902644,5041.12195148429,TRUE,28.0184787882069,23.9729070929195,5.97279123831299,6.00683906614882,6.00683906436799,0.99999999984089,2.43502664973903e-05,179.60756928904,0.612650809707316,0.875323156088696,0.903172946182153,0.776519845245955,1.27759585421746,11723.9626712329,18417.6,3208.35587054811,5040.1230998796,35.9727806431281,0.437848528577459,0.77887998312887,1.4191785943086,0.314450043051122,89.9215156227327,1.52681283008953,TRUE,TRUE,TRUE,TRUE,TRUE,TRUE,FALSE,,,,,,,-0.367460388812933,0.688517731659624,0,Fibroblast singlet,Fibroblast singlet,,0,6.12799592872625
PC1_cellid_000153186-1,PC1_A2,PASC,PC1,singlet,Fibroblast,Duct2,,FALSE,FALSE,255.356531197497,257.345224898182,,,Fibroblast singlet,235,173,11708.0666711796,18728.3801726023,153186,TRUE,107.862549857813,47.9999988192934,11.7189958560849,12.0067669126746,11.9999255046705,1.00057012064477,0.0337530350217468,89.8037823457923,0.588298977259135,0.870698436394296,0.85948240882408,0.748627976835778,1.30376990865715,11706.8126712329,18721,3203.66263629593,5123.15092915721,TRUE,39.9909331265457,27.9954137838966,7.13568759739224,8.01138392210127,6.00685101982957,1.33370777667111,0.661676510116849,89.8037823437135,0.641206062667026,0.908697205851843,0.945384559124232,0.831011688742716,1.24882386590211,11706.8874143836,18735.55,3203.68309035511,5127.13265267728,67.8716167312674,0.370758276858419,0.589214388085003,3.98177605583509,0.679542189098427,2.07873540603032e-09,2.29165412934635,TRUE,TRUE,TRUE,TRUE,TRUE,TRUE,FALSE,,,,,,,-0.367460388812933,1.07430808819115,0,Fibroblast singlet,Fibroblast singlet,,0,6.74766144161378
PC1_cellid_000153218-1,PC1_A2,PASC,PC1,singlet,Fibroblast,Myeloid,,FALSE,FALSE,229.375369129677,236.044415914101,,,Fibroblast singlet,204,173,11740.6508353047,18382.1046440449,153218,TRUE,80.091203735618,48.0548529550657,10.0982814271355,14.0112882634729,10.015881843486,1.39890710359739,0.699284214893194,0,0.435833069222024,0.783632286989719,0.80939062578678,0.570712730559547,1.51474633384457,11738.45,18381,3212.32044358557,5030.1072180353,TRUE,20.0091337485897,24.0273569046183,5.04741719541781,6.02047542553596,5.99310962896292,1.00456620945022,0.0952378478553547,89.9999999922356,0.435538100061444,0.714150161689458,0.872341807203289,0.554555832208619,1.51525917923455,11738.462585034,18381,3212.32388758048,5030.1072180353,60.0820699870283,0.249829354695952,0.33303003291297,0.00344399490904834,0.000682095250974666,89.9999999922356,2.52543211585884,TRUE,TRUE,TRUE,TRUE,TRUE,TRUE,FALSE,,,,,,,-0.367460388812933,0.688739472284139,0,Fibroblast singlet,Fibroblast singlet,,0,5.28360177830041
PC1_cellid_000153220-1,PC1_A2,PASC,PC1,singlet,Fibroblast,Tcell,,FALSE,FALSE,282.354649663362,286.967498232683,,,Fibroblast singlet,287,244,11715.6827408196,18327.7225683633,153220,TRUE,92.1183268152279,44.0868026649941,10.8299906046121,12.0136149779338,10.0159192291997,1.19945206223587,0.552196463294413,179.843454520537,0.595578070466216,0.919761025281426,0.911052674121314,0.765564027020302,1.29577814484905,11716.3198087432,18326.2,3206.26434028447,5015.11076106623,TRUE,35.9454462724941,27.9958354985299,6.76514328357446,8.00909816641334,6.00229394431525,1.33433954369182,0.662078568164596,89.7383772609114,0.576324229000727,0.856680082442802,0.874302496262782,0.74772689693756,1.31724500626627,11716.3082762557,18326.25,3206.26118432732,5015.12444396493,56.1728805427339,0.390209500229979,0.639907477038662,0.0140421430782985,0.00259319579582766,89.8949227403748,2.03242366051881,TRUE,TRUE,TRUE,TRUE,TRUE,TRUE,FALSE,,,,,,,-0.367460388812933,0.566398369208345,0,Fibroblast singlet,Fibroblast singlet,,0,4.94430189948966
PC1_cellid_000153227-1,PC1_A2,PASC,PC1,singlet,Fibroblast,Bcell,,FALSE,FALSE,190.148773808832,208.922678779701,,,Fibroblast singlet,150,120,11687.5065087452,18566.83800646,153227,TRUE,59.9723580610572,35.9862578601466,8.73837386899614,10.0159168264129,8.00454251409625,1.25127910874985,0.601088845407092,179.803782334715,0.58195260173083,0.881834098632554,0.892332606555096,0.748038413057416,1.31085964175931,11688,18567.55,3198.51439880292,5081.1581130641,TRUE,35.9181119018579,23.9726884272434,6.7625705501435,5.99317210681136,5.99317210496817,0.999999999850932,2.48011329620092e-05,89.7383772543043,0.785398163396473,0.999999999979218,0.999999999885846,1.00000000028659,1.12837916656436,11688,18563.9,3198.51439880292,5080.15926145941,24.0542461591993,0.59891111600616,1.49321295081157,0.998851604690572,0.228612695537869,89.9345949195891,0.98790165942632,TRUE,TRUE,TRUE,TRUE,TRUE,TRUE,FALSE,,,,,,,-0.367460388812933,0.377426336676782,0,Fibroblast singlet,Fibroblast singlet,,0,5.81213849929383
PC1_cellid_000153239-1,PC1_A2,PASC,PC1,doublet_certain,Fibroblast,Duct2,Duct2__Fibroblast,FALSE,FALSE,265.151977316893,293.532756603801,TRUE,spatially_supported_contact,Supported Duct2-Fibroblast doublet,375,337,11971.842510509,18108.9435334056,153239,TRUE,111.880702341219,55.9639675334595,11.9352810823031,16.0144795031436,11.9972704990909,1.33484357968791,0.662398753669463,89.8430256602044,0.44889839861072,0.823043635147013,0.831960645394181,0.582317584924233,1.49253997525297,11974.9501369863,18102.45,3277.04059189748,4953.87978940879,TRUE,15.9632724511092,19.9771258120343,4.5083333670142,7.9977011066338,1.99769149630562,4.00347156228493,0.968301784271935,89.8037823589799,0.502650108399556,0.999999999953087,0.999999999863014,0.999144577072263,1.41048057482706,11964,18113.4,3274.04399959601,4956.87634422287,95.9174298901094,0.142681196270979,0.166427232962077,4.23779496613053,0.710129058512541,0.039243301224559,3.71347385764447,TRUE,TRUE,TRUE,TRUE,TRUE,FALSE,TRUE,PC1_A2,7.81885191761959,18.6008494887676,TRUE,TRUE,30,-0.367460388812933,0.0406254284078689,0,Supported Duct2-Fibroblast,Supported Duct2-Fibroblast,18.6008494887676,0,3.99513791213865
PC1_cellid_000153244-1,PC1_A2,PASC,PC1,singlet,Duct2,Endothelium,,FALSE,FALSE,470.252303411183,473.710962018314,,,Duct2 singlet,711,609,11167.1352249445,18529.6398711285,153244,TRUE,160.154324213742,56.0457680359574,14.2798746090178,16.009085029983,12.0205199405783,1.33181302518336,0.660465777274341,179.804452017115,0.640712037219151,0.929998891076097,0.921757194905059,0.832240611697702,1.24930523054916,11165.295133255,18525.7,3055.47204402809,5069.70552685689,TRUE,35.9181119018576,23.9726884272439,6.76257055014347,5.99317210805883,5.99317210697958,0.999999999723464,1.89779085287369e-05,179.738377256343,0.785398163396433,0.999999999979148,0.999999999885846,0.999999999742818,1.12837916656439,11161.7,18536.6,3054.48820714567,5072.68839877227,124.236212311884,0.224271883234814,0.289111453340168,3.14093296247727,0.439910439562914,0.0660747607713574,3.75865202943718,TRUE,TRUE,TRUE,TRUE,TRUE,TRUE,FALSE,,,,,,,0.0566729942162201,-0.983669293915148,0,Duct2 singlet,Duct2 singlet,,0,0
PC1_cellid_000153247-1,PC1_A2,PASC,PC1,singlet,Duct2,Myeloid,,FALSE,FALSE,366.178131958501,368.479177259031,,,Duct2 singlet,544,454,11224.5851354111,18116.8286070625,153247,TRUE,88.0174223330439,51.9414236399774,10.5861826330405,14.0022702711211,12.0137097252469,1.16552427086745,0.513678097151253,89.7383772598061,0.409968805040662,0.758000438552038,0.809768702702236,0.523230504140692,1.56179703441838,11222.2753424658,18119.9,3071.06513263242,4958.65512105314,TRUE,35.9727806431261,27.9682822729636,6.76771503898559,8.00909816521228,6.00229394651929,1.33433954300176,0.662078567725879,89.7383772475038,0.577899455379037,0.857331536613421,0.875163823878624,0.748295498538282,1.31544852163432,11225.9082762557,18116.15,3072.05931393265,4957.62890365106,52.0446416899178,0.408700683177517,0.691190859772658,1.42881720806247,0.269940025577038,1.23022232401127e-08,1.90923379702743,TRUE,TRUE,TRUE,TRUE,TRUE,TRUE,FALSE,,,,,,,0.0711599102736897,-0.983669293915148,0,Duct2 singlet,Duct2 singlet,,2.96436300988635,0
PC1_cellid_000153260-1,PC1_A2,PASC,PC1,singlet,Duct2,Myeloid,,FALSE,FALSE,296.048999845277,309.042289548738,,,Duct2 singlet,294,269,11028.63392048,18532.7432652842,153260,TRUE,100.017959928869,56.0188730823556,11.284804905942,15.5880256592582,11.8765511826925,1.31250439760514,0.647692075004066,157.873665192473,0.400515308213245,0.724840574200249,0.802244743361664,0.540252189030149,1.58012134534732,11033.7867346939,18537,3019.4837221286,5072.79786196182,TRUE,24.0819549732682,24.0000535858927,5.53733666905822,6.01141578320955,6.01129082514145,1.00002078677194,0.00644772503244786,179.738377238794,0.525384409648008,0.80091157019706,0.888161691916314,0.666418789249247,1.37962612308314,11030.1247716895,18537.05,3018.48159675237,5072.81154486052,75.936004955601,0.240776306455231,0.317134868817202,1.00221878419986,0.177622704296095,21.8647120463217,2.8737341184419,TRUE,TRUE,TRUE,TRUE,TRUE,TRUE,FALSE,,,,,,,0.158662186348293,-0.983669293915148,0,Duct2 singlet,Duct2 singlet,,3.55573671287402,0
PC1_cellid_000153277-1,PC1_A2,PASC,PC1,singlet,Duct2,Fibroblast,,FALSE,FALSE,391.271561148249,403.596720659006,,,Duct2 singlet,591,513,11583.27791286,18848.0286738213,153277,TRUE,68.0363718419531,44.0319403289441,9.30734114070611,11.3394178674742,9.89777011131485,1.14565379240079,0.487963486907909,44.6102388067303,0.440976415263306,0.772264771629194,0.789189525635478,0.606195940611429,1.50588677237428,11586.7123287671,18849.3,3170.7962199135,5158.26124720705,TRUE,35.945446272493,27.9958354985279,6.76514328357435,8.01817799487406,5.99315648880483,1.3378889748984,0.664322370903135,179.607569284896,0.576324229000791,0.856680082442709,0.874302496262819,0.748018896458505,1.3172450062662,11583.0623287671,18849.3,3169.79736830881,5158.26124720705,32.0909255694601,0.528326912415467,1.12011248112769,0.998851604691481,0.214637367953901,45.0026695218347,1.27109892856588,TRUE,TRUE,TRUE,TRUE,TRUE,TRUE,FALSE,,,,,,,0.53408032803311,-0.62055068315096,0.139107814027496,Duct2 singlet,Duct2 singlet,,2.88594384543757,3.55079334870205
PC1_cellid_000153284-1,PC1_A2,PASC,PC1,singlet,Duct2,Fibroblast,,FALSE,FALSE,523.080447720465,528.413374184733,,,Duct2 singlet,805,672,11015.1501866758,18692.6862927833,153284,TRUE,244.045005467691,71.9734838168733,17.6274715049145,20.0046266512018,16.009137017886,1.24957557833582,0.599637533003253,179.738973191117,0.592017763974804,0.910368852513731,0.850437724819617,0.762029092185366,1.29966861279427,11016.1578767123,18701.5,3014.65944457141,5117.8145986664,TRUE,52.1000593180471,32.1007978961304,8.1446826707236,8.01817863491815,8.01817863328742,0.999999999862082,2.01682523966816e-05,89.9999999941701,0.635354963559338,0.896520618545094,0.888564201217161,0.810376358645318,1.25456101039538,11012.4168181818,18679.7,3013.63567407375,5111.84885483564,191.944946149644,0.213485456160297,0.2714323057754,6.05295014733266,0.686763287494462,89.738973196947,4.74139441709546,TRUE,TRUE,TRUE,TRUE,TRUE,TRUE,FALSE,,,,,,,0.309284527935777,-0.761976315100572,0.0849287939366097,Duct2 singlet,Duct2 singlet,,2.59692199152242,0
PC1_cellid_000153307-1,PC1_A2,PASC,PC1,doublet_certain,Fibroblast,Duct2,Duct2__Fibroblast,FALSE,FALSE,440.595110126926,477.362561270957,TRUE,spatially_supported_contact,Supported Duct2-Fibroblast doublet,625,508,11045.5664933205,18849.6630285031,153307,TRUE,159.990692433369,60.0415260291852,14.2725777768323,18.0068818354217,12.0045463305646,1.5000051926552,0.745358056823171,179.738973199589,0.55770063420072,0.86942791156343,0.853616548526497,0.740134163869515,1.33905813029876,11049.6046622042,18851.35,3023.81242412219,5158.82224605351,TRUE,15.9632724511083,15.9818131098296,4.50833336701408,4.02286529217468,3.9953127021922,1.00689622797532,0.116837853828143,179.60756927092,0.785379741197403,0.9999999999531,0.999999999828769,0.993197596032344,1.12839240008952,11049.6,18854.95,3023.81114827282,5159.80741475951,144.027419982261,0.0997762570266939,0.110834953871743,0.985169532145547,0.138050679585604,0.131403928669045,4.88212220490909,TRUE,TRUE,TRUE,TRUE,TRUE,FALSE,TRUE,PC1_A2,17.4814386842735,22.187861355703,TRUE,TRUE,30,-0.367460388812933,0.343150768945932,0,Supported Duct2-Fibroblast,Supported Duct2-Fibroblast,22.187861355703,0,5.54907608489522
PC1_cellid_000153322-1,PC1_A2,PASC,PC1,doublet_certain,Fibroblast,Duct2,Duct2__Fibroblast,FALSE,FALSE,390.758551800585,424.776595595268,TRUE,spatially_supported_contact,Supported Duct2-Fibroblast doublet,425,367,11234.5328391129,18963.8839839008,153322,TRUE,95.9178043335461,48.055618163265,11.0510787492281,12.01358505246,11.9862192558864,1.00228310472606,0.0674582809813361,90.0000000097241,0.521940210525217,0.82700875561215,0.827081184652461,0.666107592061274,1.38417060368003,11229.0501136364,18963.85,3072.91910278452,5189.60876811591,TRUE,40.0452274243799,27.9955385734796,7.14052989172607,8.01822533409511,6.01362230360492,1.33334368632358,0.66144443133624,179.804452023732,0.642070881742268,0.909373830806664,0.917085861406048,0.830493732907707,1.24798254865251,11232.6748287671,18956.55,3073.91103498313,5187.61106490653,55.8725769091662,0.417495247086256,0.716724189799148,2.23041422148504,0.403655474376974,89.8044520140079,1.95527442875101,TRUE,TRUE,TRUE,TRUE,TRUE,FALSE,TRUE,PC1_A2,6.99225307882531,14.99507686795,TRUE,TRUE,30,0.627812045440637,-0.284532158020992,0.267833803602093,Supported Duct2-Fibroblast,Supported Duct2-Fibroblast,14.99507686795,0,4.55511451552089
PC1_cellid_000153324-1,PC1_A2,PASC,PC1,singlet,Fibroblast,Endothelium,,FALSE,FALSE,389.798855186068,400.464658284586,,,Fibroblast singlet,416,337,11549.3422071957,18463.4632043791,153324,TRUE,147.962446023461,55.9907400911022,13.7255833177615,18.001303912476,10.0159192281235,1.79726927679411,0.830914813637118,89.843025654735,0.593101401197385,0.912970951035543,0.88259083139072,0.82064763931031,1.29848077775673,11548.7459474886,18462.15,3160.40641693696,5052.31456261631,TRUE,23.9456575635253,19.9773444859211,5.52164451359983,6.00229394291949,3.99548972428328,1.50226739473973,0.746254753454315,89.7383772522982,0.753982236890852,0.99999999996866,0.999999999863016,0.998480274765176,1.1516471642171,11552.45,18469.4,3161.4200604424,5054.29858292699,124.016788459936,0.161836048304514,0.193083999827412,2.22796089493534,0.324643527361904,0.104648402436837,4.10196940208084,TRUE,TRUE,TRUE,TRUE,TRUE,TRUE,FALSE,,,,,,,0.162058656374921,0.886146537005777,0.22002431220063,Fibroblast singlet,Fibroblast singlet,,0,6.07233531421252
PC1_cellid_000153331-1,PC1_A2,PASC,PC1,singlet,Duct2,Myeloid,,FALSE,FALSE,598.417662978481,601.122848168765,,,Duct2 singlet,1114,871,11216.095664668,18551.6213255007,153331,TRUE,200.145631783711,67.9773717498786,15.9635000264047,20.0085211439203,14.0074399779824,1.42842097995506,0.714070568035503,89.7761895019666,0.544286097761684,0.884942492766215,0.840271008655654,0.714121905668986,1.35545897983976,11216.5639648438,18558.25,3069.50216860427,5078.61309390694,TRUE,48.0272380933661,31.990992010453,7.81985797600472,8.01817799691299,8.01817799487404,0.999999999912994,2.25517690524522e-05,179.607569299466,0.589714846586169,0.857075080842891,0.85403296354194,0.74702687534431,1.3022038319437,11223.8748287671,18554.65,3071.50284481291,5077.62792520095,152.118393690345,0.239961460377349,0.315722753344174,2.23008131490677,0.279397539189286,89.8313797974991,4.07182102520001,TRUE,TRUE,TRUE,TRUE,TRUE,TRUE,FALSE,,,,,,,2.03917840438102,-0.983669293915148,0,Duct2 singlet,Duct2 singlet,,3.32970073715984,0
PC1_cellid_000153332-1,PC1_A2,PASC,PC1,singlet,Fibroblast,Myeloid,,FALSE,FALSE,280.741832946358,294.135950651717,,,Fibroblast singlet,325,292,11362.7247552575,18135.472925121,153332,TRUE,56.0088743189212,35.9590794909347,8.44468552635042,10.0159168284518,8.00454251409626,1.25127910900457,0.601088845623392,89.8037823463788,0.54431409014839,0.848800390402572,0.86080424136176,0.698601669313628,1.35542412562349,11361.1624143836,18137.55,3109.07268733268,4963.48518429226,TRUE,32.0092969009877,23.9728446154784,6.38400365080615,6.01141578097449,6.0022939440756,1.00151972466579,0.0550684625213413,89.7383772595824,0.699917509078433,0.941319620302116,0.951987403356074,0.887119463488757,1.19529904032656,11364.7917237443,18130.25,3110.06587677895,4961.48748108288,23.9995774179335,0.571504021184356,1.33374418766772,2.23097364147537,0.528373408158352,0.0654050867964315,1.03034093777213,TRUE,TRUE,TRUE,TRUE,TRUE,TRUE,FALSE,,,,,,,-0.367460388812933,-0.45999935301806,0,Fibroblast singlet,Fibroblast singlet,,0,0
PC1_cellid_000153348-1,PC1_A2,PASC,PC1,singlet,Duct2,Fibroblast,,FALSE,FALSE,501.208932883993,513.191760525815,,,Duct2 singlet,740,618,11451.2198717892,18952.1130341749,153348,TRUE,128.036064273644,51.9961145526023,12.7679512916308,14.0205400522415,12.0045150924039,1.16793889141904,0.516629307307138,179.869485922579,0.595114313742392,0.901461585910867,0.877628077825478,0.760716701831206,1.29628292927158,11448.2450342466,18948.55,3132.90354064525,5185.42180111543,TRUE,63.9365906900672,35.959329397774,9.02256036954808,10.0023277273435,8.00454251613567,1.24958143501157,0.599642538944617,89.8037823401171,0.621349810932374,0.889017894787883,0.892806812259064,0.798567954746375,1.26862105378033,11451.9126712329,18948.5,3133.90721875188,5185.40811821673,64.0994735835767,0.499363917875714,0.997458904194092,1.00377137010412,0.157232957050792,89.9342964175378,1.87269546104136,TRUE,TRUE,TRUE,TRUE,TRUE,TRUE,FALSE,,,,,,,0.0283563399537478,-0.607561562028414,0.144083841672273,Duct2 singlet,Duct2 singlet,,2.67508018186464,3.3331692955853
PC1_cellid_000153359-1,PC1_A2,PASC,PC1,singlet,Fibroblast,Acinar,,FALSE,FALSE,154.374465093011,154.312681980179,,,Fibroblast singlet,166,142,11941.463550134,18520.8417413907,153359,TRUE,67.8993255453428,39.9820391352635,9.29796248353245,12.0136781322977,7.99081284018607,1.50343630472312,0.74671608289228,89.6075692793088,0.533759287093226,0.850100089533461,0.844752064467397,0.707291614711377,1.36875991323097,11939.9376712329,18515.5,3267.45915145857,5066.91421552323,TRUE,32.0370057150542,32.0456920825191,6.38676620609471,10.1319172485388,5.68732235175219,1.78149164352221,0.827593859284066,108.121860250779,0.392032860991181,0.695556386565089,0.826175544089244,0.555971385787082,1.59712447038528,11940.0168181818,18530.1,3267.48081065226,5070.90962194199,35.8623198302886,0.471830985845975,0.89333333308413,3.99546512583611,0.859428100364606,18.5142909714701,1.45559813871887,TRUE,TRUE,TRUE,TRUE,TRUE,TRUE,FALSE,,,,,,,-0.367460388812933,0.326811777810755,0,Fibroblast singlet,Fibroblast singlet,,0,6.17986697546041
PC1_cellid_000153364-1,PC1_A2,PASC,PC1,singlet,Duct2,Myeloid,,FALSE,FALSE,413.250491581505,415.436333648276,,,Duct2 singlet,524,449,11189.5722737424,18482.3988725993,153364,TRUE,128.036064273647,51.9958427866375,12.767951291631,16.0091369495015,9.99771593541517,1.60127943707721,0.781024312557897,89.8694859173154,0.595120534710456,0.88914111864736,0.890774941151111,0.799951400391635,1.2962761540426,11190.6916573704,18474.35,3062.42200536131,5055.65318989774,TRUE,27.9634356035028,24.000007205203,5.96692148574413,8.0182253340956,3.99547654752343,2.00682577740916,0.867005045209784,179.804452023732,0.610067160507506,0.933394993039926,0.951240537594113,0.872858177961764,1.28029832067923,11183.4371575342,18485.35,3060.43675363458,5058.66342761051,100.072628670144,0.218402805178027,0.279431408690987,3.60593337513287,0.564841341750426,89.9349661064167,3.40051490294341,TRUE,TRUE,TRUE,TRUE,TRUE,TRUE,FALSE,,,,,,,0.125804220217417,-0.983669293915148,0,Duct2 singlet,Duct2 singlet,,0,0
PC1_cellid_000153366-1,PC1_A2,PASC,PC1,singlet,Duct2,Fibroblast,,FALSE,FALSE,257.954307803123,261.054389588878,,,Duct2 singlet,322,285,11351.4008084402,18458.3112420609,153366,TRUE,83.9723099224188,43.9774296508752,10.3400612017522,11.9953410929868,9.99778366604646,1.19980002472357,0.552561349716649,89.7383772461516,0.545614971733562,0.857383717811752,0.83224374275664,0.70019622172239,1.353807327576,11351.3999247613,18459.15,3106.40110420256,5051.49358869464,TRUE,20.0911368604962,20.0319196006601,5.05774949453509,6.02053762020877,4.01365028931918,1.50001549266145,0.745362151477913,179.73956643219,0.629171785819508,0.909654997002296,0.941581861730402,0.831437690612102,1.26071052965467,11344.0875,18455.55,3104.40000085817,5050.50841998865,63.8811730619226,0.239259070956433,0.314507951159193,2.23046451982554,0.431421917528566,89.9988108139611,2.64115585360854,TRUE,TRUE,TRUE,TRUE,TRUE,TRUE,FALSE,,,,,,,-0.367460388812933,-0.787853821188061,0,Duct2 singlet,Duct2 singlet,,0,0
PC1_cellid_000153371-1,PC1_A2,PASC,PC1,singlet,Fibroblast,Tcell,,FALSE,FALSE,132.782150748435,139.264384695117,,,Fibroblast singlet,122,118,11964.9044876742,18578.3367060255,153371,TRUE,67.9270343594036,47.9730078848496,9.29985947759302,16.3903265843295,8.38956554452296,1.95365618064495,0.859068408069148,142.910218314286,0.37090152528918,0.739583503198375,0.826654244284705,0.49398706317282,1.64199068935246,11962.1061643836,18577.5,3273.52573637834,5083.88100990429,TRUE,23.9175743060214,24.0002416449934,5.51840569553998,8.01817863451096,3.99540641917256,2.00684931338715,0.867008403924606,90.0000000087396,0.521790018530715,0.857002938272723,0.901670734229778,0.746587030660902,1.38436979872086,11969.3833333333,18573.8,3275.51719168877,5082.8684754009,44.0094600533822,0.352106853008654,0.543464388601347,2.23408155043812,0.480454903865233,52.910218305546,1.89072689102652,TRUE,TRUE,TRUE,TRUE,TRUE,TRUE,FALSE,,,,,,,-0.367460388812933,0.0534907834310385,0,Fibroblast singlet,Fibroblast singlet,,0,5.10554797811874
PC1_cellid_000153405-1,PC1_A2,PASC,PC1,doublet_certain,Duct2,Fibroblast,Duct2__Fibroblast,FALSE,FALSE,645.010136523942,667.80172924944,TRUE,spatially_supported_contact,Supported Duct2-Fibroblast doublet,1083,872,11582.9931037577,18889.2765015555,153405,TRUE,127.981021088941,56.019002384405,12.7652065015034,16.0089908330212,12.0273607076032,1.33104770186683,0.659974642334315,89.6075692923582,0.512489172108461,0.852973766167229,0.827884548736268,0.664677961085374,1.39687534757569,11579.5996575342,18896.8,3168.84978071498,5171.26000096672,TRUE,52.0727249474096,32.0732446705645,8.14254583070671,8.04554443230754,7.99081283712157,1.00684931477514,0.116443828790921,89.9999999941899,0.636113150875642,0.896893985309681,0.91455633945561,0.809960628118695,1.25381312784765,11583.2,18882.2,3169.83504313946,5167.26459454796,75.908296141531,0.406878492609876,0.685995175592666,4.11509592794659,0.644736287033757,0.3924307018317,2.31133033539833,TRUE,TRUE,TRUE,TRUE,TRUE,FALSE,TRUE,PC1_A2,9.85334357935804,25.2954172227299,TRUE,TRUE,30,1.17239445043344,-0.119435302709143,0.331081078636861,Supported Duct2-Fibroblast,Supported Duct2-Fibroblast,25.2954172227299,2.32567743477466,3.35692607791887
PC1_cellid_000153436-1,PC1_A2,PASC,PC1,singlet,Fibroblast,Acinar,,FALSE,FALSE,277.561187206966,278.311921532134,,,Fibroblast singlet,397,248,11905.9492146015,18662.1421039054,153436,TRUE,107.889884228443,43.9771173980736,11.7204806674706,11.9954660510552,9.99765871001715,1.19982751919236,0.55259015764184,89.7383772551506,0.701030758042046,0.947432107608846,0.938687729854587,0.899632826557121,1.19434958574026,11907.5831050228,18665.35,3258.60506642351,5107.92186291035,TRUE,31.8718761609445,27.9955543529669,6.37028516575329,7.99997632704552,6.0022939440761,1.33281981821194,0.661110029945213,89.7383772673942,0.511021709124244,0.841261526584784,0.873619111580004,0.663745618974276,1.39887956087104,11896.6248858448,18658.1,3255.60626236581,5105.93784259966,76.0180080674987,0.295411162834374,0.419267446845645,3.59571444495663,0.613577982138651,1.22436318861219e-08,2.67509775085866,TRUE,TRUE,TRUE,TRUE,TRUE,TRUE,FALSE,,,,,,,0.534116633360937,1.62667012736577,0.374620829982279,Fibroblast singlet,Fibroblast singlet,,0,6.7828857956767
PC1_cellid_000153444-1,PC1_A2,PASC,PC1,singlet,Duct2,Fibroblast,,FALSE,FALSE,398.712092871975,408.630359074374,,,Duct2 singlet,571,504,11262.6476960418,18922.0716166309,153444,TRUE,135.96303175793,56.0461891417887,13.1572606820827,16.014539441251,11.9972404247346,1.33485192182871,0.662404048609802,179.843454537376,0.543924383176705,0.860404389371796,0.845797512036936,0.707660613308769,1.35590960105672,11261.7744897959,18919.9,3081.8743892611,5177.58150016354,TRUE,67.8446568040679,35.9589233026998,9.29421862998309,9.99765871001615,7.99085448791227,1.25113762510827,0.600968668213451,179.738377254652,0.659344146643633,0.918919741337245,0.902369647936995,0.84922763926558,1.23152695622298,11258.1082762557,18919.95,3080.87110069184,5177.59518306223,68.1183749538617,0.498993409619385,0.995981727985451,1.00338186893834,0.152521393572375,0.105077282724039,1.93152102604979,TRUE,TRUE,TRUE,TRUE,TRUE,TRUE,FALSE,,,,,,,0.0362355725059641,-0.654354166604981,0.126157971881131,Duct2 singlet,Duct2 singlet,,0,2.91848047211265
PC1_cellid_000153460-1,PC1_A2,PASC,PC1,singlet,Duct2,Myeloid,,FALSE,FALSE,596.473232353783,610.286144900333,,,Duct2 singlet,957,769,11050.6869007429,18600.5333519533,153460,TRUE,307.679420307035,92.0056067066543,19.7926654353603,28.0136763730337,15.9908586691723,1.75185566627797,0.821072945297665,179.738774847561,0.456751230094677,0.854993142971902,0.792514447894472,0.686841545175827,1.47965387936254,11048.65,18595.65,3023.55117319763,5088.84790213035,TRUE,91.8719430360686,43.9772890818049,10.8154977197158,11.9954245876288,9.99761762712149,1.19982830227516,0.552590978082808,179.73956643061,0.596947113872621,0.884707748884834,0.858693450645018,0.766074055172874,1.29429141782935,11044.9916485056,18599.15,3022.5500361399,5089.80570503896,215.807477270966,0.298596321266477,0.42571251095465,1.38551861051755,0.140003236415267,0.000791583049419842,4.48858385782224,TRUE,TRUE,TRUE,TRUE,TRUE,TRUE,FALSE,,,,,,,0.877462423543502,-0.845994579072601,0.0527420739694415,Duct2 singlet,Duct2 singlet,,0,0
PC1_cellid_000153492-1,PC1_A2,PASC,PC1,singlet,Duct2,Fibroblast,,FALSE,FALSE,234.623259516352,237.962348417439,,,Duct2 singlet,264,243,11200.1738715772,18165.0739639188,153492,TRUE,44.0641287946583,32.0189822804486,7.49027311155356,8.04554443312391,7.99081283793693,1.00684931477456,0.116443828786089,89.99999998548,0.540107246791155,0.846191458903943,0.853796247152696,0.68539162228991,1.36069252072509,11196.85,18171.05,3064.10728492783,4972.65272641751,TRUE,23.9995774179332,24.0002728837142,5.52785772478323,6.02047542594315,5.99310962896243,1.00456620951824,0.0952378485599303,89.9999999883605,0.523577649901584,0.800354636477639,0.853718657633206,0.665151515002301,1.38200447731232,11196.85,18163.8,3064.10728492783,4970.66870610682,20.064551376725,0.544651127095383,1.1961183160971,1.98402031068781,0.529759135839765,2.88045498564316e-09,0.981207693385167,TRUE,TRUE,TRUE,TRUE,TRUE,TRUE,FALSE,,,,,,,-0.367460388812933,-0.983669293915148,0,Duct2 singlet,Duct2 singlet,,0,0
PC1_cellid_000153494-1,PC1_A2,PASC,PC1,singlet,Fibroblast,Myeloid,,FALSE,FALSE,193.050142404605,199.090421378231,,,Fibroblast singlet,179,139,11708.9066800966,18806.57881464,153494,TRUE,92.0082404458124,51.940845735064,10.8235174586227,12.7133053742188,11.3200664286834,1.12307692284664,0.455157472004647,135.000000001298,0.428566831055603,0.780070921305437,0.77579497006731,0.639321443110496,1.52753342456009,11710.8,18805.05,3204.75380060757,5146.1518818625,TRUE,27.8814324915966,27.9954041281232,5.95816602757632,10.0104460897582,3.99546639760153,2.50545120061855,0.916894475039041,89.8430256492825,0.447045229606258,0.822582605123234,0.939863473046548,0.697098534124745,1.4956303425731,11710.7900684932,18797.7,3204.75108277153,5144.14049575442,64.1268079542159,0.30303190620178,0.434785908993864,2.01138794428094,0.371669921216203,45.1569743520151,2.43267571552317,TRUE,TRUE,TRUE,TRUE,TRUE,TRUE,FALSE,,,,,,,-0.367460388812933,0.792691815281193,0,Fibroblast singlet,Fibroblast singlet,,0,6.66328965050285
PC1_cellid_000153516-1,PC1_A2,PASC,PC1,singlet,Fibroblast,Myeloid,,FALSE,FALSE,187.296064336271,187.505998905807,,,Fibroblast singlet,250,188,11820.1057809743,18718.5886770699,153516,TRUE,51.8540499823234,35.9865390057072,8.12543088040061,10.0158343462553,7.9908128401851,1.25341871260662,0.602898376694351,179.607569288373,0.503167271796019,0.787139349285047,0.859273732636505,0.647894942922222,1.40975553163564,11816.4998287671,18720.55,3233.67940158829,5123.02778306896,TRUE,20.0091337485875,20.0047412314462,5.04741719541753,6.02053762020877,4.00456990735993,1.50341678516575,0.746708390549098,89.7395664321857,0.628307545432433,0.909318313279457,0.941502495058674,0.829921724771245,1.26157728873358,11823.7415909091,18713.2,3235.66116754344,5121.01639696089,31.8449162337358,0.385874078332353,0.628330550328375,2.82366258195872,0.695018545248967,89.868002856187,1.53900684249154,TRUE,TRUE,TRUE,TRUE,TRUE,TRUE,FALSE,,,,,,,-0.367460388812933,0.821429725579749,0,Fibroblast singlet,Fibroblast singlet,,0,5.30330490805908
PC1_cellid_000153597-1,PC1_A2,PASC,PC1,singlet,Fibroblast,Endothelium,,FALSE,FALSE,227.975843703571,234.944002388724,,,Fibroblast singlet,277,232,11846.9620898004,18077.3271070038,153597,TRUE,64.0998480270102,36.0690259456814,9.03407224453644,10.015881843485,8.01817863654987,1.24914675689694,0.599270710188137,0,0.619153076780415,0.888927545855521,0.868916780351685,0.798163897021142,1.27086957340066,11846.9753401361,18077.35,3242.01926828271,4947.0109742642,TRUE,24.0542461592004,24.0002728837142,5.53415010897679,6.02047542553596,5.99310962937011,1.00456620938197,0.0952378471484306,89.9999999805961,0.524770309696266,0.800717953811627,0.88815813916564,0.666666666516747,1.38043312435799,11839.65,18073.7,3240.01463054304,4946.01212265951,40.0456018678098,0.375262140174059,0.600671360430455,2.23970466702956,0.49583501248304,89.9999999805961,1.74996106777982,TRUE,TRUE,TRUE,TRUE,TRUE,TRUE,FALSE,,,,,,,0.633723371471812,0.63446180613878,0.41600915065282,Fibroblast singlet,Fibroblast singlet,,0,5.66922092681692
PC1_cellid_000153604-1,PC1_A2,PASC,PC1,singlet,Duct2,Fibroblast,,FALSE,FALSE,165.955011393026,173.326560921046,,,Duct2 singlet,169,162,11012.86820111,18380.5719229514,153604,TRUE,27.908392418802,23.9725478503568,5.96104595332109,8.00454251435209,3.99538299021674,2.00344811210083,0.866521669782735,179.80378235031,0.610261955904394,0.933272394857824,0.951184686068093,0.872649590015326,1.28009396898821,11014.95,18376.45,3014.32889947761,5028.8620742541,TRUE,11.9997887089667,16.0091789006239,3.90878568262867,4.02277221493023,3.99540641835669,1.00684931417552,0.116443826647037,90.0000000058066,0.588362991507019,0.857421874954179,0.926902718980124,0.746598639724366,1.30369898054291,11007.65,18376.45,3012.33119626822,5028.8620742541,15.9086037098353,0.429970616888082,0.754295532172001,1.99770320938296,0.670252575914955,89.8037823445035,1.02613013534621,TRUE,TRUE,TRUE,TRUE,TRUE,TRUE,FALSE,,,,,,,0.238779561151999,-0.983669293915148,0,Duct2 singlet,Duct2 singlet,,4.09720044086806,0
PC1_cellid_000153618-1,PC1_A2,PASC,PC1,singlet,Duct2,Fibroblast,,FALSE,FALSE,667.186096293725,673.132837320711,,,Duct2 singlet,1307,1009,11405.5295127675,18598.4499002782,153618,TRUE,191.999614890921,68.0324952679415,15.635264700447,19.9999824352518,14.0067636849704,1.42788033561276,0.713810595450829,89.869485927272,0.52128763240226,0.857211638121305,0.825987967724355,0.685382390358382,1.38503672537824,11406.7293280182,18594.25,3121.54243659427,5088.46478096691,TRUE,59.9450236904225,36.0139194945536,8.73638224167945,10.0066980021974,7.99993505321732,1.25084740466112,0.600721950000537,89.7395664305103,0.580794134007109,0.857311926989354,0.859061875135718,0.748817321348188,1.31216632858352,11414.0417609771,18590.5,3123.543542182,5087.43856356483,132.054591200498,0.312214291270096,0.453941230978244,2.24889878152537,0.28767006145849,0.129919496761659,3.44944122938375,TRUE,TRUE,TRUE,TRUE,TRUE,TRUE,FALSE,,,,,,,0.718757805294306,-0.740200419258075,0.0932709641789036,Duct2 singlet,Duct2 singlet,,2.15768756831102,2.15768756831102
PC1_cellid_000153624-1,PC1_A2,PASC,PC1,doublet_certain,Fibroblast,Duct2,Duct2__Fibroblast,FALSE,FALSE,183.40760277775,204.16446660443,TRUE,spatially_supported_contact,Supported Duct2-Fibroblast doublet,188,178,11338.3833714536,18232.9047269154,153624,TRUE,60.082069987036,39.9823333678023,8.74636309771323,11.6386771680486,8.05283867200502,1.44528875321373,0.721990220928987,63.4349488260629,0.472300580109856,0.789794401531916,0.827356699675851,0.64105053390571,1.4550930297375,11339.6042237443,18236.3,3103.17311656165,4990.5089092137,TRUE,12.0274975230368,16.0094594086675,3.91329598555165,4.02286529602042,4.0090896322634,1.00343610701546,0.0826858904319,89.6102388046805,0.58970092018275,0.857703604760576,0.926903999746365,0.745751300646721,1.30221920777442,11335.862755102,18214.45,3102.14923383365,4984.52948248425,48.0545724639992,0.200184473065427,0.250288305645513,6.06645529560715,1.38719493210185,26.1752899786177,2.41653355608079,TRUE,TRUE,TRUE,TRUE,TRUE,FALSE,TRUE,PC1_A2,7.61467368276374,9.49009403616328,TRUE,TRUE,30,0.217880254645285,-0.464816329437602,0.198768390136383,Supported Duct2-Fibroblast,Supported Duct2-Fibroblast,9.49009403616328,0,0
PC1_cellid_000153648-1,PC1_A2,PASC,PC1,singlet,Fibroblast,Myeloid,,FALSE,FALSE,317.358418383624,320.12804604612,,,Fibroblast singlet,322,266,11588.0151556421,18609.9452597571,153648,TRUE,80.0088261802752,44.0871730644829,10.093086813288,12.0137097264257,10.0068223888034,1.20055190912376,0.553347900714346,179.739566432924,0.517277107356458,0.815773800427349,0.833402459380783,0.665525304699408,1.39039555445211,11585.8164772727,18604.45,3170.55106300864,5091.25609230057,TRUE,36.0270749409635,28.0504102597394,6.77282042401627,8.01817863451096,5.99310962896243,1.33789954251811,0.664329013390804,90,0.575387511973855,0.857515908791986,0.873455511108497,0.749723377984755,1.31831679182411,11585.85,18611.8,3170.56023677026,5093.26747840864,43.9817512393116,0.450288757583879,0.819136890132982,2.01140702834226,0.398571232283158,89.7395664329239,1.66013319463587,TRUE,TRUE,TRUE,TRUE,TRUE,TRUE,FALSE,,,,,,,-0.367460388812933,0.574339177174188,0,Fibroblast singlet,Fibroblast singlet,,0,4.54507725509712
PC1_cellid_000153655-1,PC1_A2,PASC,PC1,singlet,Fibroblast,Endothelium,,FALSE,FALSE,241.725860254993,247.840844575236,,,Fibroblast singlet,231,174,11822.0593602667,18094.4611523534,153655,TRUE,47.9175261673852,36.0139201320705,7.81092114940336,10.0158343462553,8.01817799691399,1.2491409328518,0.599265724029058,89.6075693000423,0.464262342652092,0.772924392679851,0.822755845988159,0.596666373174298,1.46763571086305,11825.1081818182,18092,3236.03514604275,4951.02006358166,TRUE,27.9907699741345,28.0230132302219,5.96983711826828,7.99997632704588,6.02053761826544,1.32878105422659,0.658512911182946,89.7383772527879,0.4479144214608,0.776339976512719,0.860939449864414,0.5811535151996,1.49417847930668,11821.4581632653,18092,3235.03628936092,4951.02006358166,19.9267561932506,0.584144721297087,1.40468271346484,0.998856681833331,0.255758996965944,0.130807952745585,0.920542015567542,TRUE,TRUE,TRUE,TRUE,TRUE,TRUE,FALSE,,,,,,,-0.367460388812933,0.668673759577515,0,Fibroblast singlet,Fibroblast singlet,,0,6.86001456394828
PC1_cellid_000153680-1,PC1_A2,PASC,PC1,singlet,Fibroblast,Endothelium,,FALSE,FALSE,288.547402343847,300.306274018777,,,Fibroblast singlet,302,261,11559.0323192424,18680.0130128219,153680,TRUE,68.0633317691581,39.9544546709763,9.30918501024237,10.0159168264119,10.0090754184079,1.00068352020337,0.0369545752172653,89.8037823347151,0.535787594133998,0.829448591811713,0.862342441340841,0.678935524666577,1.36616663010913,11556.8751712329,18677.7,3162.6310438361,5111.30153888786,TRUE,19.9275050801162,20.0050226609992,5.03711102676075,6.00683906593253,3.99550013538367,1.50340104074144,0.746702185487006,179.607569283851,0.62572671485959,0.907848723122834,0.940126002609698,0.830301422965659,1.26417632021063,11560.5621575342,18688.55,3163.64001703709,5114.27072790455,48.1358266890419,0.29277886578891,0.41398489330428,3.13593850977824,0.673729977348318,89.8037869491354,2.13603699174081,TRUE,TRUE,TRUE,TRUE,TRUE,TRUE,FALSE,,,,,,,0.0300879621073389,0.183978823658861,0.165188208568959,Fibroblast singlet,Fibroblast singlet,,0,5.58312278885007
PC1_cellid_000153748-1,PC1_A2,PASC,PC1,singlet,Fibroblast,Myeloid,,FALSE,FALSE,356.095198232524,362.848270181377,,,Fibroblast singlet,384,299,11694.7385957673,18879.354449863,153748,TRUE,119.78070989831,55.9909363301597,12.349475152369,14.0112882634729,13.9839224648614,1.0019569470539,0.0624694763608883,89.9999999916624,0.480132701272218,0.821368048062336,0.847699257728727,0.611335769340407,1.44317619543244,11696.4438356164,18878.1,3200.82512174956,5166.14259685502,TRUE,27.99076997414,24.0001009159944,5.96983711826886,8.01822533409511,4.00229460807134,2.00340707364281,0.866515780096568,89.8044520237284,0.610658734823676,0.933455707876045,0.951240727980292,0.872222999853973,1.27967802731469,11692.7563139932,18870.85,3199.81600205347,5164.15857654433,91.7899399241697,0.233683453667677,0.304943766105681,2.22590636691233,0.360485985978195,0.195547967933933,3.18981901705005,TRUE,TRUE,TRUE,TRUE,TRUE,TRUE,FALSE,,,,,,,-0.367460388812933,1.0632481133599,0,Fibroblast singlet,Fibroblast singlet,,0,5.82759666897228
PC1_cellid_000153752-1,PC1_A2,PASC,PC1,singlet,Duct2,Fibroblast,,FALSE,FALSE,452.88316315413,462.873269280108,,,Duct2 singlet,608,531,11271.5365118722,18865.5998066145,153752,TRUE,115.981606823412,56.0182870034994,12.1520520188771,16.0227886427691,12.0045150924043,1.33473018408338,0.662326764937037,179.869485924373,0.464450395089465,0.816589949219808,0.831460202953727,0.602984842653775,1.46733856371953,11268.8869863014,18865,3083.82078064406,5162.55767739709,TRUE,59.8907293925845,35.9867262673623,8.73242492241823,10.002187389114,7.99777115519906,1.25062185346345,0.600530018833384,179.804452032368,0.581145374411436,0.882402268529729,0.869378967375203,0.748678983957888,1.31176973634303,11272.55,18872.35,3084.82319355115,5164.56906350516,56.0908774308277,0.516381269649138,1.06774456248728,2.24733302206594,0.369868893726959,0.0650338920049762,1.70981354822941,TRUE,TRUE,TRUE,TRUE,TRUE,TRUE,FALSE,,,,,,,0.0293663869078025,-0.657340230954188,0.125014034688572,Duct2 singlet,Duct2 singlet,,0,2.85918883045948
PC1_cellid_000153757-1,PC1_A2,PASC,PC1,singlet,Duct2,Fibroblast,,FALSE,FALSE,520.036255311823,539.112520593003,,,Duct2 singlet,732,619,11405.5461127418,18888.7947970896,153757,TRUE,127.954435605175,55.9916018623251,12.7638805751534,17.059493107581,11.3729954053791,1.49999999959619,0.745355992482886,161.329912501409,0.512884323337405,0.842664516347661,0.849526001959614,0.659499330631849,1.39633713326137,11404.196766225,18890.2,3120.8493808652,5169.45385833906,TRUE,63.9635506172771,31.9909449996649,9.0244624254072,8.01822533319848,7.99095341706632,1.00341284850041,0.0824069985252962,89.8037823403368,0.785395283946577,0.999999999988295,0.999999999914458,0.998287671021816,1.12838123515197,11400.549914968,18890.15,3119.85139093913,5169.44017544037,63.9908849878978,0.499893187053308,0.999572839465784,0.998083721067393,0.156391892516823,71.5261301610722,1.86970907487309,TRUE,TRUE,TRUE,TRUE,TRUE,TRUE,FALSE,,,,,,,0.0740565786065748,0.00484886309706371,0.18345792840543,Duct2 singlet,Duct2 singlet,,0,3.73727922202621
PC1_cellid_000153768-1,PC1_A2,PASC,PC1,singlet,Duct2,Myeloid,,FALSE,FALSE,752.995408624925,770.813177926067,,,Duct2 singlet,1442,1108,11234.310865063,18305.2194645421,153768,TRUE,279.881488701089,80.0192228022001,18.8773986357648,20.0114031477893,20.0045617377454,1.00034199236135,0.0261464008939062,179.803782345454,0.549282017783548,0.853320364451006,0.83145626947694,0.699145541903306,1.34928070280468,11233.9258219178,18309.95,3074.25337923409,5010.66381899055,TRUE,68.0086630278813,36.0136233385034,9.30544567184542,10.0090988468609,7.99085969639568,1.25256846243312,0.602181053942666,89.804452020103,0.658931797094008,0.919099451949844,0.924789524579388,0.850306998499807,1.23191223142676,11244.85,18306.1,3077.24286767446,5009.61023579108,211.872825673208,0.242990929271796,0.320988134313968,3.16971271462824,0.335820922408742,89.9993303253512,4.78597648195968,TRUE,TRUE,TRUE,TRUE,TRUE,TRUE,FALSE,,,,,,,0.794998953095055,-0.864017729077434,0.0458375504205501,Duct2 singlet,Duct2 singlet,,2.07125975698358,0
PC1_cellid_000153776-1,PC1_A2,PASC,PC1,doublet_certain,Duct2,Fibroblast,Duct2__Fibroblast,FALSE,FALSE,557.357834912978,594.505525168411,TRUE,spatially_supported_contact,Supported Duct2-Fibroblast doublet,767,644,11151.6641779675,18858.36981402,153776,TRUE,187.926419222797,63.9548518741038,15.4685276757338,18.0067765265385,13.990869305834,1.28703771934371,0.629527743170594,179.803782346065,0.577365338518323,0.895415181387762,0.841307131028823,0.745945613160331,1.31605683769721,11148.2378424658,18854.7,3050.80418039069,5159.73900026604,TRUE,36.0821181256684,32.0457677652338,6.77799230269601,10.0090988489955,6.0204403601807,1.66251939154588,0.798875251777523,179.804452012485,0.441530313751886,0.782921676945315,0.841969382202555,0.598782069732199,1.50494191047931,11137.3,18858.25,3047.8109525828,5160.71048607334,151.844301097128,0.192001307069929,0.237625764434926,3.14693460111305,0.406882240251084,0.000669666419980786,4.3452676865189,TRUE,TRUE,TRUE,TRUE,TRUE,FALSE,TRUE,PC1_A2,18.3880589950536,23.2266852307468,TRUE,TRUE,30,0.320967624331029,-0.349756632491413,0.242846832965756,Supported Duct2-Fibroblast,Supported Duct2-Fibroblast,23.2266852307468,2.64175437844846,0
PC1_cellid_000153787-1,PC1_A2,PASC,PC1,singlet,Duct2,Fibroblast,,FALSE,FALSE,527.588353937333,542.958172305025,,,Duct2 singlet,757,636,11241.2143583746,18886.4767885709,153787,TRUE,136.072743683894,60.0138645116749,13.1625680708191,16.0226163766985,13.5688494757961,1.18083824292162,0.531822193349824,75.7792297041347,0.474764042163928,0.791038668160801,0.814255016808317,0.625885200303724,1.45131301694019,11247.0005990229,18883.55,3077.8313962457,5167.63403281271,TRUE,75.8262930296236,39.9543765797455,9.82573329660402,9.99765871001615,9.98853687292148,1.00091323028304,0.0427078703214655,89.738377254652,0.596899165373127,0.883721945102233,0.853554535559891,0.759310910952335,1.29434340151677,11243.4081050228,18890.7,3076.84828161645,5169.59068732601,60.2464506542706,0.557248211296455,1.25860182954467,2.18975141481085,0.332724039822929,13.9591475505174,1.66841738710753,TRUE,TRUE,TRUE,TRUE,TRUE,TRUE,FALSE,,,,,,,0.441868165980307,-0.643714164899634,0.130234070804744,Duct2 singlet,Duct2 singlet,,0,3.31127556472947
PC1_cellid_000153824-1,PC1_A2,PASC,PC1,singlet,Fibroblast,Myeloid,,FALSE,FALSE,181.764206461803,182.502674242168,,,Fibroblast singlet,199,150,11867.6587447243,18678.4553111351,153824,TRUE,67.9000744322103,43.9500329053497,9.298013758731,13.9050761652794,8.21857846404317,1.69190769687057,0.806635807533386,161.32991250344,0.441734892345421,0.755248832776619,0.83997306107079,0.594155569543523,1.50459338199514,11867.4540525114,18680.15,3247.62343121919,5111.97200092389,TRUE,27.9630611600713,31.9640947867997,5.96688153568099,10.7282645517464,5.37015094056976,1.99775847364564,0.865701262084344,116.095424173873,0.343929760183311,0.666872053138674,0.820913419076156,0.485365323657672,1.70515994113251,11867.45,18676.5,3247.62232221712,5110.9731493192,39.937013272139,0.41182666425308,0.700179078553608,0.998852220341998,0.214852815689916,45.2344883295666,1.66556611152501,TRUE,TRUE,TRUE,TRUE,TRUE,TRUE,FALSE,,,,,,,-0.367460388812933,1.03803976691542,0,Fibroblast singlet,Fibroblast singlet,,0,6.751418794939
PC1_cellid_000153831-1,PC1_A2,PASC,PC1,doublet_certain,Duct2,Fibroblast,Duct2__Fibroblast,FALSE,FALSE,565.168491079876,588.010771166956,TRUE,spatially_supported_contact,Supported Duct2-Fibroblast doublet,874,738,11716.819511596,18011.4298220554,153831,TRUE,123.990577419604,51.995927794272,12.5646212177362,14.0022702711215,12.0137097252469,1.16552427086748,0.513678097151289,89.7383772514609,0.576314945924647,0.8852427023497,0.856229759290319,0.73707739459211,1.317255615367,11718.8049543379,18008.35,3206.94442019274,4928.12857406593,TRUE,51.9903473920738,32.018480225997,8.13610264463932,8.01822000103188,8.00909816335732,1.00113893409081,0.0476863004646281,179.738377256618,0.637281271027067,0.895896916384614,0.889846316288327,0.809582542442161,1.25266349721421,11711.4665525114,18004.75,3204.93620801733,4927.14340535994,72.0002300275304,0.419308857736318,0.722085851183721,2.23684454550254,0.356054433027311,89.9999999948428,2.21425928654844,TRUE,TRUE,TRUE,TRUE,TRUE,FALSE,TRUE,PC1_A2,8.53677667266183,22.2096087369035,TRUE,TRUE,30,0.00214860947179701,-0.442031103902379,0.153578924818296,Supported Duct2-Fibroblast,Supported Duct2-Fibroblast,22.2096087369035,0,3.17317926872446
PC1_cellid_000153841-1,PC1_A2,PASC,PC1,doublet_certain,Fibroblast,Duct2,Duct2__Fibroblast,FALSE,FALSE,196.465523316161,217.089104179043,TRUE,spatially_supported_contact,Supported Duct2-Fibroblast doublet,176,168,11368.5800313141,18159.4598586498,153841,TRUE,40.0182674971756,31.9638136412401,7.13812585271469,8.94623870683253,7.15943863717639,1.24957264902843,0.599635029478789,153.434948824087,0.492210605467556,0.769719405381818,0.832271786576904,0.624796847725679,1.42535983359506,11368.5748287671,18159.45,3111.10115363451,4969.47829392041,TRUE,24.0819549732701,20.0319196006591,5.53733666905843,6.02047542757487,4.02277221574659,1.49659863909594,0.743998023010802,0,0.754147797696335,0.999999999968945,0.999999999863389,0.99434137264588,1.15152074463759,11364.925,18159.5,3110.10234888906,4969.4919768191,15.9363125239055,0.60177405153664,1.51113721709676,0.99889846393364,0.279876954188187,26.5650511759132,0.800394591828129,TRUE,TRUE,TRUE,TRUE,TRUE,FALSE,TRUE,PC1_A2,6.32527466735986,8.24003630985829,TRUE,TRUE,30,0.0895160189884263,-0.15196558103583,0.189881592989235,Supported Duct2-Fibroblast,Supported Duct2-Fibroblast,8.24003630985829,0,4.74176506316655
PC1_cellid_000153850-1,PC1_A2,PASC,PC1,singlet,Duct2,Myeloid,,FALSE,FALSE,401.854258471327,403.529374427251,,,Duct2 singlet,567,477,11267.2403670973,18491.1666740414,153850,TRUE,120.16413997408,51.9953833780675,12.369225314226,15.7849635242786,10.5279174979887,1.49934339086445,0.745094758027407,80.3050273304245,0.558541152807792,0.845224518602153,0.908701789063584,0.723084125038746,1.33805021255947,11267.4917708756,18496.05,3083.43896881751,5061.59156793111,TRUE,51.9633874648711,31.9636574530082,8.13399285705793,8.0090981641414,7.99997632704488,1.00114023266869,0.0477134315440882,179.738377244602,0.639137623049201,0.89669944817338,0.890768025629847,0.811007996244183,1.25084301654811,11267.4831050228,18488.7,3083.4365973378,5059.58018182303,68.2007525092085,0.432436727560782,0.761918095408637,2.01138750609581,0.325224490903281,80.5666500858222,2.11761622858404,TRUE,TRUE,TRUE,TRUE,TRUE,TRUE,FALSE,,,,,,,0.469820943829444,-0.983669293915148,0,Duct2 singlet,Duct2 singlet,,2.92513191271328,0
PC1_cellid_000153860-1,PC1_A2,PASC,PC1,singlet,Duct2,Myeloid,,FALSE,FALSE,314.727630987965,318.579322068524,,,Duct2 singlet,415,380,11251.4856539943,18122.3301722734,153860,TRUE,55.9542055776454,40.0095758201553,8.44056320607215,12.0270827512002,7.9910002628581,1.50507850725308,0.747361911422734,179.610238814703,0.439252967405648,0.778029427376185,0.831966722725694,0.5821987787006,1.50883812013998,11251.5,18126.95,3079.06269320081,4960.58440976905,TRUE,28.0450642719811,24.0274200142058,5.97562422393892,6.02047542553596,5.99310962773888,1.00456620965539,0.0952378499804481,90.0000000038846,0.610452706113884,0.875426621139966,0.93545887411147,0.777272727309615,1.2798939557308,11247.85,18123.4,3078.06384159612,4959.61292396175,27.9091413056642,0.501214591065045,1.00487019485048,1.39337331752204,0.3301612179666,89.6102388108179,1.23246949106661,TRUE,TRUE,TRUE,TRUE,TRUE,TRUE,FALSE,,,,,,,0.203691830401284,-0.983669293915148,0,Duct2 singlet,Duct2 singlet,,0,0
PC1_cellid_000153861-1,PC1_A2,PASC,PC1,singlet,Fibroblast,Myeloid,,FALSE,FALSE,232.101507012948,234.69293998103,,,Fibroblast singlet,233,187,11706.6520984725,18993.184282856,153861,TRUE,47.9725693520933,35.9591263492141,7.81540609064144,9.83963874165938,8.0528386715491,1.22188449808132,0.574637634253778,63.4349488245164,0.466213215372538,0.774153589568467,0.818363395836526,0.605431240467857,1.46456182546051,11707.8871575342,18994.95,3203.95667804014,5198.11953110383,TRUE,16.0460244498798,20.0047727541584,4.52000363554879,6.02052164145288,4.00918271476759,1.50168302760739,0.746023612089317,89.6075692790919,0.503860216521527,0.799734995491161,0.883569014609479,0.664779285645809,1.40878579918473,11707.85,18995,3203.9465095846,5198.13321400253,31.9265449022135,0.334483323767081,0.502591949551716,0.017047557147347,0.00436255183825575,26.1726204545755,1.64770122754633,TRUE,TRUE,TRUE,TRUE,TRUE,TRUE,FALSE,,,,,,,-0.367460388812933,1.11729656752262,0,Fibroblast singlet,Fibroblast singlet,,0,6.24614835226695
PC1_cellid_000153867-1,PC1_A2,PASC,PC1,singlet,Duct2,Myeloid,,FALSE,FALSE,575.292808823464,588.195900802624,,,Duct2 singlet,967,810,11258.6493487748,18353.5535375717,153867,TRUE,200.007836600235,72.0004906473022,15.9580038481117,19.1939498857893,15.5962141999827,1.23068006352739,0.582879134408393,142.910218314398,0.484826069803012,0.840455042519908,0.793237220474996,0.668133833609723,1.43617385963096,11256,18357.2,3080.29415408331,5023.59415825676,TRUE,47.8905662401884,27.9680636068906,7.8087235036699,7.99770110638376,5.99316820067455,1.33446965527043,0.662161270296827,179.803782332221,0.769369629453757,0.999999999984385,0.999999999902153,0.999144578164394,1.14007252730583,11266.95,18346.2,3083.29070889738,5020.58392054399,152.117270360047,0.239443449076023,0.314826621091004,4.24745474856577,0.532329078708059,36.8935640178225,4.07464017222091,TRUE,TRUE,TRUE,TRUE,TRUE,TRUE,FALSE,,,,,,,0.453789666700339,-0.983669293915148,0,Duct2 singlet,Duct2 singlet,,0,0
PC1_cellid_000153868-1,PC1_A2,PASC,PC1,singlet,Fibroblast,Myeloid,,FALSE,FALSE,161.423772181569,168.722230017299,,,Fibroblast singlet,115,94,11669.0484069715,18470.3089855567,153868,TRUE,43.8997481274115,31.9913356280847,7.47628887348086,8.00449541775393,8.00449541753006,0.999999999686087,7.47892828206321e-06,89.6075692909529,0.539022815630675,0.814404201214031,0.8677526096551,0.685163324310181,1.36206058522273,11673.05,18472.65,3194.4232120933,5055.18797134213,TRUE,24.0272862320007,24.0274042347195,5.53104791004869,8.01822533409511,4.01593072621756,1.99660449227501,0.865533914257863,89.8044520237284,0.522999021283168,0.85672705908341,0.90226142151996,0.746174240795795,1.38276876773188,11669.3749146758,18472.6,3193.4174956896,5055.17428844344,19.8724618954108,0.54732173307219,1.20907446426951,1.00580947817,0.269066509467562,0.196882732775521,0.972620481716083,TRUE,TRUE,TRUE,TRUE,TRUE,TRUE,FALSE,,,,,,,-0.367460388812933,0.405888919182043,0,Fibroblast singlet,Fibroblast singlet,,0,6.7691426758635
PC1_cellid_000153879-1,PC1_A2,PASC,PC1,singlet,Duct2,Myeloid,,FALSE,FALSE,428.941664555902,448.620753172984,,,Duct2 singlet,541,490,11214.643097052,18671.6347280715,153879,TRUE,135.854068718826,51.9682427802123,13.1519874013769,14.0113921102804,11.9863442139605,1.16894624891236,0.517850178317615,89.7383772538277,0.632130069379222,0.931233444893675,0.903158812368173,0.808918219828802,1.25775709295506,11213.3914383562,18678.9,3068.63398143357,5111.62992845653,TRUE,68.1187493972921,40.0099328083608,9.31297404004418,10.0251491793716,10.0067805473573,1.00183561827761,0.060507464833324,179.738377245802,0.534737801316708,0.871631722173405,0.854023602438438,0.679018249356012,1.36750699608276,11216.9685787671,18667.95,3069.61289443075,5108.63337364246,67.7353193215339,0.501411183593344,1.00566071097829,3.15239772392265,0.47937967440553,89.999999991974,1.91950668066638,TRUE,TRUE,TRUE,TRUE,TRUE,TRUE,FALSE,,,,,,,0.0679114601400619,-0.983669293915148,0,Duct2 singlet,Duct2 singlet,,0,0
PC1_cellid_000153905-1,PC1_A2,PASC,PC1,singlet,Fibroblast,Endothelium,,FALSE,FALSE,250.466144462383,265.573070386082,,,Fibroblast singlet,206,172,11924.3062888178,18313.577104919,153905,TRUE,60.027401245767,36.0139513786067,8.74238302946029,10.0067805488656,8.00922312017136,1.24940713915739,0.599493518528871,89.7383772590323,0.581591242204478,0.881929659510753,0.892408503239094,0.748970606160166,1.31126681610136,11924.5499626401,18314.5,3263.24818230229,5011.90896277174,TRUE,32.0089224575569,28.0231072945413,6.38396631079166,8.00913982156721,6.01133285610094,1.33234009988195,0.66080331600334,89.7395664208996,0.5122103374322,0.841841960118901,0.873738642537163,0.664835808350935,1.39725550774215,11917.2748863636,18321.85,3261.2572996686,5013.92034887982,28.0184787882101,0.533238517542549,1.14242185266681,2.83006850392769,0.647436399873236,0.00118916186730189,1.17920835933431,TRUE,TRUE,TRUE,TRUE,TRUE,TRUE,FALSE,,,,,,,-0.367460388812933,0.679683778520081,0,Fibroblast singlet,Fibroblast singlet,,0,6.18710717729009
PC1_cellid_000153909-1,PC1_A2,PASC,PC1,singlet,Fibroblast,Myeloid,,FALSE,FALSE,225.777159694498,233.741317293437,,,Fibroblast singlet,233,190,11832.4056686556,18572.2399479167,153909,TRUE,148.099866763503,56.0459015034479,13.7319556849453,15.9999944950782,12.0227901026579,1.33080544156711,0.659818922490694,89.7395664361076,0.592484254633627,0.891557791659274,0.877109801146597,0.769891579103436,1.29915686693145,11830.4960136674,18563.45,3237.50956919027,5080.03611537116,TRUE,44.0360455371553,36.0418790991817,7.48788585460973,12.7392383644752,5.68263796140259,2.24178250398273,0.894996279533317,134.738377247597,0.425993845913224,0.813215688432568,0.836881791456047,0.60829585922475,1.53213959878552,11826.85,18563.4,3236.51180847727,5080.02243247247,104.063821226348,0.29734021033592,0.42316383363572,0.997854529535567,0.145333199578587,44.9988108114896,3.12203491516778,TRUE,TRUE,TRUE,TRUE,TRUE,TRUE,FALSE,,,,,,,-0.367460388812933,0.68931739442078,0,Fibroblast singlet,Fibroblast singlet,,0,6.24614835226695
PC1_cellid_000153925-1,PC1_A2,PASC,PC1,singlet,Duct2,Fibroblast,,FALSE,FALSE,728.772841449229,741.007044715159,,,Duct2 singlet,1547,1213,11543.1304662904,18916.4252292857,153925,TRUE,219.908756196579,75.9962085366554,16.7330966836091,18.3945114107633,18.0003808170039,1.02189568070641,0.205897956295322,142.910218313591,0.478485228017512,0.839856709756169,0.790373024620998,0.664159780189736,1.44565856174108,11546.7808219178,18915.1,3159.86864465482,5176.26794188887,TRUE,67.9539942866113,36.013779403072,9.30170483021369,10.0227349678114,7.99085969639668,1.25427492725201,0.603618398974772,89.8044520227838,0.658396408670041,0.91903963699325,0.901977697308285,0.848467550647985,1.23241300688035,11539.4437430189,18907.95,3157.8607945091,5174.31128737558,151.954761909968,0.309009952394875,0.447198846735724,2.80356185808264,0.335091813277808,53.1057662908075,3.71569592669768,TRUE,TRUE,TRUE,TRUE,TRUE,TRUE,FALSE,,,,,,,0.257753564883482,-0.680070032665127,0.116306430793985,Duct2 singlet,Duct2 singlet,,0,0
PC1_cellid_000153969-1,PC1_A2,PASC,PC1,singlet,Duct2,Myeloid,,FALSE,FALSE,539.306053316932,546.356648197883,,,Duct2 singlet,809,679,11123.8717604847,18637.0877970962,153969,TRUE,175.844252958493,68.0873824850811,14.9630162928858,19.9948800975975,13.1163014271825,1.52442974907454,0.754775664661742,38.4875769690577,0.476655672341263,0.837410885277551,0.803419116710539,0.670498771058944,1.4484303525802,11125.554377335,18639.1,3044.59666928224,5100.73834109579,TRUE,56.0358342461233,36.0140115942726,8.44671771070805,9.98851604691094,8.01817863654987,1.24573378771714,0.596329549825506,90,0.542916081484213,0.848505981733367,0.836770956726046,0.699663378223266,1.35716811190955,11129.2168949772,18642.8,3045.59894643953,5101.75087559917,119.80841871237,0.318667419037934,0.467711992560174,1.42470545045851,0.190430247574025,51.5124230309423,3.25814929108889,TRUE,TRUE,TRUE,TRUE,TRUE,TRUE,FALSE,,,,,,,0.396173241541485,-0.57921850819052,0.15494183722903,Duct2 singlet,Duct2 singlet,,2.59233548235771,0
PC1_cellid_000153988-1,PC1_A2,PASC,PC1,singlet,Duct2,Myeloid,,FALSE,FALSE,300.968660618791,320.058877953575,,,Duct2 singlet,306,285,11038.5798966812,18559.026431317,153988,TRUE,112.155543821319,48.0552225562006,11.9499319476967,14.0223239782407,10.0105583044597,1.40075343931222,0.700246120784282,179.686053670817,0.610308507186752,0.888669336888369,0.915908143949367,0.798992033370369,1.28004514881566,11037.5418649773,18562.7,3020.51134347365,5079.83087189074,TRUE,23.9999518613661,20.004616281935,5.52790084766646,6.02053762020877,3.99548953455513,1.50683353416806,0.748049164571991,89.7395664321857,0.75363278624878,0.999999999968757,0.999999999863203,0.997711776984478,1.15191413588297,11033.8501136364,18551.75,3019.50106628159,5076.83431707667,88.1555919599531,0.213988101180819,0.272245371224394,3.16227778010663,0.529254524403148,89.9464872386316,3.2110155500151,TRUE,TRUE,TRUE,TRUE,TRUE,TRUE,FALSE,,,,,,,0.148148905673957,-0.785436226854402,0.0759414907673083,Duct2 singlet,Duct2 singlet,,0,3.51689642693579
PC1_cellid_000154013-1,PC1_A2,PASC,PC1,doublet_certain,Duct2,Fibroblast,Duct2__Fibroblast,FALSE,FALSE,385.285609650054,415.026943345803,TRUE,spatially_supported_contact,Supported Duct2-Fibroblast doublet,632,558,11394.0645066747,18131.6373032576,154013,TRUE,107.999596154417,51.9681740527271,11.7264383612089,14.0113778227121,12.0026085000854,1.16736106317371,0.515926271649865,89.6860536642159,0.502524314703594,0.830916774934035,0.820244398307328,0.64219311743919,1.41065710268291,11394.0847260274,18137.4,3118.08214043285,4963.44413559618,TRUE,56.0365831329842,36.041845965397,8.44677415329396,10.0069055072195,8.0182200032755,1.24802082004688,0.598304685412421,89.7383772588853,0.542085084158593,0.847810692444863,0.836438137474332,0.698383353285766,1.35820795898776,11390.3665525114,18130.15,3117.0646326019,4961.46011528549,51.9630130214331,0.518859191359149,1.07839364701749,2.22972168201826,0.3802896684455,0.052323594669403,1.63983210395747,TRUE,TRUE,TRUE,TRUE,TRUE,FALSE,TRUE,PC1_A2,11.1628909253843,7.01934975869413,TRUE,TRUE,30,0.0463783530560498,-0.102110749109235,0.171957147470294,Supported Duct2-Fibroblast,Supported Duct2-Fibroblast,11.1628909253843,0,3.48570915341432
PC1_cellid_000154018-1,PC1_A2,PASC,PC1,singlet,Duct2,Myeloid,,FALSE,FALSE,687.245757397484,693.304849868902,,,Duct2 singlet,1180,933,11364.8491472925,18577.1495526008,154018,TRUE,216.026526679479,76.078066569788,16.5847374558688,19.7956620522075,16.9899512288612,1.16513942755714,0.513204461458871,44.7383772520006,0.469027182509446,0.843794836840741,0.78990505119795,0.642310349486292,1.46016183679138,11362.8419318182,18579.75,3109.53230067095,5084.49674034553,TRUE,44.0637543512219,32.0189774992788,7.49024128646546,10.0158818455239,6.02047542553596,1.66363636308333,0.799179160299092,90,0.540102818425124,0.845746401120483,0.853897291992656,0.7307377048197,1.36069809895203,11366.4751141553,18572.4,3110.52654998808,5082.48535423746,171.962772328257,0.203973812968627,0.256240078896535,2.24370358567518,0.270574507307073,45.2616227479994,4.54724808470168,TRUE,TRUE,TRUE,TRUE,TRUE,TRUE,FALSE,,,,,,,0.455993071441127,-0.983669293915148,0,Duct2 singlet,Duct2 singlet,,0,0
PC1_cellid_000154063-1,PC1_A2,PASC,PC1,singlet,Fibroblast,Myeloid,,FALSE,FALSE,250.686189487343,257.061442037452,,,Fibroblast singlet,206,154,11914.7943679399,18361.0829420604,154063,TRUE,87.9631280352026,47.9729610191508,10.5829170408268,12.7326559159888,9.90747694281944,1.28515624976549,0.628121219517512,135.000000001294,0.480305410215986,0.830239158010913,0.797428041048842,0.697298276118747,1.44291670230454,11913.8246590909,18365.65,3260.31311746369,5025.90656813611,TRUE,27.9907699741432,24.0004577859055,5.96983711826921,6.00683906639361,6.00683906411037,0.99999999992453,2.75719886473762e-05,179.607569285751,0.610640574827789,0.874457507144572,0.902136172601762,0.775751907624327,1.27969705550893,11913.8,18358.4,3260.30636930683,5023.92254782543,59.9723580610594,0.318210261460453,0.466727853871909,1.98403178675301,0.37494988864592,44.6075692844574,2.3065399612788,TRUE,TRUE,TRUE,TRUE,TRUE,TRUE,FALSE,,,,,,,-0.367460388812933,1.01083357631189,0,Fibroblast singlet,Fibroblast singlet,,0,5.83131288765743
PC1_cellid_000154073-1,PC1_A2,PASC,PC1,singlet,Fibroblast,Endothelium,,FALSE,FALSE,257.661425230722,260.282904355437,,,Fibroblast singlet,272,219,11772.758506726,18262.8504245763,154073,TRUE,80.0638693649871,44.0324398586337,10.0965580560908,12.0137097252459,9.99778366808455,1.2016372949045,0.554478765915563,179.738377253966,0.518920631470489,0.833285268894498,0.842218822123353,0.666585259179422,1.38819197963432,11770.9418949772,18263.95,3221.21210973281,4998.07555219171,TRUE,27.9907699741427,28.0231381797356,5.96983711826915,8.01817926748977,5.99315711915629,1.337889046526,0.664322415926841,179.610238784716,0.447910427149943,0.7372236138635,0.848184263275778,0.582483221463687,1.49418514157625,11770.9,18256.6,3221.20064483824,4996.06416608363,52.0730993908444,0.349605511108202,0.537528403267826,2.01141878274352,0.39843653006992,0.128138469250501,2.06336046891082,TRUE,TRUE,TRUE,TRUE,TRUE,TRUE,FALSE,,,,,,,-0.367460388812933,0.35070051535739,0,Fibroblast singlet,Fibroblast singlet,,0,6.4393503711001
PC1_cellid_000154090-1,PC1_A2,PASC,PC1,singlet,Fibroblast,Myeloid,,FALSE,FALSE,181.423745809153,193.370716749216,,,Fibroblast singlet,126,105,11647.1662815126,18471.3005777311,154090,TRUE,52.0446416899113,36.0139516547838,8.14034986294614,9.98851604691193,8.01817863451046,1.24573378803411,0.596329550100462,90,0.504248171969946,0.812970848336379,0.849574679663305,0.649829351562836,1.40824375374344,11643.7748287671,18465.35,3186.41182804848,5053.19026813275,TRUE,20.0087593051506,19.9772820006617,5.04736996745883,5.9931096273312,4.02277221574559,1.48979591730214,0.741246534689501,89.9999999961024,0.630024188412932,0.90931677015536,0.942384628756533,0.829931972960344,1.25985739045861,11647.4833333333,18480,3187.42668989423,5057.19935745021,32.0358823847607,0.384453781438651,0.624573378644407,4.13554612129024,1.01606102458916,3.89756849017431e-09,1.54648994774366,TRUE,TRUE,TRUE,TRUE,TRUE,TRUE,FALSE,,,,,,,-0.367460388812933,0.0346035261283568,0,Fibroblast singlet,Fibroblast singlet,,0,6.45507376769283
PC1_cellid_000154093-1,PC1_A2,PASC,PC1,singlet,Fibroblast,Bcell,,FALSE,FALSE,114.766613588558,117.500680779891,,,Fibroblast singlet,105,86,11634.2101912059,18515.3656712915,154093,TRUE,36.1637467941381,28.0229354867487,6.78565490605631,8.01138392414019,6.02053383787801,1.3306766702473,0.65973610158917,89.8037823437101,0.578703394557807,0.857970293496186,0.940892406133244,0.749774858451926,1.31453448851004,11633.00625,18520.25,3183.46492060142,5068.2140908992,TRUE,16.0452755630135,20.0044603698766,4.51989815737053,5.99310962896292,4.02277221656096,1.4897959174058,0.741246534731794,90,0.503852436451714,0.8008185538582,0.923711540955912,0.665532879639947,1.40879667579139,11629.3333333333,18516.6,3182.45979766816,5067.21523929451,20.1184712311246,0.443683992422419,0.79753950340993,1.41703092385373,0.417654873198004,0.196217656289946,1.13287837434289,TRUE,TRUE,TRUE,TRUE,TRUE,TRUE,FALSE,,,,,,,-0.367460388812933,1.1363102918931,0,Fibroblast singlet,Fibroblast singlet,,0,6.50378904699771
PC1_cellid_000154100-1,PC1_A2,PASC,PC1,singlet,Duct2,Fibroblast,,FALSE,FALSE,540.081398535846,544.099884124274,,,Duct2 singlet,923,757,11227.936643975,18495.5462093469,154100,TRUE,184.044938592556,59.9592898023804,15.3079487138021,16.0091787471731,14.0113935359652,1.14258290604379,0.48374314829635,89.8037823470945,0.643310710727351,0.90218205312361,0.894049045797282,0.820490380211045,1.2467793736126,11227.3351027397,18503.5,3072.44977637735,5063.63031983657,TRUE,63.9635506172673,35.9864290382362,9.02446242540651,10.0156501035551,7.99100026742444,1.25336625765791,0.602854189440883,89.6102387851557,0.620675954298039,0.914421069526119,0.902444270363163,0.799194109357308,1.26930952640824,11230.941609589,18488.85,3073.43672573455,5059.62123051912,120.081387975289,0.34754311149733,0.532668315135594,4.12878507421207,0.539430219686471,0.193543561938753,3.14174314419782,TRUE,TRUE,TRUE,TRUE,TRUE,TRUE,FALSE,,,,,,,0.349676464625099,-0.983669293915148,0,Duct2 singlet,Duct2 singlet,,2.47099670234069,0
PC1_cellid_000154117-1,PC1_A2,PASC,PC1,singlet,Duct2,Myeloid,,FALSE,FALSE,390.62711166044,397.238369811074,,,Duct2 singlet,565,500,11208.9767430675,18187.0499749959,154117,TRUE,124.045246160871,63.982295762297,12.5673908488767,21.5440220631391,10.6206538317433,2.02850242545299,0.870043750265831,128.411445313209,0.380776687270954,0.785121792832388,0.809351566276127,0.542128309501747,1.6205589148631,11211.575456621,18185.75,3068.13702355131,4976.67549863366,TRUE,52.0727249474074,31.9637824025179,8.14254583070654,8.01817863451046,8.01817863247106,0.999999999913051,2.25542944087699e-05,0,0.640477441339301,0.896893985309652,0.891370037568668,0.809951193653323,1.24953400890943,11215.1665525114,18181.95,3069.11975557672,4975.63559833289,71.9725212134636,0.419788154361658,0.723508417688046,1.43078819862029,0.227698527649627,51.5885546867906,2.21242250908506,TRUE,TRUE,TRUE,TRUE,TRUE,TRUE,FALSE,,,,,,,0.391717061623541,-0.818292495575568,0.0633545189531051,Duct2 singlet,Duct2 singlet,,0,0
PC1_cellid_000154121-1,PC1_A2,PASC,PC1,singlet,Fibroblast,Myeloid,,FALSE,FALSE,192.114136792325,199.215977782809,,,Fibroblast singlet,171,150,11952.4376852285,18305.2183332923,154121,TRUE,76.0176336240723,44.0046083035931,9.83812264750538,11.986219253848,10.0158818434855,1.19672131100161,0.549313360275912,90,0.493319055186045,0.825710648433224,0.867158408172241,0.633202959480167,1.42375759664866,11953.7790525114,18307.05,3271.24695581507,5009.87021086628,TRUE,23.9452831200953,27.9956786649611,5.52160134185589,8.48532832787594,5.65032458171841,1.50174174970771,0.746046854423934,134.803108064638,0.383926279504944,0.705317259847591,0.819390107449786,0.499433797529363,1.61389798586027,11953.787585034,18307.15,3271.24929080791,5009.89757666367,52.072350503977,0.314996428793893,0.45984640377753,0.0274652336290559,0.00558342979799828,44.803108064638,2.15826065282475,TRUE,TRUE,TRUE,TRUE,TRUE,TRUE,FALSE,,,,,,,-0.367460388812933,0.305778412852011,0,Fibroblast singlet,Fibroblast singlet,,0,6.01702684274659
PC1_cellid_000154124-1,PC1_A2,PASC,PC1,doublet_certain,Fibroblast,Duct2,Duct2__Fibroblast,FALSE,FALSE,363.269776883543,415.824848404858,TRUE,spatially_supported_contact,Supported Duct2-Fibroblast doublet,505,424,11630.1652271044,18804.5076343532,154124,TRUE,111.907662268422,55.9635867190897,11.9367190198572,14.0296357824058,13.9839016408721,1.00327048487344,0.0806785056713853,89.7383772541043,0.44901268050967,0.811495351459628,0.820399264727719,0.57040728864012,1.49235002387221,11626.7915525114,18805.3,3181.76421907837,5146.22029635597,TRUE,63.9358418032059,35.9590388804316,9.02250752893968,10.0104460897582,8.00180409944946,1.25102363940944,0.600871800814335,179.843025649285,0.621352572926288,0.914029837953094,0.902903795081255,0.798184043861709,1.26861823418347,11623.0668949772,18794.4,3180.74493684412,5143.23742444059,47.9718204652159,0.571326757270079,1.33277914346064,3.15221527447099,0.528154388814146,89.895351604819,1.45710574545878,TRUE,TRUE,TRUE,TRUE,TRUE,FALSE,TRUE,PC1_A2,8.05639818585818,7.81031909278014,TRUE,TRUE,30,0.131579878537633,0.355888748212867,0.207359853402956,Supported Duct2-Fibroblast,Supported Duct2-Fibroblast,8.05639818585818,0,5.18860194750529
PC1_cellid_000154140-1,PC1_A2,PASC,PC1,singlet,Duct2,Fibroblast,,FALSE,FALSE,424.976745656797,429.27740349578,,,Duct2 singlet,605,530,11393.6715922834,18544.6915115644,154140,TRUE,108.054264895694,52.0780647548242,11.7294059117453,14.0113934579282,12.0205199405793,1.16562291182083,0.513799351092014,179.804452027941,0.500659086491287,0.856739513157436,0.831622001379013,0.641560077408166,1.4132823934145,11391.9190273038,18543.15,3117.48947970808,5074.48085850123,TRUE,60.0551100598344,35.987210613991,8.7444005507298,10.0158818434855,8.01817863247106,1.24914675753244,0.599270710732202,0,0.582724744432219,0.857531639130835,0.86042010686573,0.747799287848143,1.30999087290046,11395.5753424658,18543,3118.49005950721,5074.43980980515,47.9991548358591,0.555786577348416,1.25117015607235,1.00142145467035,0.17075399393588,0.19554797205933,1.49250268050775,TRUE,TRUE,TRUE,TRUE,TRUE,TRUE,FALSE,,,,,,,0.591455295403669,-0.784806948885232,0.0761825620870148,Duct2 singlet,Duct2 singlet,,0,3.52806058574208
PC1_cellid_000154199-1,PC1_A2,PASC,PC1,singlet,Fibroblast,Myeloid,,FALSE,FALSE,262.484958509117,274.497115378035,,,Fibroblast singlet,221,184,11587.4884011391,18135.057257271,154199,TRUE,59.9996924316931,39.9543609601884,8.74036504248985,12.0044629321214,7.99997632704623,1.50056230634464,0.74557936341927,179.738377250429,0.472313664639303,0.769637556549288,0.850945520596284,0.624766288142792,1.45507287433948,11587.7128424658,18133.15,3171.07001846511,4962.28108920715,TRUE,35.9997405703304,27.9954603581855,6.77025060794292,8.00913981668688,6.00225248546028,1.33435569937061,0.662088838990163,179.73956646717,0.577210214896559,0.857423146539149,0.874598156384773,0.748857589574836,1.31623366875554,11580.4128424658,18133.15,3169.07231525573,4962.28108920715,23.9999518613627,0.599998751748844,1.49999219845462,1.99770320938205,0.457121228941659,0.00118921674149419,0.985057217273468,TRUE,TRUE,TRUE,TRUE,TRUE,TRUE,FALSE,,,,,,,-0.367460388812933,0.388410823717723,0,Fibroblast singlet,Fibroblast singlet,,0,5.76123998906026
PC1_cellid_000154242-1,PC1_A2,PASC,PC1,doublet_certain,Duct2,Fibroblast,Duct2__Fibroblast,FALSE,FALSE,494.348001750431,526.976295740738,TRUE,spatially_supported_contact,Supported Duct2-Fibroblast doublet,736,613,11389.1485155558,18439.294796801,154242,TRUE,140.008518611976,55.9910148294458,13.351568540683,14.0113935380042,13.9977107179168,1.00097750393788,0.0441830901553413,179.803782344955,0.561212901538238,0.874956709750017,0.857529513057919,0.713865042299313,1.33486140591801,11387.8876712329,18437.1,3116.3862669737,5045.45943037041,TRUE,56.0639175036221,31.9910542063466,8.44883404964149,8.00909816414055,8.00010128374421,1.00112459546918,0.0473856851510791,89.7383772591919,0.688392613595926,0.933546987219026,0.92744140438917,0.874992517377488,1.20526320669268,11391.5500752387,18437.15,3117.38851303349,5045.47311326911,83.9446011083538,0.400432188379873,0.66786805532112,1.00233945651154,0.150145573077185,89.9345949142373,2.45136724552077,TRUE,TRUE,TRUE,TRUE,TRUE,FALSE,TRUE,PC1_A2,8.60738363339532,22.4612213874718,TRUE,TRUE,30,0.529937995965884,-0.352888519462958,0.241647032301516,Supported Duct2-Fibroblast,Supported Duct2-Fibroblast,22.4612213874718,0,3.33839648042313
PC1_cellid_000154316-1,PC1_A2,PASC,PC1,doublet_certain,Fibroblast,Duct2,Duct2__Fibroblast,FALSE,FALSE,482.505187887413,535.92897499518,TRUE,spatially_supported_contact,Supported Duct2-Fibroblast doublet,746,628,11455.9654941832,18854.8562783285,154316,TRUE,156.081502989059,60.0143218694818,14.0971323966035,18.017768148715,12.0026986136664,1.50114309494466,0.745809742374117,179.843454546905,0.544567220674408,0.866725441430961,0.837232292040005,0.721724657598463,1.35510906912964,11455.2,18853.45,3134.8068224818,5159.39692779868,TRUE,39.9909331265407,27.968266653405,7.13568759739179,8.01822533418461,6.00000961182456,1.3363687475976,0.663364463861058,179.803782352778,0.642451427836964,0.909261955219935,0.917005011641936,0.831249380733075,1.24761288239216,11451.5251712329,18846.15,3133.801176287,5157.3992245893,116.090569862518,0.256218272877484,0.344480461853669,2.23654697734711,0.317305237867088,0.0396721941267799,3.48072239960588,TRUE,TRUE,TRUE,TRUE,TRUE,FALSE,TRUE,PC1_A2,9.20602110717746,8.59613966824439,TRUE,TRUE,30,0.0236288697927466,0.499169800322323,0.16250434411333,Supported Duct2-Fibroblast,Supported Duct2-Fibroblast,9.20602110717746,0,4.39973091520985
PC1_cellid_000154329-1,PC1_A2,PASC,PC1,doublet_certain,Fibroblast,Duct2,Duct2__Fibroblast,FALSE,FALSE,598.800174976889,638.448020440522,TRUE,spatially_supported_contact,Supported Duct2-Fibroblast doublet,938,755,11457.368543305,18084.6716147557,154329,TRUE,272.117404110304,80.0741425813947,18.6137218127895,22.0131374706556,18.0013415633582,1.22286094010443,0.575567221915251,89.6869114251987,0.533312286725584,0.888598283510492,0.827041210876728,0.686703879850368,1.36933341237949,11459.6081818182,18082.4,3136.01315658669,4948.39294703234,TRUE,44.0910887218594,32.0459725905602,7.49256416262803,8.04554443230705,7.99081283752975,1.00684931472364,0.116443828357668,179.9999999971,0.539527732603025,0.846715275967905,0.878952917149428,0.685810968214922,1.36142309391164,11448.7042323748,18089.75,3133.02920387463,4950.40433314042,228.026315388444,0.162029653576905,0.193359650814058,3.5985619160416,0.386656891981963,89.6869114280984,5.56057882508076,TRUE,TRUE,TRUE,TRUE,TRUE,FALSE,TRUE,PC1_A2,15.0367151027229,20.3894404764693,TRUE,TRUE,30,-0.00735184517813528,0.0458093308199086,0.149631321764278,Supported Duct2-Fibroblast,Supported Duct2-Fibroblast,20.3894404764693,0,4.77297681667774
PC1_cellid_000154334-1,PC1_A2,PASC,PC1,doublet_certain,Duct2,Fibroblast,Duct2__Fibroblast,FALSE,FALSE,418.097269699134,450.838483281205,TRUE,spatially_supported_contact,Supported Duct2-Fibroblast doublet,486,424,11442.4413471463,18449.7055610008,154334,TRUE,95.8900955194822,43.9774043060093,11.049482411581,12.0026686629308,10.0049729513929,1.1996702757679,0.552425355428678,179.843025650928,0.623052195531408,0.905525008391592,0.885344689512882,0.798509366825621,1.2668867222776,11442.7418926475,18451.55,3131.39756206522,5049.41378809309,TRUE,63.9085074325617,35.9862422409839,9.02057863488472,10.0159023842068,7.99085449198879,1.25342069372158,0.602900045383374,179.738377253227,0.620148275977638,0.888636659454966,0.869704116481567,0.798500824798681,1.26984943333563,11439.0751712329,18451.55,3130.39413451209,5049.41378809309,31.9815880869205,0.666476627014231,1.99829061767935,1.00342755312931,0.181624353781744,0.104648397701311,1.01445188834812,TRUE,TRUE,TRUE,TRUE,TRUE,FALSE,TRUE,PC1_A2,8.04938312188042,13.4081941768531,TRUE,TRUE,30,-0.367460388812933,0.0165488795475874,0,Supported Duct2-Fibroblast,Supported Duct2-Fibroblast,13.4081941768531,0,4.42250289042103
PC1_cellid_000154344-1,PC1_A2,PASC,PC1,singlet,Fibroblast,Endothelium,,FALSE,FALSE,249.440747771633,254.39520939137,,,Fibroblast singlet,259,195,11862.3996677327,18373.2415569201,154344,TRUE,104.09115559698,60.0972253002415,11.5122967110501,18.006694679383,10.015881843485,1.79781420706115,0.831027719889027,90,0.362171983833266,0.787426175870432,0.755703151882116,0.577152573744026,1.66166156242574,11862.6751712329,18369.55,3246.31565225105,5026.97383423428,TRUE,31.9812136434857,27.9679386495625,6.38120254336984,9.98855119031501,4.00222439653888,2.49574991150503,0.916217549757268,89.803782340682,0.513787918795133,0.88905775074152,0.916316503523801,0.800001876979367,1.39510872807924,11859.05,18373.25,3245.32359523646,5027.98636873766,72.1099419534944,0.307242372870161,0.443506301248671,1.41753421148721,0.246264363159427,0.196217659318037,2.56554708384015,TRUE,TRUE,TRUE,TRUE,TRUE,TRUE,FALSE,,,,,,,-0.367460388812933,1.1528705218039,0,Fibroblast singlet,Fibroblast singlet,,0,6.2204519934176
PC1_cellid_000154377-1,PC1_A2,PASC,PC1,singlet,Fibroblast,Myeloid,,FALSE,FALSE,344.780912099264,364.733166276893,,,Fibroblast singlet,406,327,11609.2710370008,18696.6905727479,154377,TRUE,123.853905566418,55.9642799177414,12.5576944674195,15.992661920127,11.9972704990904,1.33302503412686,0.661241092606712,89.8430256571481,0.496932876101412,0.838299921429203,0.846037606579395,0.645515238000497,1.41857118857895,11606.2947945206,18699.35,3176.15511781533,5117.22623402254,TRUE,27.8818069350369,24.0003978410423,5.95820603607832,6.00229394407575,5.99317210595985,1.00152203794817,0.0551102629758518,179.738377269146,0.608266499244457,0.874038946841336,0.935265128040255,0.775080670451799,1.28219196429381,11600.7917237443,18692.15,3174.64915861652,5115.25589661055,95.9720986313811,0.225118512050747,0.290519925371465,2.47994810945315,0.394968696194608,89.8953516119977,3.29974421567058,TRUE,TRUE,TRUE,TRUE,TRUE,TRUE,FALSE,,,,,,,-0.367460388812933,0.56286625943505,0,Fibroblast singlet,Fibroblast singlet,,0,5.6922714849005
PC1_cellid_000154379-1,PC1_A2,PASC,PC1,singlet,Duct2,Myeloid,,FALSE,FALSE,127.217128021587,129.096822229886,,,Duct2 singlet,121,114,11344.531747793,18361.3651824045,154379,TRUE,36.1090780528722,28.0229823450291,6.78052402848374,8.00913981600014,6.02053762020877,1.33030309211521,0.659495634503245,179.739566387722,0.577826636136395,0.857793472734498,0.904029743529656,0.748850717621137,1.31553140717707,11347.3747727273,18360.5,3105.29958925233,5024.49722957059,TRUE,15.9632724511059,19.9770320938239,4.50833336701374,5.9931096248851,3.99540641876438,1.4999999981563,0.745355992175431,0,0.502654824573398,0.799999999969921,0.882842712353679,0.666666667008716,1.41047395787357,11343.75,18367.85,3104.30764129198,5026.50861567867,20.1458056017662,0.442084741773553,0.792386899721821,2.24268473749763,0.661507789504599,0.260433612278234,1.136095330735,TRUE,TRUE,TRUE,TRUE,TRUE,TRUE,FALSE,,,,,,,-0.367460388812933,-0.983669293915148,0,Duct2 singlet,Duct2 singlet,,0,0
PC1_cellid_000154396-1,PC1_A2,PASC,PC1,singlet,Fibroblast,Bcell,,FALSE,FALSE,151.777123407776,156.067729660737,,,Fibroblast singlet,151,125,11746.1953048064,18494.9242327308,154396,TRUE,87.9088337373646,51.9410934179827,10.5796504406318,16.0130995458961,10.0080934965997,1.60001498256967,0.780629435659908,179.77575152068,0.409468225972244,0.800398201270298,0.861636936084849,0.548536790384284,1.56275139920199,11749.8189212329,18490.65,3215.43163953545,5060.11381487211,TRUE,43.9278313849127,35.9867732987587,7.4786798322785,12.7546668196275,6.08195103830143,2.09713408305415,0.878989442253588,146.129189288723,0.426249430413398,0.758740896910315,0.847659270556491,0.566275439375285,1.53168018485481,11738.8510273974,18494.35,3212.43018793062,5061.1263493755,43.981002352452,0.499697578870787,0.998791046709188,3.1676391613822,0.598817356616719,33.6465622319572,1.55048530417666,TRUE,TRUE,TRUE,TRUE,TRUE,TRUE,FALSE,,,,,,,0.106494444752861,0.785794196962419,0.196936422244232,Fibroblast singlet,Fibroblast singlet,,0,6.27438779775131
PC1_cellid_000154435-1,PC1_A2,PASC,PC1,singlet,Fibroblast,Myeloid,,FALSE,FALSE,408.345060714384,409.929557259372,,,Fibroblast singlet,493,362,11765.947912463,18166.3791826255,154435,TRUE,123.96324304896,56.0459939563647,12.5632361731981,14.1389054692588,12.7424083244685,1.109594442918,0.433340699938325,44.8694859244418,0.49592230535113,0.848617209704497,0.798257392654341,0.688058906448978,1.42001580698188,11766.875,18165.2,3220.09917149334,4971.05182727027,TRUE,16.0179411923754,16.0090851898315,4.51604651784885,4.02277221574559,3.99540641835719,1.00684931437947,0.116443828363025,5.79947619964918e-09,0.785386673011613,0.999999999953247,0.999999999829061,0.996598639611947,1.1283874204904,11770.525,18158,3221.09802309803,4969.08148985827,107.945301856585,0.129215247980862,0.14838942423055,2.20905727524104,0.351670101758821,44.8694859186424,4.02359482767461,TRUE,TRUE,TRUE,TRUE,TRUE,TRUE,FALSE,,,,,,,-0.367460388812933,0.395773329915538,0,Fibroblast singlet,Fibroblast singlet,,0,6.26982209437067
PC1_cellid_000154443-1,PC1_A2,PASC,PC1,doublet_certain,Duct2,Fibroblast,Duct2__Fibroblast,FALSE,FALSE,499.8065374202,529.406655733768,TRUE,spatially_supported_contact,Supported Duct2-Fibroblast doublet,658,562,11203.6500822042,18886.1436234108,154443,TRUE,127.844723679191,52.0231740853082,12.758407336893,13.9977107179148,11.9931778115663,1.16713942998672,0.515656081839234,89.8037823429247,0.59360695452655,0.914010820587925,0.879493758349432,0.761537900337106,1.29792772566511,11203.2001490252,18887.3,3065.84505384396,5168.66025021479,TRUE,24.0269117885681,20.0044603698771,5.53100481170179,5.9931096273312,4.02277221696914,1.48979591684901,0.741246534504626,7.79510855863919e-09,0.754491127156821,0.999999999968831,0.999999999863202,0.99659863935853,1.15125871638502,11206.85,18890.9,3066.84386466671,5169.64541892079,103.817811890623,0.187938235503414,0.231433425042394,1.40291854322739,0.219920638051964,89.8037823351295,3.61370126259561,TRUE,TRUE,TRUE,TRUE,TRUE,FALSE,TRUE,PC1_A2,12.0301922814286,21.0034096050784,TRUE,TRUE,30,0.659632002865954,0.13921708677906,0.426774634641283,Supported Duct2-Fibroblast,Supported Duct2-Fibroblast,21.0034096050784,0,4.34364751257224
PC1_cellid_000154444-1,PC1_A2,PASC,PC1,doublet_certain,Fibroblast,Duct2,Duct2__Fibroblast,FALSE,FALSE,485.524925935152,546.389760022849,TRUE,spatially_supported_contact,Supported Duct2-Fibroblast doublet,775,629,11181.7235729114,18920.9301806116,154444,TRUE,168.108626068661,72.0005190772665,14.6301931129331,19.7011694118406,14.693226611378,1.34083342816719,0.666164550233803,112.968596875612,0.407500933452093,0.764259778459525,0.799668303116716,0.580738764733709,1.56651910543902,11188.65,18912.9,3061.86328954195,5175.66589434632,TRUE,80.0638693649849,43.9778360299384,10.0965580560906,11.3298408205664,9.90266418813171,1.14412047123785,0.485865064141292,44.8044520206644,0.520210037522843,0.850713964575512,0.814417331738389,0.713609651152906,1.38647050798082,11177.7418949772,18920.3,3058.87819962245,5177.69096335309,88.0447567036765,0.476262707230273,0.909354200674941,3.60716873873644,0.493112935141856,68.1641448549473,2.26681752842124,TRUE,TRUE,TRUE,TRUE,TRUE,FALSE,TRUE,PC1_A2,12.9937708185174,17.8743176484415,TRUE,TRUE,30,0.31845718415438,0.235404030588595,0.285010602715749,Supported Duct2-Fibroblast,Supported Duct2-Fibroblast,17.8743176484415,2.6321208856186,4.51439808062675
PC1_cellid_000154461-1,PC1_A2,PASC,PC1,singlet,Fibroblast,Duct2,,FALSE,FALSE,189.283057790284,193.20434428469,,,Fibroblast singlet,184,161,11925.7996191501,18548.372089764,154461,TRUE,80.0634949215534,48.0271771885063,10.0965344462258,14.0112882634729,10.0158818434855,1.39890710359746,0.69928421489323,90,0.436184556331423,0.783995952049553,0.826436937254817,0.570515283496754,1.51413590288865,11929.1061643836,18548.4,3264.49502324003,5075.91756286415,TRUE,27.9634356035063,24.0000072052045,5.9669214857445,8.0182253340961,3.99547654674895,2.00682577779829,0.867005045265316,89.8044520237285,0.610067160507506,0.933394993039923,0.95124053759411,0.872858178131014,1.28029832067923,11932.7561433447,18548.35,3265.49386908728,5075.90387996545,52.1000593180471,0.349265737492628,0.536725600011989,0.998939561869814,0.197877710458255,0.195547976271541,2.06480648024066,TRUE,TRUE,TRUE,TRUE,TRUE,TRUE,FALSE,,,,,,,-0.367460388812933,0.716742300688719,0,Fibroblast singlet,Fibroblast singlet,,0,6.07714351509572
PC1_cellid_000154519-1,PC1_A2,PASC,PC1,singlet,Duct2,Myeloid,,FALSE,FALSE,354.448581619318,356.232440425369,,,Duct2 singlet,540,456,11259.4324750898,18610.8846977106,154519,TRUE,96.0275162595233,55.9640707532844,11.0573971206755,19.6759686324956,9.37947220337072,2.09776927743162,0.879067754113663,38.4114453121294,0.385289315837482,0.774128307987586,0.82960549732089,0.520332764798658,1.61104071711618,11264.3168949772,18616.65,3082.5701387118,5094.594719582,FALSE,28.0727730860431,27.9958352145385,5.97857548447179,8.01822019883683,6.01145724293041,1.33382304342534,0.661749926993188,89.7395664182528,0.450099284073947,0.778614379611692,0.863007204153684,0.582408324662904,1.49054756256919,11256.9460227273,18602.05,3080.55304074611,5090.59931316324,67.9547431734801,0.292340926607437,0.413109840033472,4.47570739149768,0.809540859310085,51.3281211061234,2.53941081810188,TRUE,TRUE,TRUE,TRUE,TRUE,TRUE,FALSE,,,,,,,-0.367460388812933,-0.983669293915148,0,Duct2 singlet,Duct2 singlet,,0,0
PC1_cellid_000154523-1,PC1_A2,PASC,PC1,singlet,Duct2,Fibroblast,,FALSE,FALSE,217.142153621379,221.102246184812,,,Duct2 singlet,263,247,11301.7382321187,18069.8249936032,154523,TRUE,59.9996924316945,39.9548607660531,8.74036504248996,10.0091691357238,10.0090754199826,1.00000936280332,0.00432734219432767,179.803782350036,0.472301848121448,0.789282618110972,0.834653595928889,0.598903752654341,1.45509107645654,11306.1184931507,18068.3,3094.00947937324,4944.53436960052,TRUE,16.0729843770798,16.0365440670875,4.52379921203499,4.02286529602042,4.02267914055971,1.00004627580712,0.00962011178376887,89.6102388046806,0.785389014901691,0.999999999953407,0.999999999829354,0.993220416849298,1.12838573816541,11302.474829932,18072,3093.01236187928,4945.5469041039,43.9267080546148,0.267884446119434,0.365904596206866,1.42108036975765,0.325176433615191,89.8064564546449,2.10828291522748,TRUE,TRUE,TRUE,TRUE,TRUE,TRUE,FALSE,,,,,,,-0.367460388812933,-0.776747753161572,0,Duct2 singlet,Duct2 singlet,,0,0
PC1_cellid_000154537-1,PC1_A2,PASC,PC1,singlet,Fibroblast,Myeloid,,FALSE,FALSE,243.349287533528,247.285136626728,,,Fibroblast singlet,260,217,11921.5486231431,18399.9167634188,154537,TRUE,88.0455055905445,48.0004672343234,10.5878713372463,14.0205139453112,9.99778366808554,1.40236220415822,0.701080091009427,89.7383772504469,0.480204390081938,0.785607371714721,0.868446003190949,0.628115517489912,1.44306846682051,11917.5539810183,18398.6,3261.33367614631,5034.92359837572,TRUE,23.9449086766616,24.0000386038525,5.52155816977397,8.01138392617911,3.99547670751396,2.00511340877688,0.866760328257585,89.8037823437137,0.522395188830447,0.857142857119868,0.935901174499287,0.748061040634285,1.38356770264861,11917.5875,18405.9,3261.34284888293,5036.92130158511,64.1005969138829,0.271960601660893,0.373552038916195,1.99772426823027,0.377360887911248,0.0654050932667758,2.53315658373617,TRUE,TRUE,TRUE,TRUE,TRUE,TRUE,FALSE,,,,,,,-0.367460388812933,0.546867962506142,0,Fibroblast singlet,Fibroblast singlet,,0,6.04991486112815
PC1_cellid_000154555-1,PC1_A2,PASC,PC1,singlet,Duct2,Fibroblast,,FALSE,FALSE,621.862058405489,636.531811367839,,,Duct2 singlet,1216,988,11497.9297535261,18954.1728332226,154555,TRUE,196.209856855642,67.9504463523678,15.8057631519465,19.9977203297394,14.0250763540142,1.4258546492771,0.712833051722713,89.8037823381919,0.534005902256701,0.890902661123276,0.821072333664815,0.699576312956132,1.36844381585842,11499.4412100457,18955.5,3146.91378238525,5187.32372403395,TRUE,59.9453981338549,36.0414398703247,8.73640952731255,10.006780548453,8.0090981650507,1.24942663191475,0.599510189489778,89.7383772545696,0.579911134164104,0.88178723684537,0.868598931847043,0.747959110662014,1.31316493154049,11488.4832191781,18955.65,3143.91504080654,5187.36477273003,136.264458721787,0.305516751764942,0.43991954095563,2.99902251597154,0.379484683320384,0.0654050836223803,3.53467681231695,TRUE,TRUE,TRUE,TRUE,TRUE,TRUE,FALSE,,,,,,,1.16096609052085,-0.210843494895395,0.296063336713706,Duct2 singlet,Duct2 singlet,,0,0
PC1_cellid_000154578-1,PC1_A2,PASC,PC1,singlet,Duct2,Myeloid,,FALSE,FALSE,576.841302783062,586.905497539632,,,Duct2 singlet,981,791,11103.9173577369,18543.0387477416,154578,TRUE,216.163572976088,75.9961688300069,16.5899972647497,20.0161869947481,18.0107874520289,1.11134435654294,0.436279686707213,179.775751519793,0.47033681775688,0.788275808389697,0.834569383204314,0.599609437129509,1.45812753673214,11095.9538075965,18551.4,3036.49623734168,5076.73853678581,TRUE,64.1275568410749,36.0141544193507,9.03602463903837,10.0090754176301,8.01831905249499,1.24827602252865,0.598524008428628,179.803782346968,0.621309670826227,0.889307189804743,0.892827969884113,0.799037937436133,1.26866203315385,11103.2329545455,18540.4,3038.48823394736,5073.72829907304,152.036016135013,0.2966621801963,0.421791878444838,3.6096511693528,0.435159946972502,0.0280308271748027,3.77698631285564,TRUE,TRUE,TRUE,TRUE,TRUE,TRUE,FALSE,,,,,,,0.357767283153136,-0.983669293915148,0,Duct2 singlet,Duct2 singlet,,3.06280008569134,0
PC1_cellid_000154582-1,PC1_A2,PASC,PC1,doublet_certain,Duct2,Fibroblast,Duct2__Fibroblast,FALSE,FALSE,358.346225662985,380.509410152617,TRUE,spatially_supported_contact,Supported Duct2-Fibroblast doublet,423,361,11060.3785590529,18807.3970822404,154582,TRUE,139.899555572872,56.0462119869662,13.3463720331128,14.02051394939,13.9840265969318,1.00260921626984,0.0720977095589678,179.73837725045,0.559672114201486,0.874572510020419,0.819058920119641,0.713543015983439,1.33669759168164,11060.387755102,18807.4,3026.76330347685,5146.79497810114,TRUE,16.0183156358113,16.0092719870847,4.51609930222582,4.02286529602042,3.99550013639518,1.0068489941023,0.116441133595402,89.6102388046806,0.78538670439515,0.999999999953248,0.999999999829063,0.996575500837409,1.12838739794559,11071.349829932,18811,3029.76316266442,5147.78014680713,123.88123993706,0.114498688498854,0.129303804536156,3.1574851582406,0.473160068620173,89.8718615542308,4.41513636544347,TRUE,TRUE,TRUE,TRUE,TRUE,FALSE,TRUE,PC1_A2,11.6438269709763,24.5256953559243,TRUE,TRUE,30,-0.367460388812933,-0.469153190753985,0,Supported Duct2-Fibroblast,Supported Duct2-Fibroblast,24.5256953559243,0,4.55978202983995
PC1_cellid_000154595-1,PC1_A2,PASC,PC1,singlet,Fibroblast,Bcell,,FALSE,FALSE,432.018472953133,446.319024450825,,,Fibroblast singlet,486,368,11544.2706891741,18131.2020331354,154595,TRUE,144.027419982253,67.9503113989282,13.5418391161461,19.228988757273,12.5491007363938,1.53230013504581,0.757690840920036,11.1589160122812,0.39198743168135,0.774399033618773,0.77726032810554,0.596865023737932,1.59721701734538,11540.2243150685,18133.25,3158.07440427466,4962.30845500454,TRUE,47.9452349814531,31.9909607717308,7.81317919671664,8.01822000123606,7.99997632704552,1.00228046567913,0.0674194168750434,179.738377251019,0.58870909992877,0.856865618693901,0.878887232704655,0.747444209088686,1.30331569539457,11551.175,18125.95,3161.0711465257,4960.31075179516,96.0821850008001,0.332889632988162,0.499002338217681,3.60156663578004,0.531916913141685,11.4205387612623,2.86432995971472,TRUE,TRUE,TRUE,TRUE,TRUE,TRUE,FALSE,,,,,,,-0.367460388812933,0.951166147204358,0,Fibroblast singlet,Fibroblast singlet,,0,5.86019983699694
PC1_cellid_000154601-1,PC1_A2,PASC,PC1,doublet_certain,Fibroblast,Duct2,Duct2__Fibroblast,FALSE,FALSE,616.327327097379,654.796807222868,TRUE,spatially_supported_contact,Supported Duct2-Fibroblast doublet,1107,856,11628.3808772495,18850.6662969914,154601,TRUE,171.990106698893,59.9320865366525,14.7981284341045,16.0022436201875,14.0113935339258,1.14208794280996,0.483056260712177,179.803782344695,0.601720120885927,0.905323076252363,0.852166604684001,0.767081055025231,1.2891478625209,11630.5753424658,18845.6,3182.79968337089,5157.24871270366,TRUE,55.8722024657379,35.9866327164991,8.43437594791855,10.0023277281458,7.99085969462591,1.2517211047326,0.601463862921988,89.8037823436515,0.542154706881299,0.848481746834426,0.859152389026167,0.699038677898273,1.35812074663693,11619.6124143836,18845.55,3179.79959068404,5157.23502980496,116.117904233155,0.324857071926271,0.481167851158762,3.0001238893456,0.405473421676304,89.9999999989563,3.18187624309295,TRUE,TRUE,TRUE,TRUE,TRUE,FALSE,TRUE,PC1_A2,11.6389147695086,7.84515036561595,TRUE,TRUE,30,-0.0293910763610296,0.771972931125072,0.140473640418318,Supported Duct2-Fibroblast,Supported Duct2-Fibroblast,11.6389147695086,0,5.34122715301289
PC1_cellid_000154646-1,PC1_A2,PASC,PC1,singlet,Fibroblast,Duct2,,FALSE,FALSE,382.633791414873,395.89466762718,,,Fibroblast singlet,551,442,11640.5135397533,18973.8714497197,154646,TRUE,107.835589930609,51.9683362063648,11.7175312002784,14.0113298728616,11.9954452745951,1.16805416963883,0.516769325580766,179.73897319195,0.50175805918781,0.817957697470072,0.884335679786511,0.641603001377203,1.41173382820797,11640.1753424658,18969.75,3185.42679992021,5191.22335016185,TRUE,43.9270824980437,31.9913289707955,7.47861608329731,10.0160313830605,6.00946928686779,1.66670814016588,0.800011197553373,89.686911424981,0.539358665027378,0.879585823204375,0.890252820202783,0.729794461532891,1.3616364532966,11638.3601092896,18977,3184.9300468871,5193.20737047254,63.9085074325656,0.407352364115007,0.687343270182313,2.04526286064548,0.349094501597051,89.9479382330315,2.11945755849053,TRUE,TRUE,TRUE,TRUE,TRUE,TRUE,FALSE,,,,,,,0.883302519006424,0.513255294978671,0.519713598632479,Fibroblast singlet,Fibroblast singlet,,0,5.79203375616931
PC1_cellid_000154648-1,PC1_A2,PASC,PC1,singlet,Duct2,Fibroblast,,FALSE,FALSE,363.58652004469,380.515187196155,,,Duct2 singlet,452,406,11484.0018030528,18522.4082701892,154648,TRUE,71.9998555840934,44.0321359007856,9.57460512736105,14.0168587681696,8.01275037618078,1.74931928555392,0.820496929997719,89.8430256534752,0.466661512278743,0.817506983144187,0.84707573999407,0.641060937932873,1.46385819320067,11483.1998630137,18528.05,3142.46920826327,5070.34862309553,TRUE,43.9544168686769,31.9637511637981,7.48094256915355,10.0159023862458,5.993172104942,1.671218881469,0.80122314581727,89.7383772532288,0.540625970823785,0.846318005495985,0.854157266018187,0.732243777857682,1.36003958011639,11483.2,18520.8,3142.46924575066,5068.36460278484,28.0454387154166,0.610479236465062,1.56725723919029,1.98402031104106,0.414433865523508,0.10464840024639,1.04683127910375,TRUE,TRUE,TRUE,TRUE,TRUE,TRUE,FALSE,,,,,,,-0.367460388812933,-0.409982781430271,0,Duct2 singlet,Duct2 singlet,,0,3.81215377636766
PC1_cellid_000154677-1,PC1_A2,PASC,PC1,doublet_certain,Fibroblast,Duct2,Duct2__Fibroblast,FALSE,FALSE,337.017123272873,363.887283822499,TRUE,spatially_supported_contact,Supported Duct2-Fibroblast doublet,384,338,11377.5555701867,18215.2233286736,154677,TRUE,119.999384863386,51.9955301947394,12.3607427831808,16.0182380791753,9.99770045626028,1.60219223859228,0.781308667080141,89.738973198124,0.557772196148756,0.869478162249496,0.86952949429076,0.749314531347862,1.33897222718781,11376.1415148064,18225.2,3113.17183760506,4987.47130570354,TRUE,27.9634356035063,24.0001785354064,5.9669214857445,6.02033612834468,5.99315711915675,1.00453500649133,0.0949140980337059,89.6102387850442,0.610058450359243,0.875108392489261,0.901670475668374,0.775022168267154,1.28030746041689,11372.399829932,18203.3,3112.1478957034,4981.4781960754,92.0359492598798,0.233029824552943,0.303831663880689,6.07995230515414,0.983751931734969,0.128734413079798,3.19691064871817,TRUE,TRUE,TRUE,TRUE,TRUE,FALSE,TRUE,PC1_A2,8.05926647874772,12.0400462957776,TRUE,TRUE,30,0.542963764486317,0.061292505628364,0.378296965823852,Supported Duct2-Fibroblast,Supported Duct2-Fibroblast,12.0400462957776,0,4.37102888046434
PC1_cellid_000154682-1,PC1_A2,PASC,PC1,singlet,Fibroblast,Bcell,,FALSE,FALSE,337.045760008476,355.636533377441,,,Fibroblast singlet,371,285,11583.5388128573,18168.9774254845,154682,TRUE,88.0177967764688,40.0093891543878,10.586205150868,10.0227582384957,9.98864490929407,1.00341521064824,0.0824353656353259,89.8037823419733,0.690965742072931,0.936047275630332,0.912045479531639,0.879177700420352,1.20301693786302,11584.2059726962,18169.55,3170.1103355893,4972.24223945668,TRUE,56.0092487623464,36.0415023477678,8.44471375448146,10.015881843484,8.01817863451046,1.24914675721453,0.599270710460037,90,0.541830989134887,0.822894489271447,0.849186119662832,0.69742069051269,1.35852639170846,11580.5748287671,18173.35,3169.11664409876,4973.28213975745,32.0085480141224,0.636340044936876,1.74982160140899,1.43833772596055,0.271738116302278,0.196217658026754,1.07074569819325,TRUE,TRUE,TRUE,TRUE,TRUE,TRUE,FALSE,,,,,,,0.125345027490349,0.930911495002315,0.20476916506829,Fibroblast singlet,Fibroblast singlet,,3.3305666659823,5.49547663584646
PC1_cellid_000154694-1,PC1_A2,PASC,PC1,singlet,Fibroblast,Acinar,,FALSE,FALSE,275.634661176376,275.562416706236,,,Fibroblast singlet,310,204,11910.5564298257,18617.3723309856,154694,TRUE,83.9453499952216,39.9820324857896,10.3384011921839,12.0045878881512,7.99997632908516,1.50057792551213,0.745585563442514,89.7383772496923,0.659897940253237,0.933431872585087,0.932864112825893,0.874099127353864,1.23101009231984,11911.0611170372,18614.2,3259.55685214452,5093.92425754598,TRUE,23.9999518613638,24.0000848246135,5.52790084766619,6.00693277746889,6.00656046886311,1.00006198320502,0.01113354374536,89.610238840963,0.52359402423056,0.800367123678235,0.887141993347165,0.665168608449172,1.38198286746593,11903.849829932,18632.5,3257.58342592618,5098.93219846813,59.9453981338578,0.285899717612362,0.40036354089714,5.38273938798761,1.04130982683164,0.128138408729313,2.40525017225886,TRUE,TRUE,TRUE,TRUE,TRUE,TRUE,FALSE,,,,,,,-0.367460388812933,1.57116113860224,0,Fibroblast singlet,Fibroblast singlet,,0,6.65311273802786
PC1_cellid_000154705-1,PC1_A2,PASC,PC1,singlet,Duct2,Fibroblast,,FALSE,FALSE,352.962084386067,353.556069802974,,,Duct2 singlet,611,546,11295.8921382927,18375.9492302993,154705,TRUE,143.835704944384,59.986684499381,13.5328233373546,18.0067710948469,11.9941450736644,1.50129675605442,0.745870637877647,179.776189506121,0.502304249653945,0.867602783501965,0.83025178988812,0.665980579372039,1.41096608113871,11299.9496575342,18371.7,3092.3213283172,5027.56219887814,TRUE,51.9903473920705,36.041551572929,8.13610264463907,10.0022807905706,8.00458921398285,1.24956828136521,0.599631296235797,179.804452016967,0.502950941620037,0.838615182967136,0.836348014162267,0.649358646603628,1.41005868235169,11296.3,18378.95,3091.32257043099,5029.54621918882,91.8453575523132,0.361456478477015,0.566063966344704,2.22122801812185,0.328272668528507,0.0282625108462753,2.69836034635775,TRUE,TRUE,TRUE,TRUE,TRUE,TRUE,FALSE,,,,,,,0.0288284054659672,-0.983669293915148,0,Duct2 singlet,Duct2 singlet,,0,0
PC1_cellid_000154716-1,PC1_A2,PASC,PC1,singlet,Fibroblast,Duct2,,FALSE,FALSE,207.194734252951,220.175496368996,,,Fibroblast singlet,198,165,11439.9790859242,18809.417265184,154716,TRUE,68.0359973985211,44.0046863953119,9.30731552883514,12.0136083206801,8.01138392414117,1.49956716970898,0.745183838240476,179.803782342108,0.441520384552146,0.829115483592551,0.818841955751748,0.706899611005635,1.50495883263644,11440.4,18806.05,3130.75668446826,5146.42553983639,TRUE,23.9449086766607,19.9771570511515,5.52155816977387,6.01141578096329,3.99536476692799,1.50459748421618,0.747173016574198,179.738377255938,0.753972804556001,0.999999999968733,0.999999999863015,0.996965161742078,1.15165436785072,11440.45,18816.95,3130.77036736695,5149.40841175177,44.0910887218604,0.351944699698953,0.543078190295583,2.98290329800937,0.640980373418778,0.0654050861693634,1.89287867953064,TRUE,TRUE,TRUE,TRUE,TRUE,TRUE,FALSE,,,,,,,0.654379732668154,0.406933257592445,0.424592225626413,Fibroblast singlet,Fibroblast singlet,,0,5.53546343355418
PC1_cellid_000154734-1,PC1_A2,PASC,PC1,singlet,Fibroblast,Myeloid,,FALSE,FALSE,142.826602574084,143.882931269274,,,Fibroblast singlet,135,109,11576.0100878015,18464.0020595869,154734,TRUE,43.9544168686799,31.9909357803908,7.4809425691538,10.0213923685287,5.99863524954471,1.67061205542003,0.801060781225476,89.8430256539077,0.539707556589243,0.879651694305153,0.890011601878505,0.731176123498552,1.36119627021654,11578.0048630137,18465.6,3168.41335247772,5053.25868262622,TRUE,19.9275050801141,20.0050226609987,5.03711102676049,6.00683906818778,3.99550013742362,1.5034010405383,0.746702185406948,179.60756928904,0.625726714859557,0.907848723122921,0.94012600260969,0.830301422229917,1.26417632021067,11574.3621575342,18469.25,3167.41649707674,5054.25753423091,24.0269117885658,0.453367522429355,0.829382704160243,1.41117866290974,0.377272956206276,89.7645436351328,1.22191577119666,TRUE,TRUE,TRUE,TRUE,TRUE,TRUE,FALSE,,,,,,,-0.367460388812933,0.352978054986786,0,Fibroblast singlet,Fibroblast singlet,,0,6.09907253530629
PC1_cellid_000154800-1,PC1_A2,PASC,PC1,singlet,Duct2,Myeloid,,FALSE,FALSE,554.987050852764,558.850499371879,,,Duct2 singlet,819,663,11259.9543669549,18783.918229571,154800,TRUE,211.762364860344,71.9455091535,16.4202380319783,19.659586486019,15.9569819306985,1.23203664502657,0.584124367359834,157.928456824501,0.514104329791589,0.854891592707065,0.808958191279824,0.67503088892384,1.39467934514997,11257.6061929224,18784.75,3080.73370158412,5140.59662499258,TRUE,43.9544168686768,27.9953825451738,7.48094256915354,8.01138392414018,6.00000960978662,1.33522851487085,0.662642933307505,179.803782343721,0.704757285509301,0.956005472831907,0.957915313846555,0.914414348497659,1.19118773409359,11261.2168949772,18773.8,3081.72179899275,5137.6000701785,167.807947991668,0.207564818685269,0.261932866661596,3.15526183425264,0.384313774777765,21.8753255192198,4.46964773141237,TRUE,TRUE,TRUE,TRUE,TRUE,TRUE,FALSE,,,,,,,0.305128832655968,-0.689093728187837,0.112849525745874,Duct2 singlet,Duct2 singlet,,2.5809750428345,2.5809750428345
PC1_cellid_000154819-1,PC1_A2,PASC,PC1,doublet_certain,Fibroblast,Duct2,Duct2__Fibroblast,FALSE,FALSE,389.515990293376,421.926201668144,TRUE,spatially_supported_contact,Supported Duct2-Fibroblast doublet,547,471,11519.5904014867,18557.4929716697,154819,TRUE,103.899440559099,52.0235421657357,11.5016901538733,14.0223766490943,11.9862492844409,1.16987193517617,0.518966765059451,89.8434545356041,0.482417701530884,0.825406788227195,0.819413324988739,0.618170498621078,1.43975429345865,11519.8898224044,18557.15,3152.50970821215,5078.31207013567,TRUE,44.0360455371534,32.018388763792,7.48788585460957,8.01817863532533,7.99081283712157,1.00342465729277,0.0825487153713794,90.0000000029132,0.539783032961091,0.815279029451453,0.899412141636119,0.68729253353744,1.36110110073117,11519.8248858448,18549.9,3152.49193780481,5076.32804982498,59.8633950219453,0.423833326685403,0.735608889433253,1.98409989178941,0.3450101440389,0.156545467309073,2.00690214963184,TRUE,TRUE,TRUE,TRUE,TRUE,FALSE,TRUE,PC1_A2,11.3810437915875,12.8151522809798,TRUE,TRUE,30,0.474778740171486,-0.0499928903695637,0.349964910133708,Supported Duct2-Fibroblast,Supported Duct2-Fibroblast,12.8151522809798,0,3.62602142144403
PC1_cellid_000154821-1,PC1_A2,PASC,PC1,singlet,Fibroblast,Endothelium,,FALSE,FALSE,354.038454559416,361.37846346657,,,Fibroblast singlet,394,327,11865.4757258705,18202.384755206,154821,TRUE,127.871683606402,64.0099589553335,12.7597525140394,19.0550166183742,10.3093525243156,1.84832331306676,0.841002723160783,128.487576969897,0.392183348173233,0.789800756266811,0.78351775503704,0.650929060678075,1.59681801995769,11862.0560787671,18205.15,3246.14623266122,4981.98446332709,TRUE,36.027074940963,32.0183732682976,6.77282042401622,10.0228283677651,5.99998618202689,1.67047524096261,0.801024145653784,89.8044520267754,0.4416114654699,0.783127136565434,0.874364685749372,0.599085018535723,1.50480362802656,11865.6563139932,18197.85,3247.1314657387,4979.98676011771,91.8446086654391,0.281743963339369,0.392261183977338,2.22744300257963,0.349135768368148,38.6831249431214,2.99346604501157,TRUE,TRUE,TRUE,TRUE,TRUE,TRUE,FALSE,,,,,,,-0.367460388812933,0.920543211541065,0,Fibroblast singlet,Fibroblast singlet,,0,5.80196500584822
PC1_cellid_000154850-1,PC1_A2,PASC,PC1,singlet,Duct2,Fibroblast,,FALSE,FALSE,439.336954642341,452.691575089676,,,Duct2 singlet,667,552,11099.7203384001,18781.1934201095,154850,TRUE,211.926371084159,72.0004250124622,16.4265953939509,18.0066946814224,18.0066946814219,0.999999999848052,2.35136357516937e-07,0,0.513717955525811,0.861637604243022,0.829139327945669,0.653607459308785,1.39520372522842,11096.8377283105,18785.45,3036.73812929335,5140.78818557429,TRUE,52.0176817627052,31.9908981339665,8.13824117642906,8.0182253340961,8.00449581768134,1.00171522529166,0.058494832360729,89.8044520237285,0.63871628834124,0.928293162077974,0.927440025231458,0.810473378820242,1.25125551322447,11100.5126279863,18789,3037.74379489288,5141.7596713816,159.908689321454,0.245451670285968,0.325296154825487,1.3982660590447,0.170244170968888,89.8044520237285,4.14417710876094,TRUE,TRUE,TRUE,TRUE,TRUE,TRUE,FALSE,,,,,,,0.7565510981169,-0.191254763082388,0.303567622038943,Duct2 singlet,Duct2 singlet,,3.43350345834568,3.43350345834568
PC1_cellid_000154855-1,PC1_A2,PASC,PC1,singlet,Duct2,Epithelium,,FALSE,FALSE,435.703142320713,437.460295005746,,,Duct2 singlet,656,548,11156.0083964745,18126.411913849,154855,TRUE,119.890047380847,55.9910618476534,12.3551102522587,15.9897800042101,11.6427035165795,1.37337345898073,0.685434740185675,75.5950035877407,0.480568818388536,0.821196367241449,0.813178397594284,0.644001390507679,1.44252120422692,11152.8124143836,18123.75,3052.05604847312,4959.70870425261,TRUE,35.9997405703262,32.018636414229,6.77025060794253,9.88812640249007,5.66970848378572,1.74402730334294,0.819285693291679,44.9999999949868,0.441269153890728,0.782061919391107,0.816149654518702,0.642132471521761,1.50538718552383,11156.5003424658,18131.05,3053.06527939994,4961.70640746199,83.8903068105208,0.300272969723379,0.429128726961816,2.23816111493774,0.362305323969979,30.5950035927539,2.79242982215806,TRUE,TRUE,TRUE,TRUE,TRUE,TRUE,FALSE,,,,,,,0.51372519176833,-0.983669293915148,0,Duct2 singlet,Duct2 singlet,,0,0
PC1_cellid_000154857-1,PC1_A2,PASC,PC1,singlet,Fibroblast,Bcell,,FALSE,FALSE,157.879023532634,170.154037422942,,,Fibroblast singlet,139,97,11704.0444417126,18579.8174336399,154857,TRUE,63.9635506172682,40.009607342869,9.02446242540658,10.0160273422756,9.99765871087,1.00183729302982,0.0605349850862544,179.738377252341,0.502127317359703,0.864423247214381,0.85306776102436,0.638761533431489,1.41121464689361,11706.3,18578.4,3203.52233972507,5084.12730208079,TRUE,15.9906068217418,20.0045853193883,4.51219159054151,6.02047542553596,3.99540641835669,1.50684931419031,0.748055330139068,90.0000000038799,0.502129460386942,0.800273597781239,0.883004078416562,0.664772727319911,1.41121163494571,11699,18578.45,3201.52463651569,5084.14098497948,47.9729437955265,0.249995609451437,0.333325527959359,1.99775006807504,0.442741067439842,89.7383772484609,2.25613541743254,TRUE,TRUE,TRUE,TRUE,TRUE,TRUE,FALSE,,,,,,,0.26725831730921,1.14510281350117,0.263736588937711,Fibroblast singlet,Fibroblast singlet,,4.28967071982189,6.47463426919841
PC1_cellid_000154862-1,PC1_A2,PASC,PC1,singlet,Duct2,Fibroblast,,FALSE,FALSE,312.785989037962,314.785582379924,,,Duct2 singlet,390,349,11110.613816568,18707.8590280351,154862,TRUE,108.109682523837,52.0231610811783,11.7324133475646,16.022791237939,10.0091339321055,1.60081694802417,0.780880013388952,179.804117756399,0.501973719635721,0.843821147473329,0.887542852977065,0.674108676706605,1.41143053757269,11103.8540348692,18712.2,3038.65819753039,5120.742738987,TRUE,27.990769974144,24.0276696370556,5.96983711826929,6.02066201409978,5.99317210337094,1.00458687111025,0.095451604409365,89.7395664183058,0.609258230945344,0.875215136203194,0.935459544627567,0.775735824715124,1.28114798307465,11125.7665909091,18701.2,3044.65474321896,5117.73250127423,80.1189125496929,0.2589108516287,0.349365325612594,6.70970128116835,1.14378876211743,89.9354486619069,2.88128811464768,TRUE,TRUE,TRUE,TRUE,TRUE,TRUE,FALSE,,,,,,,0.21798355683006,-0.798302767898468,0.071012422562932,Duct2 singlet,Duct2 singlet,,3.95665312444481,0
PC1_cellid_000154866-1,PC1_A2,PASC,PC1,doublet_certain,Duct2,Fibroblast,Duct2__Fibroblast,FALSE,FALSE,559.781592125971,592.757087137749,TRUE,spatially_supported_contact,Supported Duct2-Fibroblast doublet,940,791,11676.2686689447,18012.9532185605,154866,TRUE,111.881076784648,48.0274028196692,11.9353010548442,12.0206133392109,11.9998789659929,1.00172788163409,0.0587096890494544,179.804452018321,0.609520473206809,0.88862485947085,0.906420286805671,0.775627402761461,1.28087235092826,11674.9202739726,18004.9,3194.93502747926,4927.18445405602,TRUE,39.9909331265398,27.9682666534045,7.13568759739171,8.0182253321457,6.00000960978663,1.33636874771168,0.663364463933119,179.803782338209,0.642451427836973,0.909261955219949,0.917005011641947,0.831249381226768,1.24761288239215,11682.2748287671,18012.15,3196.94766004317,4929.16847436671,71.8901436581087,0.357441439359231,0.556278386522132,2.82613276945007,0.473575446773882,0.000669680111940352,2.39980672872626,TRUE,TRUE,TRUE,TRUE,TRUE,FALSE,TRUE,PC1_A2,6.71743848198137,18.8703995431316,TRUE,TRUE,30,0.0360900832413134,-0.131974742410493,0.167682193603585,Supported Duct2-Fibroblast,Supported Duct2-Fibroblast,18.8703995431316,0,2.45430120071192
PC1_cellid_000154871-1,PC1_A2,PASC,PC1,singlet,Duct2,Fibroblast,,FALSE,FALSE,201.171686993418,212.567008555603,,,Duct2 singlet,235,209,11921.8273150427,18065.4649081953,154871,TRUE,47.9179006108228,31.9912169259519,7.81095166790762,10.0159192281245,5.99863524954521,1.66969965782043,0.800816261435331,89.8430256515946,0.588364044948943,0.888496226494429,0.915456132733155,0.797543745573756,1.30369781396416,11919.9948972603,18062.45,3262.00165233952,4942.93347045327,TRUE,16.0456500064488,20.0048349422371,4.51995089676765,6.02053762020877,4.01365028322701,1.50001549493826,0.745362152382964,89.7395664321857,0.503845326072025,0.800822276180208,0.923712969388007,0.664022065979401,1.40880661638568,11920.0331818182,18077,3262.01212921407,4946.91519397334,31.872250604374,0.334857115995523,0.503436365400956,3.98173730363743,1.01952680357803,0.103459219408904,1.64550038556999,TRUE,TRUE,TRUE,TRUE,TRUE,TRUE,FALSE,,,,,,,0.0576054895821742,-0.726281227832435,0.0986032942629394,Duct2 singlet,Duct2 singlet,,0,0
PC1_cellid_000154878-1,PC1_A2,PASC,PC1,singlet,Fibroblast,Endothelium,,FALSE,FALSE,318.901231767906,320.152581882106,,,Fibroblast singlet,441,333,11893.2980519824,18320.0471532161,154878,TRUE,91.8992774067017,52.0228019272347,10.8171065505892,18.3830138608876,8.49488745782132,2.16400911092003,0.886825081829411,135,0.426711632054754,0.820799834114861,0.82104416985887,0.588488190861513,1.53085042456619,11895.3129251701,18314.7,3255.24723386576,5011.96369436652,TRUE,52.0457650202091,35.9866168133459,8.1404377130302,10.0067805485887,8.00922312392658,1.24940713853702,0.599493517998287,89.7383772579277,0.505025400338518,0.839139096826373,0.860571420461013,0.649382571110496,1.40715970090664,11895.3499626401,18314.6,3255.25736946476,5011.93632856913,39.8535123864926,0.566334866641186,1.30592667723785,0.0291824816282794,0.00539561692174211,45.2616227420723,1.33833441877949,TRUE,TRUE,TRUE,TRUE,TRUE,TRUE,FALSE,,,,,,,-0.367460388812933,0.693119921763697,0,Fibroblast singlet,Fibroblast singlet,,0,6.21434048892182
PC1_cellid_000154888-1,PC1_A2,PASC,PC1,singlet,Fibroblast,Endothelium,,FALSE,FALSE,231.14268491517,240.052643924045,,,Fibroblast singlet,211,179,11582.8953754236,18637.3853824924,154888,TRUE,48.0276125367984,36.0415042428293,7.81988845963099,10.0158362600451,8.01817927129733,1.24914097299874,0.599265758400576,89.6102388061435,0.464616945327314,0.74989768593975,0.835760781270802,0.598036953208153,1.4670755430825,11585.95,18637.4,3170.58760256765,5100.27312254018,TRUE,24.0276606754324,24.0278261092796,5.53109100805967,6.02047542757487,6.02047542349705,1.00000000022278,3.68055846033487e-05,89.9999999805961,0.522988806250925,0.799095912908733,0.853213683993654,0.662902892548265,1.3827822718054,11578.6246575342,18630.1,3168.58296419044,5098.2754193308,23.9999518613659,0.500288467431517,1.00115453581803,2.83008712519192,0.723817771203169,0.389761174452502,1.14439872578566,TRUE,TRUE,TRUE,TRUE,TRUE,TRUE,FALSE,,,,,,,-0.367460388812933,0.408395903093451,0,Fibroblast singlet,Fibroblast singlet,,0,5.80740213941913
PC1_cellid_000154913-1,PC1_A2,PASC,PC1,singlet,Fibroblast,Myeloid,,FALSE,FALSE,199.282799623707,200.91480461336,,,Fibroblast singlet,163,138,11792.3143666128,18609.5521642068,154913,TRUE,80.1181636628218,44.0049556365097,10.0999809023121,14.0113856277654,8.01822351658549,1.74744263414473,0.820068862752235,179.843025651824,0.51992137867762,0.869215144614298,0.858852882609713,0.713134983928094,1.38685533678179,11786.8003424658,18611.05,3225.55190034154,5093.06223492823,TRUE,16.0179411923776,19.9772820006627,4.51604651784916,6.00229394403511,4.01360844217067,1.49548567739617,0.743551125934292,89.7383772531593,0.504363626243184,0.8005464480574,0.883806717794424,0.664897091964958,1.40808256298452,11794.125,18607.35,3227.55635128179,5092.04970042484,64.1002224704442,0.199928960651046,0.249889010873003,2.24567354982775,0.444688671612594,89.8953516013357,2.79196719223146,TRUE,TRUE,TRUE,TRUE,TRUE,TRUE,FALSE,,,,,,,-0.367460388812933,0.395965545885736,0,Fibroblast singlet,Fibroblast singlet,,0,6.42080393715529
PC1_cellid_000154926-1,PC1_A2,PASC,PC1,singlet,Fibroblast,Acinar,,FALSE,FALSE,139.74597638535,139.677966350583,,,Fibroblast singlet,169,134,11842.63800646,18750.3908293999,154926,TRUE,59.9723580610591,40.0098727089442,8.73837386899628,10.0091922481241,10.0022807880435,1.00069098813446,0.0371556959307609,179.804452021909,0.470789371755398,0.789771102271359,0.83323982980814,0.599036178640432,1.45742654348523,11842.1373287671,18746,3240.69530789384,5129.99237850441,TRUE,24.0272862319991,24.0001164114897,5.5310479100485,8.00913981245879,4.00456990929573,1.99999999710185,0.866025403563397,89.7395664364573,0.524188983686302,0.85756287919008,0.902481519036762,0.749139966640432,1.38119836298354,11838.4500757576,18742.4,3239.68626170604,5129.00720979842,35.94507182906,0.400639344604893,0.668444518335602,1.41022394973243,0.322765761146532,89.9351144145486,1.60366297947389,TRUE,TRUE,TRUE,TRUE,TRUE,TRUE,FALSE,,,,,,,-0.367460388812933,0.358787576692329,0,Fibroblast singlet,Fibroblast singlet,,0,6.72070540151439
PC1_cellid_000154927-1,PC1_A2,PASC,PC1,singlet,Fibroblast,Myeloid,,FALSE,FALSE,278.065267808594,279.854466115564,,,Fibroblast singlet,359,249,11013.3210516855,18962.2486698522,154927,TRUE,99.9906255582388,48.0008737654995,11.28326276232,12.01358505246,11.9862192558859,1.0022831047261,0.0674582809819491,0,0.545344407122121,0.877006647218491,0.845977602557455,0.694391570804624,1.35414312176904,11013.45,18961.05,3013.91841251677,5188.84252578903,TRUE,31.9269193456466,28.0228239003913,6.37578357948632,7.99081283793693,6.0204754247201,1.32727272691695,0.657534246736345,89.9999999941501,0.510908447967579,0.840289343736851,0.873742185622148,0.663644146994706,1.39903460815829,11017.1416666667,18961.05,3014.92866653704,5188.84252578903,68.0637062125921,0.319299125935141,0.469074064836177,1.01025402026971,0.179071256206619,89.9999999941501,2.45373959141682,TRUE,TRUE,TRUE,TRUE,TRUE,TRUE,FALSE,,,,,,,-0.367460388812933,1.45161985097737,0,Fibroblast singlet,Fibroblast singlet,,0,6.69555097890402
PC1_cellid_000154948-1,PC1_A2,PASC,PC1,singlet,Fibroblast,Duct2,,FALSE,FALSE,204.670649210487,215.298939194776,,,Fibroblast singlet,206,193,11992.3384766261,18895.810018232,154948,TRUE,83.9992698496252,48.0280958228955,10.3417209448632,11.3388832888568,11.338883288856,0.999999999758721,3.61947947784994e-07,44.2151753954967,0.457609085188494,0.792210360518583,0.781640799340474,0.653333520106228,1.47826631484367,11992.5005102041,18895.35,3281.84339147323,5170.86319690459,TRUE,3.99081811277768,7.99118769388171,2.25416668350721,2.02525386702747,1.99751579634251,1.01388628213162,0.16493819530477,179.215175367294,0.785324481078226,0.999999999812444,0.99999999965755,0.986488988942878,1.12843209880258,12003.45,18891.6,3284.83980666589,5169.83697950251,80.0084517368475,0.0475101524030734,0.0498799567501308,3.16727424817115,0.612523632948946,45.000000028203,4.04377713067801,TRUE,TRUE,TRUE,TRUE,TRUE,TRUE,FALSE,,,,,,,-0.367460388812933,-0.467987838489211,0,Fibroblast singlet,Fibroblast singlet,,0,0
PC1_cellid_000154986-1,PC1_A2,PASC,PC1,singlet,Duct2,Myeloid,,FALSE,FALSE,295.242900070693,301.020144310412,,,Duct2 singlet,446,410,11088.2125572325,18334.4470402814,154986,TRUE,80.0638693649895,44.0053552002097,10.0965580560909,12.013585337782,10.0069467774463,1.2005245557589,0.553319331669717,89.7395664266086,0.519559604306776,0.833522397246116,0.830298837454355,0.66598177926823,1.38733809314252,11087.8499232046,18335.9,3034.27854475838,5017.76524341295,TRUE,39.9905586831041,27.9953978807419,7.13565419084896,8.00909816414055,5.99317210697958,1.33637045916905,0.663365544953643,179.738377259188,0.641200787405516,0.909261182705069,0.916398584317408,0.833138310365545,1.24882900302846,11084.1747716895,18332.25,3033.27281024101,5016.76639180826,40.0733106818854,0.499483212531275,0.997934984473393,1.41746479590135,0.280781784291017,89.9988108325797,1.48045193262099,TRUE,TRUE,TRUE,TRUE,TRUE,TRUE,FALSE,,,,,,,-0.367460388812933,-0.983669293915148,0,Duct2 singlet,Duct2 singlet,,0,0
PC1_cellid_000155100-1,PC1_A2,PASC,PC1,singlet,Fibroblast,Duct2,,FALSE,FALSE,304.428841788645,324.300277648577,,,Fibroblast singlet,391,322,11910.56723217,18109.5037080109,155100,TRUE,64.0732625432482,36.0143883566981,9.03219860445185,10.0160220998571,8.01817863648603,1.24916424920513,0.599285685267255,89.6089085952801,0.620775567416712,0.88888658014931,0.892743396736922,0.797821685443261,1.26920768207079,11909.2252559727,18113.65,3259.05445412527,4956.94475871634,TRUE,15.9632724511059,15.9818131098287,4.50833336701374,4.02286529169147,3.99531270587754,1.0068962269256,0.11683784502706,89.6075693234088,0.785379741197384,0.999999999953087,0.999999999828769,0.993197595235354,1.12839240008954,11909.15,18099,3259.03385972825,4952.93566939888,48.1099900921423,0.24914093359675,0.331807851492264,4.00914221306182,0.887744475018147,0.00133927187130212,2.26193261871905,TRUE,TRUE,TRUE,TRUE,TRUE,TRUE,FALSE,,,,,,,-0.367460388812933,0.314929951029492,0,Fibroblast singlet,Fibroblast singlet,,0,4.63765470686922
PC1_cellid_000155109-1,PC1_A2,PASC,PC1,doublet_certain,Duct2,Fibroblast,Duct2__Fibroblast,FALSE,FALSE,349.766958804458,383.715936163426,TRUE,spatially_supported_contact,Supported Duct2-Fibroblast doublet,479,425,11521.2949693437,18663.1489475279,155109,TRUE,112.045457451904,44.0319243910876,11.9440657749238,11.9863362425659,10.0227349696879,1.19591471544881,0.548455067899615,89.8044520224452,0.726220969822651,0.965379738865831,0.946226730769349,0.932656134506841,1.17345275065974,11520.250028831,18663.2,3152.60828157305,5107.33349826649,TRUE,40.0182674971782,27.9682354146827,7.13812585271493,8.01138392414118,6.00685101982956,1.33370777701071,0.661676510333192,89.8037823437136,0.642891988645986,0.909318313295002,0.946303244561934,0.831579696819959,1.2471853272597,11518.3999143836,18655.85,3152.10198300192,5105.32211215841,72.0271899547261,0.357160998791803,0.555599455105446,2.07412929174978,0.347307077399269,0.000669678731512136,2.40296996110443,TRUE,TRUE,TRUE,TRUE,TRUE,FALSE,TRUE,PC1_A2,10.0022865307302,10.7770807316991,TRUE,TRUE,30,0.907421981939342,0.0268882491012656,0.387136452362399,Supported Duct2-Fibroblast,Supported Duct2-Fibroblast,10.7770807316991,0,3.7554546524254
PC1_cellid_000155152-1,PC1_A2,PASC,PC1,singlet,Duct2,Fibroblast,,FALSE,FALSE,214.124890426815,221.048064684039,,,Duct2 singlet,294,273,11059.4436287631,18105.1555258145,155152,TRUE,87.9908368492614,51.996107742548,10.5845837448064,17.7499778838624,8.33023895070424,2.1307885623774,0.883033573273551,33.5696984201788,0.408983363405228,0.785316360933241,0.824520258161497,0.595089342689263,1.563677470139,11057.7756849315,18105.85,3026.04848964633,4954.81022652001,TRUE,52.0457650202097,36.0413484081242,8.14043771303024,10.0159023862463,8.00922312221029,1.25054605546561,0.600465481978506,179.738377253229,0.503492724154334,0.838031098694151,0.859600795232771,0.648791155502572,1.40929983247104,11054.0875,18098.55,3025.03918843065,4952.81252331063,35.9450718290517,0.591490737875982,1.44792491313554,2.23819281044899,0.422915602574937,33.83132116695,1.22207301588807,TRUE,TRUE,TRUE,TRUE,TRUE,TRUE,FALSE,,,,,,,0.153843248071105,-0.983669293915148,0,Duct2 singlet,Duct2 singlet,,0,0
PC1_cellid_000155164-1,PC1_A2,PASC,PC1,singlet,Duct2,Endothelium,,FALSE,FALSE,386.791359725958,390.217437912917,,,Duct2 singlet,615,535,11096.5987644527,18459.1719149317,155164,TRUE,119.890047380844,51.9957264723799,12.3551102522585,16.0051660769792,9.99640740691967,1.60109181439711,0.780965791521673,179.888094325853,0.557259774610608,0.908637364628073,0.86443323117449,0.749340143665791,1.33958770365301,11095.6081050228,18456.45,3036.4016330758,5050.75471216514,TRUE,35.9181119018598,23.9726884272444,6.76257055014368,5.99317210750005,5.99317210698058,0.999999999630061,1.31664134035228e-05,89.7383772673262,0.785398163396449,0.999999999979179,0.999999999885846,0.999999999835949,1.12837916656437,11095.6,18456.5,3036.39941507167,5050.76839506384,83.971935478984,0.299592106964192,0.427739478585339,0.0138615027678058,0.00224384929998233,89.8502829414733,2.7962698510574,TRUE,TRUE,TRUE,TRUE,TRUE,TRUE,FALSE,,,,,,,0.0501413561808886,-0.983669293915148,0,Duct2 singlet,Duct2 singlet,,0,0
PC1_cellid_000155182-1,PC1_A2,PASC,PC1,singlet,Duct2,Myeloid,,FALSE,FALSE,294.613302385322,300.794756851349,,,Duct2 singlet,343,303,11329.7229862626,18719.0662687084,155182,TRUE,80.0088261802795,40.0094515081625,10.0930868132883,10.0159023842062,9.98866183099123,1.0027271471326,0.0737025350367282,179.738377241557,0.628090995949227,0.888856534319881,0.873901893174655,0.799724692172397,1.26179474995257,11330.4581050228,18722.3,3100.6702082434,5123.50668452327,TRUE,31.9815880869188,24.027417481626,6.38123989955682,6.02047542594315,5.99310962896292,1.00456620951816,0.0952378485590653,89.9999999922356,0.696138576106997,0.940515124465863,0.950160558058644,0.886374013914771,1.19853894234299,11330.45,18715.05,3100.66799023927,5121.52266421258,48.0272380933608,0.399725750392327,0.665905210249448,1.98402155047874,0.393144651036823,89.7383772493219,1.85592345686573,TRUE,TRUE,TRUE,TRUE,TRUE,TRUE,FALSE,,,,,,,-0.367460388812933,-0.791668133880792,0,Duct2 singlet,Duct2 singlet,,0,3.40633479421186
PC1_cellid_000155184-1,PC1_A2,PASC,PC1,singlet,Duct2,Acinar,,FALSE,FALSE,341.451136995596,351.304732025296,,,Duct2 singlet,499,438,11267.4975626411,18264.3280845127,155184,TRUE,135.99036612857,55.9914770306966,13.1585832010102,16.0199971959359,12.0027584474488,1.33469295932456,0.662303127245597,179.686053659615,0.545097460534631,0.860428532164287,0.837775819192304,0.707236459217375,1.35444982216807,11266.65,18265.85,3083.20861150521,4998.59550234209,TRUE,40.0452274243789,28.0503793745441,7.14052989172598,7.99081283589802,6.02047542553596,1.32727272639843,0.657534246399078,90,0.639562733088924,0.90937383080664,0.91517414608204,0.832394147105966,1.25042723684822,11262.9751136364,18258.55,3082.20294954867,4996.59779913271,95.945138704191,0.294471061160127,0.417376304428188,2.23655406453982,0.339938430600756,89.6860536596154,3.00902665464212,TRUE,TRUE,TRUE,TRUE,TRUE,TRUE,FALSE,,,,,,,0.0833027874285772,-0.426146838289845,0.187299887925135,Duct2 singlet,Duct2 singlet,,3.04642919776342,3.04642919776342
PC1_cellid_000155196-1,PC1_A2,PASC,PC1,singlet,Duct2,Fibroblast,,FALSE,FALSE,557.512042357766,571.49861036311,,,Duct2 singlet,867,716,11363.4644488017,18746.450299413,155196,TRUE,152.009430651237,64.0096595941975,13.912024233656,18.0250372330219,13.9977248893455,1.28771192261521,0.630029493851678,89.8694859202305,0.466218348020685,0.817433134187381,0.837122917614706,0.602472056087978,1.46455376394035,11359.8124140585,18747.85,3108.70324897898,5130.49864575611,TRUE,75.908296141529,35.9861547718045,9.83104493026364,10.0104460877182,7.99633096108378,1.2518799100501,0.60159844943668,89.8430256492818,0.736594073579525,0.974044444435097,0.967260272856169,0.94829847317629,1.16516086612874,11363.4450171233,18744.15,3109.69733977363,5129.48611125272,76.1011345097083,0.499365702583911,0.99746602492333,1.41895828992303,0.203990197839129,0.0264602709486752,2.0404896516962,TRUE,TRUE,TRUE,TRUE,TRUE,TRUE,FALSE,,,,,,,0.291440280538545,-0.661520245781216,0.123412704687979,Duct2 singlet,Duct2 singlet,,2.52844697628231,2.52844697628231
PC1_cellid_000155201-1,PC1_A2,PASC,PC1,singlet,Fibroblast,Myeloid,,FALSE,FALSE,111.679323971845,114.358850598513,,,Fibroblast singlet,109,97,11464.4313377748,18219.4270427657,155201,TRUE,48.0541980205682,32.04606693887,7.82205249345219,8.01817863654938,7.99081283752975,1.0034246573947,0.0825487165935086,1.16598813286726e-08,0.588019497559362,0.857556197032362,0.878506177889461,0.750005843964166,1.30407970597713,11463.8168181818,18217.6,3137.16488348679,4985.391505102,TRUE,16.0179411923788,19.9772820006646,4.51604651784933,6.00229394499355,4.01360844216953,1.49548567763539,0.743551126030487,179.738377260015,0.504363626243122,0.80054644805744,0.883806717794404,0.664897091859028,1.40808256298461,11465.625,18217.55,3137.65970685958,4985.3778222033,32.0362568281894,0.333330735895114,0.499994155786777,0.495012516984216,0.126568446359291,0.261622751644893,1.65300298780143,TRUE,TRUE,TRUE,TRUE,TRUE,TRUE,FALSE,,,,,,,-0.367460388812933,0.28646062338355,0,Fibroblast singlet,Fibroblast singlet,,0,5.6212315271375
PC1_cellid_000155234-1,PC1_A2,PASC,PC1,doublet_certain,Duct2,Fibroblast,Duct2__Fibroblast,FALSE,FALSE,357.001356604237,383.606634471089,TRUE,spatially_supported_contact,Supported Duct2-Fibroblast doublet,538,465,11897.3642716075,18046.4750270454,155234,TRUE,91.9539461479756,48.0272929478041,10.8203234947043,12.0136149813362,12.0081567964814,1.00045453954421,0.0301406718675236,89.8434545499882,0.500961117117976,0.835570481210757,0.835505684389838,0.637412112647174,1.41285629352171,11898.024795082,18051.45,3255.9893586913,4939.9232327405,TRUE,19.9548394507528,24.0006477400662,5.04056452171181,6.02047542553596,5.99310962896193,1.00456620945038,0.095237847857084,1.9403946505718e-08,0.435323564292593,0.712898306426154,0.837743288472985,0.553051058443918,1.5156325075785,11901.6626712329,18044.2,3256.98489250801,4937.93921242982,71.9991066972228,0.217009060344955,0.277153986533433,2.21978020836332,0.410298306764441,89.8434545305843,2.88987948649625,TRUE,TRUE,TRUE,TRUE,TRUE,FALSE,TRUE,PC1_A2,6.72377914568083,15.6652323931319,TRUE,TRUE,30,0.0727167152281882,-0.534295335848663,0.172151542593634,Supported Duct2-Fibroblast,Supported Duct2-Fibroblast,15.6652323931319,2.97488449060745,3.64217354759646
PC1_cellid_000155243-1,PC1_A2,PASC,PC1,singlet,Fibroblast,Myeloid,,FALSE,FALSE,225.703730812491,231.893222685765,,,Fibroblast singlet,170,148,11738.9932659162,18523.3823898172,155243,TRUE,107.972261783791,47.9730684095741,11.7249543042871,14.0113951594853,10.0120028669416,1.39945976263345,0.699572677852537,179.775751519636,0.589558721535624,0.899773460555919,0.887818819298665,0.769679380635579,1.30237624342892,11738.9752283105,18519.85,3212.46417650085,5068.10462770964,TRUE,43.8447049427047,31.9909136294604,7.47160037477225,10.0090754199794,5.98623307434271,1.67201565510425,0.801436015240371,179.803782341509,0.538361171171943,0.879386870729454,0.889650320602542,0.73176151957671,1.36289731264986,11728,18519.9,3209.46071775844,5068.11831060834,64.1275568410865,0.406073784269155,0.683710827227029,3.00348990993427,0.512324368498876,0.0280308218730454,2.12667696475741,TRUE,TRUE,TRUE,TRUE,TRUE,TRUE,FALSE,,,,,,,-0.367460388812933,0.584379479725204,0,Fibroblast singlet,Fibroblast singlet,,0,6.27365361944369
PC1_cellid_000155259-1,PC1_A2,PASC,PC1,doublet_certain,Duct2,Fibroblast,Duct2__Fibroblast,FALSE,FALSE,551.75424248769,583.054152366157,TRUE,spatially_supported_contact,Supported Duct2-Fibroblast doublet,1037,862,11861.9755776631,18004.3321975409,155259,TRUE,176.035967996363,67.9504618116003,14.9711708209045,19.8054604592258,14.1550033381709,1.39918444257718,0.699429030805273,44.8044520218904,0.479100309498592,0.846032997167966,0.807835436215899,0.627923147201183,1.4447302765784,11861.3315924658,18007.95,3245.94797120788,4928.01911087638,TRUE,72.0818586960037,43.9772731144872,9.5800559993021,14.3042853107827,8.04308840477855,1.77845680490312,0.826943357362382,63.1218602488744,0.468359406966534,0.818692161125344,0.82471160401022,0.626522930534118,1.46120239757623,11864.9957762557,18007.8,3246.95070431979,4927.97806218029,103.954109300359,0.409472334048223,0.693400762838538,1.00357296156002,0.134067398231545,18.317408226984,2.69555741080121,TRUE,TRUE,TRUE,TRUE,TRUE,FALSE,TRUE,PC1_A2,9.22859798784671,16.6144904641918,TRUE,TRUE,30,1.19146994717079,-0.234166850224902,0.287128347210286,Supported Duct2-Fibroblast,Supported Duct2-Fibroblast,16.6144904641918,0,3.67814216952803
PC1_cellid_000155345-1,PC1_A2,PASC,PC1,doublet_certain,Duct2,Fibroblast,Duct2__Fibroblast,FALSE,FALSE,441.985279600726,462.066735025667,TRUE,spatially_supported_contact,Supported Duct2-Fibroblast doublet,736,615,11592.065284655,18996.4251544212,155345,TRUE,115.92656363869,51.9412714677817,12.1491680830433,14.0153045290533,12.0019791426098,1.1677494485972,0.51639903525736,179.775751521658,0.539967565321148,0.892464997213018,0.874149950330696,0.689171891524055,1.36086850488924,11592.7452054795,18991.85,3172.44716473133,5197.27119138478,TRUE,47.9452349814576,31.9635637422152,7.81317919671701,7.99997632908446,7.99997632704687,0.999999999912626,2.2569868574098e-05,179.738377267386,0.589718736589862,0.857284413486151,0.879414170945255,0.749148730019835,1.30219953702623,11583.6417237443,18999.15,3169.95592436434,5199.26889459416,67.9813286572328,0.413582818919339,0.705270637120797,3.19328931963467,0.525680325196055,0.0373742542724074,2.16799444316315,TRUE,TRUE,TRUE,TRUE,TRUE,FALSE,TRUE,PC1_A2,11.6734912378569,14.3194732128744,TRUE,TRUE,30,0.594349535768569,-0.363557702465712,0.237559754257989,Supported Duct2-Fibroblast,Supported Duct2-Fibroblast,14.3194732128744,0,4.01363738262826
PC1_cellid_000155372-1,PC1_A2,PASC,PC1,singlet,Fibroblast,Tcell,,FALSE,FALSE,193.34091196972,194.630581731861,,,Fibroblast singlet,202,171,11933.969699561,18577.2657775932,155372,TRUE,91.953571704544,47.9452050364369,10.8203014640936,12.0136083206801,11.9930840925867,1.00171133840084,0.058428684942922,179.803782332388,0.502675949073155,0.821892225663964,0.834086106739918,0.638210956325874,1.41044432120132,11932.85,18573.95,3265.5195537094,5082.90952409698,TRUE,16.0183156358102,20.0321360123738,4.51609930222567,6.02047542553596,3.99540641917256,1.50684931388261,0.748055330018846,89.9999999961202,0.501616935359609,0.800550180556403,0.882192985423567,0.665924657445515,1.41193240070698,11940.1,18562.95,3267.50357402009,5079.89928638422,75.9352560687338,0.174200037444295,0.210947015431167,3.60525556383938,0.666387266406448,89.803782336268,3.15210108093396,TRUE,TRUE,TRUE,TRUE,TRUE,TRUE,FALSE,,,,,,,-0.367460388812933,0.33445753294129,0,Fibroblast singlet,Fibroblast singlet,,0,6.1015391813527
PC1_cellid_000155381-1,PC1_A2,PASC,PC1,singlet,Duct2,Fibroblast,,FALSE,FALSE,642.129784915359,646.815185911011,,,Duct2 singlet,1112,909,11014.8070705846,18646.0815719479,155381,TRUE,284.090981778936,95.9737229214724,19.0188294146506,28.3036262500655,16.98341275831,1.66654527263114,0.799967219430003,44.7383772546445,0.387581132984655,0.788423188952326,0.774497318531117,0.591003975487848,1.60627050953635,11008.6119863014,18646.8,3012.59445149036,5102.84550749472,FALSE,88.1001743318085,44.0320420875692,10.5911579091863,12.0191479389367,10.0104610484986,1.20065877859379,0.553459486991097,179.843454563742,0.57101691996737,0.862920351054926,0.869098417545057,0.732232509901109,1.32335240596922,11015.9164383562,18643.1,3014.59337304004,5101.83297299134,195.990807447127,0.310112534291082,0.449511767795948,2.24073949452227,0.235633796729871,44.8949226909024,4.21383575273211,TRUE,TRUE,TRUE,TRUE,TRUE,TRUE,FALSE,,,,,,,0.701856842909884,-0.650050872919737,0.127806529019012,Duct2 singlet,Duct2 singlet,,0,2.30186540962365
PC1_cellid_000155417-1,PC1_A2,PASC,PC1,singlet,Duct2,Myeloid,,FALSE,FALSE,558.291504803121,565.446072914919,,,Duct2 singlet,917,743,11294.8175706171,18413.9063965136,155417,TRUE,143.917333612843,59.9863022618144,13.5366628209731,16.0090850304562,14.0045170035273,1.14313724802474,0.484510226443966,179.804117756286,0.502595719071304,0.847145690981512,0.858256748176981,0.641916379621077,1.41055689231403,11296.4401587796,18411.9,3091.36092599864,5038.56324942843,TRUE,63.96317617384,35.9861953827051,9.02443601070975,10.0022340104039,8.00454251613569,1.24956972704207,0.59963253191506,89.8037823435344,0.620680380832333,0.91406341968824,0.902222734481742,0.798907492786649,1.26930500020414,11296.4541381279,18415.55,3091.36475155876,5039.56210103312,79.9541574390027,0.444443866236886,0.79999812660946,0.998858930531839,0.147578312655978,89.9996645872484,2.25611340513165,TRUE,TRUE,TRUE,TRUE,TRUE,TRUE,FALSE,,,,,,,0.461913509586363,-0.844052681693165,0.0534859992090498,Duct2 singlet,Duct2 singlet,,0,2.47696901402381
PC1_cellid_000155440-1,PC1_A2,PASC,PC1,singlet,Duct2,Myeloid,,FALSE,FALSE,330.046874372369,338.805231790547,,,Duct2 singlet,472,421,11083.6125019961,18295.7426777053,155440,TRUE,100.045294299503,51.9683208636277,11.2863468388489,15.5578348877165,9.90747694281979,1.57031249966162,0.771015877642535,135.000000002128,0.465510156446258,0.832956111303327,0.811793334544817,0.649059390655793,1.46566737056663,11085.858675799,18292.15,3033.73362402785,5005.79270705535,TRUE,23.9456575635269,19.9773444859216,5.52164451360001,6.00229394288002,3.99548972412829,1.50226739478813,0.746254753473444,179.738377270282,0.753982236890865,0.999999999968774,0.999999999863016,0.998480274810541,1.15164716421709,11073.1,18299.45,3030.24211065919,5007.79041026473,76.099636735976,0.239348164536834,0.314661916763921,4.02262149801085,0.712829677896524,44.7383772681531,2.88235116262444,TRUE,TRUE,TRUE,TRUE,TRUE,TRUE,FALSE,,,,,,,-0.0183640213122044,-0.808635500661761,0.0670540358952616,Duct2 singlet,Duct2 singlet,,0,0
PC1_cellid_000155442-1,PC1_A2,PASC,PC1,singlet,Fibroblast,Duct2,,FALSE,FALSE,139.514604648644,149.71191402822,,,Fibroblast singlet,128,126,11374.9646544487,18180.3660622923,155442,TRUE,44.0090856099524,31.9908358222196,7.48559337168581,8.0182200032755,7.99997632908446,1.00228046567862,0.0674194168674001,179.738377251014,0.54038220013491,0.814779896002589,0.87454906320859,0.6860814465175,1.36034630784007,11375.9665525114,18181.35,3113.12395777791,4975.47140354856,TRUE,16.017941192382,19.977219528595,4.51604651784977,5.99315648880486,4.00899528010697,1.49492729873056,0.743326437812404,89.6075692795263,0.504366780705111,0.800546448057575,0.882843811573193,0.666677091564142,1.40807815969117,11368.65,18177.75,3111.12172484179,4974.48623484256,27.9911444175704,0.363968961561881,0.572250314160246,2.23147801014361,0.596206043630981,89.8691920285119,1.48477342691802,TRUE,TRUE,TRUE,TRUE,TRUE,TRUE,FALSE,,,,,,,0.351249591674573,-0.431071299479341,0.2116958392195,Fibroblast singlet,Fibroblast singlet,,0,4.37102888046434
PC1_cellid_000155443-1,PC1_A2,PASC,PC1,singlet,Fibroblast,Acinar,,FALSE,FALSE,274.40776177341,274.269480131251,,,Fibroblast singlet,352,253,11694.651835422,18964.6054494332,155443,TRUE,95.9728475182489,55.9915122684291,11.0542491685809,15.5651719687965,9.90516356250121,1.57141998375701,0.77138634703943,134.706178072149,0.384692615399587,0.749734544333235,0.781867407606735,0.622490611742366,1.61228968340487,11700.4128424658,18958.55,3201.91127212229,5188.15838085431,TRUE,32.09130001289,32.0460663013521,6.39217585946848,10.0160271478381,6.02041323266113,1.66367768394166,0.799190389031675,89.7395664382974,0.392688082159516,0.762341890363715,0.841966718388339,0.53218853713492,1.59579147010362,11693.1334090909,18962.2,3199.91919713388,5189.157232459,63.8815475053589,0.334378950290541,0.502356333887722,2.22846747511697,0.403187486929275,44.9666116338512,2.33103665455623,TRUE,TRUE,TRUE,TRUE,TRUE,TRUE,FALSE,,,,,,,-0.367460388812933,1.46362115274083,0,Fibroblast singlet,Fibroblast singlet,,0,6.39290642133829
PC1_cellid_000155444-1,PC1_A2,PASC,PC1,singlet,Duct2,Fibroblast,,FALSE,FALSE,106.814872063186,109.981700590545,,,Duct2 singlet,124,118,11750.5110858011,18021.6222475323,155444,TRUE,23.99957741793,23.9998980273617,5.52785772478286,6.02047542553596,5.99310962896292,1.00456620945022,0.0952378478553547,1.9403946505718e-08,0.523594005632743,0.800364630791327,0.853720947575954,0.665151515047143,1.38198289200961,11751.7375,18022.85,3215.95667391361,4932.09661468731,TRUE,3.99081811277621,7.99081283752875,2.25416668350679,1.99770321101391,1.99770320938219,0.999999999446938,4.04178416099041e-05,0,0.785398163388299,0.999999999812348,0.999999999657534,0.999999998995626,1.12837916550209,11751.75,18022.85,3215.96009463828,4932.09661468731,20.0087593051538,0.16628701587603,0.199453551812866,0.00342072467356047,0.00123763122406285,1.9403946505718e-08,1.63684552063803,TRUE,TRUE,TRUE,TRUE,TRUE,TRUE,FALSE,,,,,,,-0.367460388812933,-0.408156079728686,0,Duct2 singlet,Duct2 singlet,,0,4.40238255605998
PC1_cellid_000155450-1,PC1_A2,PASC,PC1,singlet,Duct2,Endothelium,,FALSE,FALSE,326.394018021908,331.946270582141,,,Duct2 singlet,452,403,11031.8506140762,18308.3653542447,155450,TRUE,79.9811173662138,40.0366047836109,10.0913389331034,12.0137097243877,7.99993505321682,1.50172590656812,0.746040583898491,89.7395664329699,0.627022101345943,0.90897871814504,0.902736068777558,0.832192641992964,1.26286979283111,11032.9500453304,18310.55,3019.2547554126,5010.82801377488,TRUE,43.9540424252513,31.990851281454,7.48091070437263,10.0090988479051,5.99998617937342,1.66818698312156,0.800409819698924,89.8044520219784,0.539705809962009,0.846316897486741,0.879135309204293,0.731903113661043,1.3611984728059,11029.2999146758,18306.9,3018.25586805324,5009.82916217019,36.0270749409624,0.549555243377022,1.22002806181403,1.41261476874681,0.279965775663971,0.06488558900854,1.30521411436536,TRUE,TRUE,TRUE,TRUE,TRUE,TRUE,FALSE,,,,,,,-0.367460388812933,-0.806631498826746,0,Duct2 singlet,Duct2 singlet,,0,3.14086644680827
PC1_cellid_000155478-1,PC1_A2,PASC,PC1,singlet,Fibroblast,Bcell,,FALSE,FALSE,179.303297967518,185.328931743196,,,Fibroblast singlet,158,144,11623.0148430498,18424.6229100727,155478,TRUE,44.0090856099529,39.9816642789105,7.48559337168586,10.6706609645329,9.22492803531327,1.15672023895686,0.502609988799064,75.7792297061258,0.345963652064663,0.666946613393594,0.812498471425197,0.447082876918226,1.70014030534771,11621.6689212329,18418.05,3180.36237018171,5040.24624596785,TRUE,11.9728287817634,16.0094594086675,3.90439227886806,4.02286529602042,3.99531397893941,1.00689590717295,0.116835164120574,89.6102388046806,0.587020544903323,0.857146686636353,0.92568776605774,0.744921255261547,1.30518883198894,11621.712244898,18425.25,3180.37422604811,5042.21658337984,32.0362568281895,0.272053568328063,0.373727456432768,1.97037308108546,0.526444058068643,13.8310090985547,1.7906005464089,TRUE,TRUE,TRUE,TRUE,TRUE,TRUE,FALSE,,,,,,,-0.367460388812933,-0.0792324132388099,0,Fibroblast singlet,Fibroblast singlet,,0,5.53798191930173
PC1_cellid_000155508-1,PC1_A2,PASC,PC1,singlet,Duct2,Fibroblast,,FALSE,FALSE,600.502893330386,611.99685463892,,,Duct2 singlet,964,754,11233.4607163899,18026.5380956393,155508,TRUE,199.981251116474,79.9926279381203,15.9569432262921,21.7493257183866,14.3363599322269,1.51707447476569,0.751999724194296,129.600026579101,0.392734646619881,0.793662304619506,0.764195075274452,0.641364012734913,1.5956968655182,11229.2085616438,18024.85,3072.96246334521,4932.64393063508,TRUE,51.9633874648673,31.9636574530057,8.13399285705763,8.01822000320721,7.99085448791227,1.00342460403833,0.0825480768242514,179.738377242582,0.639137623049254,0.896699448173339,0.890768025629881,0.811010102689025,1.25084301654806,11229.2334474886,18028.45,3072.96927355507,4933.62909934108,148.017863651607,0.259841295982312,0.351061596076431,0.985192244303775,0.123481324599272,50.1383506634814,3.91147518461722,TRUE,TRUE,TRUE,TRUE,TRUE,TRUE,FALSE,,,,,,,0.845469781440667,-0.983669293915148,0,Duct2 singlet,Duct2 singlet,,2.43128116281213,0
PC1_cellid_000155510-1,PC1_A2,PASC,PC1,singlet,Duct2,Fibroblast,,FALSE,FALSE,253.875623499473,260.198856028505,,,Duct2 singlet,326,296,11274.4456337501,18176.071760148,155510,TRUE,71.9728956568951,43.9503140430963,9.57281238192082,12.5223938124641,8.94623889032033,1.39973836627397,0.699717921790398,63.1218602485946,0.468225297851782,0.800307277217381,0.816501197768725,0.642452653618546,1.4614116414283,11273.625,18174.4,3085.11737587308,4973.56948063004,TRUE,35.9181119018579,23.9726884272439,6.7625705501435,5.99317210705354,5.99317210604607,0.999999999711487,1.83359257746092e-05,89.7383772516831,0.785398163396439,0.999999999979125,0.999999999885846,1.00000000006633,1.12837916656438,11277.3,18178.1,3086.12306892712,4974.58201513342,36.0547837550373,0.499050532412841,0.996209327891964,1.42711059118952,0.298159105448085,26.6165170030885,1.40512091588866,TRUE,TRUE,TRUE,TRUE,TRUE,TRUE,FALSE,,,,,,,0.911663754826461,-0.983669293915148,0,Duct2 singlet,Duct2 singlet,,3.45552288407289,0
PC1_cellid_000155519-1,PC1_A2,PASC,PC1,singlet,Fibroblast,Myeloid,,FALSE,FALSE,197.137758420365,200.765226445045,,,Fibroblast singlet,245,203,11039.1386626107,18985.7783421863,155519,TRUE,80.0092006237187,44.0049194133255,10.0931104312183,12.0044629300821,10.0159023862451,1.1985403275583,0.551237727939678,89.7383772601632,0.519215125235344,0.833668218184992,0.84722572758147,0.665437257610483,1.38779823930592,11039.1373287671,18982.9,3020.94795486178,5194.82195251848,TRUE,19.9267561932452,19.9771882898718,5.03701637713598,6.01141578103576,3.99536476588397,1.50459748462749,0.747173016735811,89.7383772459874,0.627448008604587,0.908977556078695,0.941421814118386,0.829666213574211,1.26244110614117,11042.7416666667,18979.2,3021.93431066858,5193.80941801509,60.0824444304735,0.249055809024636,0.331656882119495,1.41355010457721,0.280101978752564,1.41757965366196e-08,2.52804702704116,TRUE,TRUE,TRUE,TRUE,TRUE,TRUE,FALSE,,,,,,,-0.367460388812933,0.40224674707569,0,Fibroblast singlet,Fibroblast singlet,,0,6.54373564446014
PC1_cellid_000155525-1,PC1_A2,PASC,PC1,singlet,Fibroblast,Endothelium,,FALSE,FALSE,277.477080206866,277.993883868978,,,Fibroblast singlet,289,216,11714.163988299,18638.5478955428,155525,TRUE,140.035852982611,55.9909272423698,13.352871814639,15.999994495078,12.0135853357441,1.33182510002476,0.66047351641781,179.739566428751,0.561324225331707,0.886026946791614,0.859172998974557,0.728528876106176,1.33472903215142,11710.2246590909,18644.15,3204.59635398009,5102.12031386392,TRUE,24.0819549732724,20.0319192471326,5.53733666905869,6.02047542553596,4.02277221656146,1.49659863828594,0.743998022686017,90,0.754147824315043,0.999999999968903,0.999999999863389,0.994341372781302,1.15152072431532,11713.825,18629.55,3205.58161597858,5098.12490744516,115.953898009338,0.171969923834742,0.20768560078296,4.11509582595272,0.61636116588458,89.739566428751,3.90776757279013,TRUE,TRUE,TRUE,TRUE,TRUE,TRUE,FALSE,,,,,,,-0.367460388812933,1.09544049622962,0,Fibroblast singlet,Fibroblast singlet,,0,6.76394484107844
PC1_cellid_000155530-1,PC1_A2,PASC,PC1,singlet,Duct2,Fibroblast,,FALSE,FALSE,399.403677342959,403.760852082263,,,Duct2 singlet,548,471,11266.5623312278,18532.6893199476,155530,TRUE,123.716484826378,55.9909581275627,12.5507259079534,16.0555049795201,11.7543138140233,1.36592447928584,0.681191911483953,11.1589160019457,0.495908597074375,0.804764758031541,0.839230952555653,0.655550753651038,1.42003543341598,11263.9667808219,18532.55,3082.47432718144,5071.58008397802,TRUE,31.9815880869197,24.0000227006993,6.38123989955692,6.02053761848546,5.99317210681086,1.00456611431105,0.0952368624466699,89.7383772387335,0.697728695254371,0.941271765463025,0.951240569075425,0.886355617404013,1.19717243211429,11263.9918181818,18532.6,3082.48117885463,5071.59376687672,91.7348967394584,0.258507086822077,0.34863055631126,0.0153025207742729,0.00243850767869779,78.5794612367879,3.08474300419824,TRUE,TRUE,TRUE,TRUE,TRUE,TRUE,FALSE,,,,,,,0.118815186348601,-0.983669293915148,0,Duct2 singlet,Duct2 singlet,,0,0
PC1_cellid_000155554-1,PC1_A2,PASC,PC1,doublet_certain,Fibroblast,Duct2,Duct2__Fibroblast,FALSE,FALSE,418.681078851142,461.507706508076,TRUE,spatially_supported_contact,Supported Duct2-Fibroblast doublet,586,510,11652.4354667801,18061.1530323964,155554,TRUE,124.127249272772,55.9912802317814,12.5715441515071,15.1840794161191,12.6519986562175,1.2001328663889,0.552909857808714,161.329912499766,0.497549392089772,0.826987651236972,0.841215518945566,0.646129437185727,1.41769203675857,11653.2520262557,18059.75,3189.00533871135,4942.19459392378,TRUE,43.9267080546169,32.0187769907178,7.47858420860358,10.0159168284513,6.00685102186849,1.66741555391076,0.800202038048024,179.803782346379,0.53842974381473,0.844895137116255,0.878281778260363,0.730114690978815,1.3628105228255,11649.575,18059.75,3187.99909115628,4942.19459392378,80.2005412181551,0.353884487962416,0.547710868055789,1.00624755507033,0.160083366266326,18.4738698466132,2.54647997145176,TRUE,TRUE,TRUE,TRUE,TRUE,FALSE,TRUE,PC1_A2,11.7079817736987,22.0879046125352,TRUE,TRUE,30,-0.367460388812933,0.218561861781467,0,Supported Duct2-Fibroblast,Supported Duct2-Fibroblast,22.0879046125352,0,4.92376042656012
PC1_cellid_000155555-1,PC1_A2,PASC,PC1,doublet_certain,Duct2,Fibroblast,Duct2__Fibroblast,FALSE,FALSE,431.211863282813,455.972581746066,TRUE,spatially_supported_contact,Supported Duct2-Fibroblast doublet,611,525,11609.2140729426,18896.1310335313,155555,TRUE,75.9914225837305,51.9961527021718,9.83642639855992,18.2947278784626,7.77035701397063,2.35442565111573,0.905319113832205,123.569698425723,0.353209208645487,0.774809204015012,0.819814977245948,0.534561463739505,1.68261203537196,11608.8248287671,18896.75,3176.8474818611,5171.24631806803,TRUE,31.9265449022097,23.9725322307982,6.37574619132978,8.00454251569426,3.99538298853437,2.00344811328037,0.866521669952013,89.8037823448095,0.698126242255731,0.999999999976543,0.999999999885845,0.998290618409441,1.1968315194996,11612.45,18889.4,3177.83953887568,5169.23493195995,44.0648776815209,0.420133533660728,0.724534971496202,2.24273297473228,0.456005642557457,33.765916080913,1.73034010361507,TRUE,TRUE,TRUE,TRUE,TRUE,FALSE,TRUE,PC1_A2,14.3258450509297,17.8947591503492,TRUE,TRUE,30,-0.0459508314701397,-0.13645561054964,0.133592776054318,Supported Duct2-Fibroblast,Supported Duct2-Fibroblast,17.8947591503492,0,3.91401774129664
PC1_cellid_000155569-1,PC1_A2,PASC,PC1,singlet,Duct2,Myeloid,,FALSE,FALSE,377.482226785011,383.82755409832,,,Duct2 singlet,578,509,11110.9882787595,18395.4204116847,155569,TRUE,92.0089893326848,44.0048203145119,10.8235615067079,12.0137020396581,10.0022340100687,1.20110187626861,0.553921584055516,89.8037823489889,0.597089756103523,0.88485970269009,0.906411569566697,0.765696025409592,1.29413680820773,11110.0114922524,18390.7,3040.34323484217,5032.76170038201,TRUE,47.9452349814646,31.9640166898,7.81317919671758,10.0091691383799,6.00000961040629,1.66819218363502,0.80041121927729,179.803782339254,0.58970202343481,0.888996889567823,0.890765818374757,0.798353947975127,1.30221799016671,11110.0369863014,18397.9,3040.35021149195,5034.732037794,44.0637543512203,0.521092942374293,1.08808783265323,1.97034976355654,0.364085289060269,89.9999999902652,1.50519115499519,TRUE,TRUE,TRUE,TRUE,TRUE,TRUE,FALSE,,,,,,,0.161128345310191,-0.983669293915148,0,Duct2 singlet,Duct2 singlet,,3.57240395426338,0
PC1_cellid_000155573-1,PC1_A2,PASC,PC1,singlet,Duct2,Myeloid,,FALSE,FALSE,558.908178597757,562.501521127186,,,Duct2 singlet,843,705,11152.5382401515,18596.4556820815,155573,TRUE,196.045101744964,72.0005970157406,15.7991258015536,24.717010936655,11.1728649345041,2.21223572248421,0.892002027975961,13.8514190184492,0.475218856249123,0.851779244503631,0.857931294101479,0.709897255694874,1.45061835221125,11150.95,18595.1,3051.54638392637,5088.69739024472,TRUE,55.9815399482788,39.9818985587737,8.44262461781405,10.7330387778553,8.05283867063683,1.33282674758454,0.661114456759509,26.5650511751314,0.440076197143367,0.756839121183012,0.797658532179801,0.647698876747909,1.50742620345852,11154.6,18595.05,3052.54523553106,5088.68370734602,140.063561796686,0.285554392571612,0.399686679577262,0.998945318778551,0.126455771042188,12.7136321566822,3.67825059186978,TRUE,TRUE,TRUE,TRUE,TRUE,TRUE,FALSE,,,,,,,-0.367460388812933,-0.983669293915148,0,Duct2 singlet,Duct2 singlet,,0,0
PC1_cellid_000155578-1,PC1_A2,PASC,PC1,singlet,Fibroblast,Myeloid,,FALSE,FALSE,335.55580815576,337.726467532858,,,Fibroblast singlet,366,262,11720.7455260583,18224.0813277102,155578,TRUE,115.954272452764,60.0418310462634,12.1506199458239,14.164531472127,14.1453130147713,1.0013586447041,0.0520745817318336,134.610238804513,0.404192976909427,0.763084163962531,0.78640115800747,0.578724647931612,1.57291631923393,11719.6256849315,18227.65,3207.1690196641,4988.14176773957,TRUE,35.9450718290592,36.0139201320705,6.76510804726016,12.7621369745331,5.53662973768045,2.30503710251208,0.900993543502457,146.129189289486,0.348263873136158,0.720155440014949,0.824282403301308,0.508710232325678,1.69451644124448,11726.9003424658,18223.95,3209.15978770565,4987.12923323619,80.0092006237045,0.309993509213748,0.449261729205642,2.23346894220778,0.367630449884839,11.5189504849734,2.69275594928188,TRUE,TRUE,TRUE,TRUE,TRUE,TRUE,FALSE,,,,,,,-0.367460388812933,1.42362354162655,0,Fibroblast singlet,Fibroblast singlet,,0,6.83514345480022
PC1_cellid_000155585-1,PC1_A2,PASC,PC1,singlet,Duct2,Endothelium,,FALSE,FALSE,405.682203374126,417.089347261296,,,Duct2 singlet,542,454,11163.3412105815,18185.435618171,155585,TRUE,147.826897500576,59.9868579442134,13.7192948679313,18.0136530564647,11.9931192601572,1.50199899305581,0.746148631608912,179.804117754129,0.516239340318427,0.881070609997352,0.845316924022118,0.684257420695766,1.3917923700983,11160.4,18189.5,3054.13245177961,4977.70171603574,TRUE,24.0272862320004,24.0001164114898,5.53104791004866,8.00913981977777,4.00456991290906,1.99999999712491,0.866025403566725,179.739566462257,0.524188983686331,0.857562879190213,0.902481519036762,0.749139965279939,1.3811983629835,11171.3003424658,18174.85,3057.11541741348,4973.69262671828,123.799611268576,0.16253663329626,0.194082081388235,4.99708726441501,0.72847581530023,0.064551291872391,4.09412347894131,TRUE,TRUE,TRUE,TRUE,TRUE,TRUE,FALSE,,,,,,,0.405948225097068,-0.816383358741912,0.0640858938915873,Duct2 singlet,Duct2 singlet,,2.96785655597551,2.96785655597551
PC1_cellid_000155588-1,PC1_A2,PASC,PC1,singlet,Duct2,Myeloid,,FALSE,FALSE,411.205675513658,414.304170077972,,,Duct2 singlet,552,467,11295.6095188082,18492.9005298932,155588,TRUE,91.9809060751717,43.977289081156,10.8219095808216,14.0204932613197,7.99989330956453,1.75258503007295,0.821238047495599,89.7389731878425,0.59765511210562,0.920153729161596,0.893997994065796,0.820068622603733,1.2935245645357,11296.7415148064,18495.9,3091.44339447835,5061.55051923503,TRUE,15.9632724511087,15.9818131098296,4.50833336701414,4.02286529181031,3.99531270291748,1.00689622770134,0.116837851531002,179.60756928125,0.785379741197423,0.999999999953194,0.999999999828769,0.993197595942032,1.12839240008951,11289.4,18488.65,3089.43433041117,5059.56649892434,76.017633624063,0.173549849969158,0.209994335366363,2.82359257317015,0.521828896622047,89.8685960934076,3.15678810690376,TRUE,TRUE,TRUE,TRUE,TRUE,TRUE,FALSE,,,,,,,1.61327560957476,-0.817360400229974,0.0637115971698288,Duct2 singlet,Duct2 singlet,,0,2.95052264812006
PC1_cellid_000155607-1,PC1_A2,PASC,PC1,singlet,Duct2,Fibroblast,,FALSE,FALSE,352.509931450076,363.05489777791,,,Duct2 singlet,500,452,11318.0875209363,18092.6917572847,155607,TRUE,108.054639339125,51.9960608864429,11.729426234845,14.0113921103436,12.0044629300828,1.16718192132006,0.515707905304478,179.738377252506,0.502241268055935,0.8569256581143,0.82883789911214,0.642420507640035,1.41105454665032,11313.4815924658,18090.35,3096.02445021334,4950.56852792475,TRUE,48.0272380933623,32.0733209907976,7.81985797600441,10.0227349696814,6.01362230069022,1.66667184335306,0.800001397902372,89.8044520255209,0.586691255125029,0.888272528312522,0.888827968536546,0.796829158801825,1.30555506011603,11313.5311433447,18097.55,3096.03801020648,4952.53886533674,60.0274012457628,0.444471781893474,0.800088577693533,1.9703840718285,0.335972796796366,89.9339252269849,1.95478412942029,TRUE,TRUE,TRUE,TRUE,TRUE,TRUE,FALSE,,,,,,,-0.367460388812933,-0.597215242542343,0,Duct2 singlet,Duct2 singlet,,0,0
PC1_cellid_000155608-1,PC1_A2,PASC,PC1,doublet_certain,Duct2,Fibroblast,Duct2__Fibroblast,FALSE,FALSE,282.364238656553,303.054475463196,TRUE,spatially_supported_contact,Supported Duct2-Fibroblast doublet,365,332,11786.7609497143,18031.0654787981,155608,TRUE,55.8995368363767,39.9819454244721,8.43643887149399,12.0137020396581,7.99770110405233,1.5021444136566,0.746206137504465,89.8037823489865,0.439430532722394,0.756285620195536,0.850513683088075,0.581789908213099,1.50853324329424,11784.6501712329,18026.4,3224.96348883844,4933.06810049461,TRUE,19.9814249345223,19.9773132393859,5.04392113209466,6.02047542553596,3.99540641917256,1.50684931388261,0.748055330018846,179.999999996125,0.629161531974215,0.909203980068477,0.942384718850264,0.830681818071318,1.26072080291095,11784.6625,18030.05,3224.96686270387,4934.0669520993,35.9181119018544,0.357452423790833,0.556304991296819,0.998857302702792,0.236795955153515,89.8037823528616,1.69625886969967,TRUE,TRUE,TRUE,TRUE,TRUE,FALSE,TRUE,PC1_A2,9.05905622920776,14.9966209755853,TRUE,TRUE,30,0.123136829283829,-0.168467432622018,0.20385162056067,Supported Duct2-Fibroblast,Supported Duct2-Fibroblast,14.9966209755853,0,4.42114855474918
PC1_cellid_000155632-1,PC1_A2,PASC,PC1,singlet,Duct2,Tcell,,FALSE,FALSE,212.036827973608,214.672596840936,,,Duct2 singlet,188,176,11350.8481483097,18829.7147061206,155632,TRUE,60.0820699870345,35.9865076070582,8.74636309771313,10.0067805481553,8.01834495930546,1.24798578703289,0.598274560983186,89.7383772484196,0.583009118939464,0.882732859105849,0.893230584311601,0.748799895225613,1.30967134664019,11352.7750853242,18824.6,3106.77742785598,5151.50189525201,TRUE,23.9449086766627,19.9771570511525,5.5215581697741,6.01141578037978,3.9953647659407,1.50459748444194,0.747173016662902,89.7383772624032,0.753972804555988,0.999999999968725,0.999999999863015,0.996965162085291,1.15165436785073,11349.15,18828.25,3105.78539435097,5152.5007468567,36.1371613103718,0.398536679542575,0.662611776956707,1.40777661695258,0.321911312852208,1.39835805157418e-08,1.61240246396951,TRUE,TRUE,TRUE,TRUE,TRUE,TRUE,FALSE,,,,,,,0.879765138607709,-0.983669293915148,0,Duct2 singlet,Duct2 singlet,,3.9925238732694,0
PC1_cellid_000155664-1,PC1_A2,PASC,PC1,singlet,Duct2,Fibroblast,,FALSE,FALSE,575.737490663643,579.281950833053,,,Duct2 singlet,1023,823,11271.1566983945,18037.2227254981,155664,TRUE,171.990855585761,63.9274086164103,14.7981606513994,17.9999351144552,13.9977107179163,1.28591992459861,0.628693241183076,89.8037823420313,0.528860365493321,0.86894273752462,0.829413600275791,0.682617477155703,1.3750848254518,11273.0957762557,18035.6,3084.97254957549,4935.58575385438,TRUE,39.9632243124729,28.0228239003903,7.13321509067,7.99081283752975,6.02047542553596,1.32727272666945,0.657534246575364,90,0.639508894930423,0.908639683956745,0.915506712194422,0.830689601481481,1.25047987042592,11269.4666666667,18042.9,3083.97941479833,4937.58345706376,132.027631273288,0.232356680673772,0.302688338221604,2.23094930430356,0.301517107949145,0.196217657968731,3.83247278036469,TRUE,TRUE,TRUE,TRUE,TRUE,TRUE,FALSE,,,,,,,0.407714304430834,-0.791349408126131,0.0736761986663955,Duct2 singlet,Duct2 singlet,,0,3.41198937790146
PC1_cellid_000155667-1,PC1_A2,PASC,PC1,singlet,Fibroblast,Myeloid,,FALSE,FALSE,225.008342054867,229.638251972586,,,Fibroblast singlet,229,178,11738.7492684806,18957.7410015307,155667,TRUE,47.9452349814561,40.0091858218369,7.81317919671689,10.0158818443008,9.98851604487203,1.00273972595747,0.0738716193321334,4.66998584468854e-09,0.376388103428182,0.6854273616294,0.824350222738151,0.479242458362097,1.629979174856,11733.2689419795,18958.4,3210.90260574509,5188.11733215823,TRUE,12.0278719664655,15.9821879661806,3.91335689999205,4.0091827128126,4.00918271231253,0.999999999442154,1.57944436147024e-05,179.607569305576,0.591733548394585,0.85770740429576,0.927982418846516,0.748302331601926,1.29998069645916,11731.4501712329,18954.75,3210.4048846276,5187.11848055353,35.9173630149905,0.250866889454373,0.334876253529437,1.11598872709068,0.285668278209449,0.392430699094348,1.94991114836242,TRUE,TRUE,TRUE,TRUE,TRUE,TRUE,FALSE,,,,,,,-0.367460388812933,0.847033826996875,0,Fibroblast singlet,Fibroblast singlet,,0,6.48619407201998
PC1_cellid_000155668-1,PC1_A2,PASC,PC1,singlet,Fibroblast,Duct2,,FALSE,FALSE,358.544665419414,373.123971072084,,,Fibroblast singlet,461,395,11426.7906981696,18147.8810947465,155668,TRUE,135.991489458869,55.991164533905,13.1586375482596,14.0222943955078,13.9950785495446,1.00194467241645,0.0622738252861111,179.686911411803,0.545108047881369,0.871891699832065,0.871075655349098,0.69297458857016,1.35443666872116,11427.0301912568,18151.95,3127.09792969633,4967.42585911625,TRUE,48.0822812780688,32.0459703397956,7.82433779461983,8.03190791405541,8.00444935877953,1.00343041117498,0.0826176775847294,179.608908610852,0.588366687972844,0.888835052247766,0.889839907320291,0.747885103101573,1.30369488576705,11419.7334474886,18159.25,3125.10111758073,4969.42356232563,87.9092081808005,0.353568311266093,0.546953866012644,2.82454894412827,0.429307202888765,0.0780028009511398,2.66714987681989,TRUE,TRUE,TRUE,TRUE,TRUE,TRUE,FALSE,,,,,,,0.952259332306735,0.740640439798824,0.548366345980907,Fibroblast singlet,Fibroblast singlet,,0,5.38412682846848
PC1_cellid_000155670-1,PC1_A2,PASC,PC1,singlet,Fibroblast,Myeloid,,FALSE,FALSE,258.747286905531,263.16328517364,,,Fibroblast singlet,249,206,11620.7994906261,18602.5999265279,155670,TRUE,75.9363793990338,43.9501578548618,9.83286332330835,11.9954660510562,10.0067805471122,1.19873379767856,0.551441493885918,89.7383772551507,0.494013562299418,0.808736675446872,0.82109257195973,0.632613396965853,1.42275645252282,11618.7,18608,3179.54990121249,5092.22757810787,TRUE,16.0183156358132,16.0092719870852,4.51609930222609,4.02286529195553,3.99550013615045,1.00684899314661,0.116441125554212,179.6075692898,0.785386704395194,0.999999999953297,0.999999999829063,0.996575501905553,1.12838739794556,11618.6748287671,18597.05,3179.54301290389,5089.2310232938,59.9180637632206,0.210943894882452,0.26733700368623,2.99656273128772,0.609499517417172,89.8691920346498,2.65838201054113,TRUE,TRUE,TRUE,TRUE,TRUE,TRUE,FALSE,,,,,,,-0.367460388812933,1.34755084751957,0,Fibroblast singlet,Fibroblast singlet,,0,5.89287489933662
PC1_cellid_000155681-1,PC1_A2,PASC,PC1,singlet,Fibroblast,Duct2,,FALSE,FALSE,310.063467779414,322.049912736662,,,Fibroblast singlet,418,341,11113.0212246409,18931.2102841687,155681,TRUE,116.008566750607,60.1238669143734,12.1534643091969,18.1357539773122,9.99981825936205,1.81360835786891,0.834249614891416,51.1678453362997,0.403279471847096,0.794013173065423,0.788861839581881,0.639679360894881,1.57469678953588,11112,18931.45,3040.88740584344,5180.74224976194,TRUE,28.0454387154127,28.0231381797351,5.97566411555319,8.01817863451046,5.99310962692401,1.33789954297308,0.664329013676781,1.45695161483793e-08,0.448785240500097,0.778446412222895,0.861576120623233,0.583625539747309,1.49272812983848,11112.0370748299,18938.7,3040.89755166628,5182.72627007263,87.9631280351945,0.241753169602437,0.318831757563275,1.98404625221774,0.326498881055894,51.1678453217302,3.08890009682184,TRUE,TRUE,TRUE,TRUE,TRUE,TRUE,FALSE,,,,,,,-0.367460388812933,0.80248222814875,0,Fibroblast singlet,Fibroblast singlet,,0,6.26779959009282
PC1_cellid_000155724-1,PC1_A2,PASC,PC1,doublet_certain,Duct2,Fibroblast,Duct2__Fibroblast,FALSE,FALSE,523.872574269777,564.022407128908,TRUE,spatially_supported_contact,Supported Duct2-Fibroblast doublet,762,616,11409.9609435228,18739.1177048043,155724,TRUE,119.808418712371,47.9728362011213,12.3509034688471,14.0045521259208,9.9886449113325,1.40204724929157,0.700917125050002,179.803782339773,0.654193779001442,0.923126635483082,0.911872062995603,0.856468781073838,1.23636526393988,11410.9246575342,18736.6,3122.69052196942,5127.41999354987,TRUE,28.0184787882087,23.97290709292,5.97279123831317,6.0068390667091,6.00683906523971,0.999999999789043,2.21187799380828e-05,89.6075692803591,0.612650809707329,0.875323156088765,0.903172946182146,0.776519845060886,1.27759585421745,11396.3,18740.4,3118.68836781979,5128.45989385064,91.7899399241622,0.233860684307463,0.305245638120097,4.13504902908504,0.669594581937914,89.8037869405858,3.18905611526695,TRUE,TRUE,TRUE,TRUE,TRUE,FALSE,TRUE,PC1_A2,11.6954332010628,19.9343640216559,TRUE,TRUE,30,0.322550936014554,-0.270064486616809,0.27337625194664,Supported Duct2-Fibroblast,Supported Duct2-Fibroblast,19.9343640216559,2.64783013436272,4.6633152811685
PC1_cellid_000155786-1,PC1_A2,PASC,PC1,singlet,Duct2,Endothelium,,FALSE,FALSE,379.351608776743,390.645779761257,,,Duct2 singlet,510,445,11314.3806705055,18897.0072898308,155786,TRUE,124.072580531499,52.0780019270533,12.5687754355801,14.0113934550901,12.0205199434368,1.16562291130764,0.513799350461329,89.8044520245933,0.574879804773202,0.873222139936675,0.863011477454766,0.736667029700859,1.3188988017842,11316.4629692833,18894.2,3096.84032775262,5170.54849023462,TRUE,51.8813843529665,31.9635637422162,8.12757222015289,7.99997632704587,7.99085448995086,1.00114153428357,0.0477406104967768,89.738377252795,0.638132745516735,0.896553062890012,0.890166116327663,0.811576814802193,1.25182749008376,11312.8581050228,18897.8,3095.85382790297,5171.53365894061,72.1911961785328,0.418153504396674,0.718666362273238,1.39418052369265,0.221848266542733,0.0660747717982702,2.22060160771363,TRUE,TRUE,TRUE,TRUE,TRUE,TRUE,FALSE,,,,,,,0.541048054699492,-0.983669293915148,0,Duct2 singlet,Duct2 singlet,,3.02567173815263,0
PC1_cellid_000155792-1,PC1_A2,PASC,PC1,singlet,Fibroblast,Endothelium,,FALSE,FALSE,228.347604331416,232.858508679837,,,Fibroblast singlet,229,178,11839.9010483414,18285.6058918483,155792,TRUE,55.9815399482833,40.0096954435782,8.44262461781439,12.0191776788743,8.00178898183154,1.50206131429534,0.746173278877643,179.686053662786,0.439464920409187,0.799061474481304,0.842114239506232,0.582080420738126,1.50847422153762,11840.4246575342,18285.6,3240.22662175432,5004.00024732638,TRUE,24.027286231998,24.055222862619,5.53104791004838,6.02066200189014,5.99317210642424,1.00458686856119,0.0954515780682572,89.7395664473662,0.521790077795346,0.856727059083363,0.900750062534996,0.665891890304036,1.38436972010471,11836.7501136364,18285.65,3239.22105351626,5004.01393022507,31.9542537162853,0.42920016580292,0.751927628722348,1.005661326246,0.238234285992453,89.9464872154197,1.455788353883,TRUE,TRUE,TRUE,TRUE,TRUE,TRUE,FALSE,,,,,,,-0.367460388812933,0.711649758315365,0,Fibroblast singlet,Fibroblast singlet,,0,5.39062582457041
PC1_cellid_000155809-1,PC1_A2,PASC,PC1,singlet,Fibroblast,Duct2,,FALSE,FALSE,344.69472738162,349.611872471332,,,Fibroblast singlet,495,413,11958.4790805762,18434.1657613615,155809,TRUE,155.944831135884,60.0411520871761,14.0909590092107,15.9679430989488,14.0113344816399,1.13964470099219,0.479638003174515,89.6075692816614,0.543604213638187,0.838602567326066,0.842926552820497,0.697015614607574,1.35630884103793,11954.2956802615,18438.65,3271.38833511842,5045.88360022994,TRUE,23.9999518613687,24.0276696370546,5.52790084766676,8.00913982127866,4.00456990868533,1.99999999960915,0.866025403925295,89.7395664175072,0.52239249678873,0.856587282472635,0.901446617307421,0.748287715314034,1.38357126760997,11954.2499242424,18442.3,3271.37581361894,5046.88245183463,131.944879274515,0.153900271557684,0.181893772547376,0.998930085712777,0.141783122588319,0.131997135845793,4.28152908077195,TRUE,TRUE,TRUE,TRUE,TRUE,TRUE,FALSE,,,,,,,-0.367460388812933,0.515354558198378,0,Fibroblast singlet,Fibroblast singlet,,0,5.31330549143116
PC1_cellid_000155824-1,PC1_A2,PASC,PC1,singlet,Duct2,Myeloid,,FALSE,FALSE,728.591624903625,734.045896727043,,,Duct2 singlet,1381,1053,11315.7160458701,18550.8025663537,155824,TRUE,232.017882388083,72.0004425275701,17.1876217942512,18.7712028619056,17.0137536317647,1.10329579616343,0.422473563076337,26.095424156729,0.562420304684068,0.885365972146223,0.815445302352904,0.726489289272082,1.33342779683194,11315.2244897959,18554.3,3096.50140796541,5077.53214491009,TRUE,63.9908849879008,36.0137701912174,9.02639048951434,10.0049729517364,8.00727723850524,1.24948501847862,0.59956011649852,179.843025650921,0.619998733838506,0.914097434680715,0.901756938914975,0.798761882987083,1.2700025663514,11318.8086363636,18543.4,3097.48223825325,5074.54927299471,168.026997400182,0.275801521531469,0.380836924864451,3.1399925027143,0.365378356197104,26.2523985058076,4.08061565236843,TRUE,TRUE,TRUE,TRUE,TRUE,TRUE,FALSE,,,,,,,0.403736781927833,-0.983669293915148,0,Duct2 singlet,Duct2 singlet,,2.1091374238726,0
PC1_cellid_000155860-1,PC1_A2,PASC,PC1,singlet,Fibroblast,Duct2,,FALSE,FALSE,284.722120534855,290.530995347951,,,Fibroblast singlet,342,298,11752.4636781219,18096.8280038431,155860,TRUE,64.0455537291818,40.0092012477967,9.03024538273766,10.0067805491517,10.0067805471113,0.999999999930431,2.01942623442486e-05,89.7383772597751,0.502781265371628,0.820668080484218,0.84070648099507,0.639587891934046,1.41029659231038,11752.0040257199,18095.9,3216.0296108021,4952.08732967983,TRUE,15.9632724511092,15.9816256750605,4.5083333670142,3.99540641917256,3.99540641794901,0.999999999621306,2.47482538749938e-05,5.83919863818464e-09,0.785398163395129,0.999999999953087,0.999999999828767,1.00000000005535,1.12837916629884,11748.4,18106.9,3215.04334042576,4955.0975673926,48.0822812780726,0.249248722497081,0.331999065424316,3.16769006416635,0.701573417529941,89.7383772539359,2.26095600786173,TRUE,TRUE,TRUE,TRUE,TRUE,TRUE,FALSE,,,,,,,0.132353436463372,0.759706069100792,0.207681280086481,Fibroblast singlet,Fibroblast singlet,,0,5.32631360188501
PC1_cellid_000155871-1,PC1_A2,PASC,PC1,singlet,Fibroblast,Myeloid,,FALSE,FALSE,237.137359638889,244.496219282254,,,Fibroblast singlet,166,149,11541.5973820747,18762.7615205153,155871,TRUE,59.9727325044898,40.0367692950747,8.73840114841041,12.0067904229911,7.99085969435776,1.50256554089632,0.74637255095662,179.804452016697,0.470159969816575,0.8107937086396,0.834729077704086,0.625076830532293,1.45840174379703,11538.9130952381,18761.85,3157.71557851255,5134.32985739054,TRUE,12.0001631523972,16.0370126342319,3.90884666735674,4.02286529601993,4.0090896389661,1.00343610533772,0.0826858703490406,179.610238804673,0.586340741654714,0.85575433907294,0.925311484010381,0.744056462848708,1.30594523054683,11535.25,18758.15,3156.71314329153,5133.31732288715,47.9725693520926,0.200093653386527,0.250146350549229,1.42481665237268,0.326104655740329,0.194213212023527,2.41477724052683,TRUE,TRUE,TRUE,TRUE,TRUE,TRUE,FALSE,,,,,,,-0.367460388812933,0.314453876271126,0,Fibroblast singlet,Fibroblast singlet,,0,5.71110499702157
PC1_cellid_000155895-1,PC1_A2,PASC,PC1,singlet,Duct2,Fibroblast,,FALSE,FALSE,429.332585392951,434.163678909427,,,Duct2 singlet,646,541,11393.1073736553,18940.2455440393,155895,TRUE,104.118489967621,60.0417771265425,11.5138081782218,17.5104484469008,11.3156967552717,1.5474476580073,0.763146589702727,30.7792297131041,0.362936501666142,0.722359041499241,0.781051235264648,0.525471652033798,1.65991051286476,11389.7381849315,18937.85,3116.89267480312,5182.49366079483,TRUE,24.0272862320018,24.0001785354049,5.53104791004882,6.006839065669,6.00683906410987,0.99999999980398,2.27841093607711e-05,89.6075692855141,0.524186269987399,0.800548936415713,0.853722657248702,0.665905694947988,1.3812019381932,11397.0371575343,18937.65,3118.89009685705,5182.43892920005,80.0912037356197,0.230768677467048,0.299999064919983,1.99817176663911,0.347091376239481,58.82833957241,2.99138013408649,TRUE,TRUE,TRUE,TRUE,TRUE,TRUE,FALSE,,,,,,,0.50985870618949,-0.788023457424975,0.0749503435818194,Duct2 singlet,Duct2 singlet,,0,0
PC1_cellid_000155901-1,PC1_A2,PASC,PC1,singlet,Duct2,Fibroblast,,FALSE,FALSE,292.388945714935,304.991860598976,,,Duct2 singlet,333,298,11315.1375750403,18781.6781346088,155901,TRUE,92.0636580739492,47.9727270232786,10.8267765328711,12.0135850565378,12.0135850544989,0.999999999941927,1.84237417067863e-05,89.9999999902759,0.502700454332453,0.821666204365102,0.845805543032672,0.637885855520672,1.41040994314925,11312.4376712329,18780.9,3095.73877284385,5139.54304179311,TRUE,40.0729362384463,27.9683447450322,7.14299986647351,8.00909816618047,6.02053761826544,1.33029617458773,0.659491179048667,89.7383772591944,0.64376520687231,0.909430819679009,0.917692768158211,0.831059798299454,1.24633918451523,11316.0751141553,18777.2,3096.73418810412,5138.53050728972,51.9907218355029,0.435274212131625,0.77077091480915,1.41988649579031,0.262291641257484,0.261622731081488,1.8418883331988,TRUE,TRUE,TRUE,TRUE,TRUE,TRUE,FALSE,,,,,,,-0.367460388812933,-0.255392751539796,0,Duct2 singlet,Duct2 singlet,,0,0
PC1_cellid_000155908-1,PC1_A2,PASC,PC1,singlet,Fibroblast,Endothelium,,FALSE,FALSE,303.696448679963,311.088914458946,,,Fibroblast singlet,323,271,11841.1267266775,18107.4851817191,155908,TRUE,64.0182193585377,36.0688072832015,9.02831814187008,10.0251491793716,7.99997632908381,1.25314735488603,0.602669694173936,179.738377245807,0.618372106902805,0.913774304914808,0.901362408235325,0.798222645298224,1.27167183927736,11839.7917808219,18110.2,3240.0534299955,4956.00063870642,TRUE,19.9267561932506,19.9771882898737,5.03701637713667,6.01141578051308,3.99536476806487,1.50459748367537,0.747173016361694,179.738377266774,0.627448008604634,0.908977556078672,0.941421814118385,0.829666213193697,1.26244110614113,11843.4,18102.95,3241.04084794512,4954.01661839574,44.0914631652871,0.311266954779498,0.451941368197085,2.21615225118981,0.490933573995972,2.09666097816807e-08,1.9956508823667,TRUE,TRUE,TRUE,TRUE,TRUE,TRUE,FALSE,,,,,,,0.402358981616971,1.26917881549328,0.319873249200078,Fibroblast singlet,Fibroblast singlet,,0,6.07404986385835
PC1_cellid_000155913-1,PC1_A2,PASC,PC1,singlet,Fibroblast,Endothelium,,FALSE,FALSE,302.47435809066,306.315476044384,,,Fibroblast singlet,388,304,11824.4265736606,18333.293751312,155913,TRUE,131.99954801579,63.982762434379,12.9640674335207,16.0090744911874,14.0113921082161,1.14257558167065,0.483732997474647,179.738377255997,0.405187776028194,0.76711595457752,0.78831610520817,0.588470818674417,1.57098425533877,11818.6837899543,18336.85,3234.27705998183,5018.02521848814,TRUE,47.917151723955,35.9590794909332,7.81089063078047,10.0158818455249,7.99081283793743,1.25342465719421,0.602903383770547,90,0.465675862268097,0.773605208582177,0.848093679566363,0.598702185683005,1.46540657607756,11825.9685787671,18329.45,3236.27060052854,5016.00014948137,84.0823962918351,0.363009968144686,0.569883279158032,2.84167351987444,0.438392276199198,89.7383772559971,2.57658840137011,TRUE,TRUE,TRUE,TRUE,TRUE,TRUE,FALSE,,,,,,,-0.367460388812933,0.767449502865326,0,Fibroblast singlet,Fibroblast singlet,,0,5.55579261756083
PC1_cellid_000155943-1,PC1_A2,PASC,PC1,singlet,Duct2,Myeloid,,FALSE,FALSE,102.664189979792,104.380951222775,,,Duct2 singlet,108,102,11001.790166121,18549.4055511095,155943,TRUE,36.0270749409657,28.0232010053322,6.77282042401648,7.99081283589902,6.02047542553596,1.32727272639859,0.657534246399186,90,0.576505404662866,0.857515908792049,0.874018821093636,0.748871419817371,1.31703800778327,11000.9668181818,18548.2,3010.50229027273,5075.86283126937,TRUE,7.98163622555242,11.9862192562931,3.18787309566489,3.99540641876438,1.99770320897451,1.99999999766843,0.86602540384335,90,0.698131700794148,0.999999999906174,0.999999999771689,1.00000000011033,1.19682684000922,10993.65,18548.2,3008.49998463379,5075.86283126937,28.0454387154133,0.221545497002345,0.28459658997311,2.0023056389432,0.591276752571274,0,1.7924736641758,TRUE,TRUE,TRUE,TRUE,TRUE,TRUE,FALSE,,,,,,,0.641110951862491,-0.983669293915148,0,Duct2 singlet,Duct2 singlet,,0,0
PC1_cellid_000155979-1,PC1_A2,PASC,PC1,singlet,Fibroblast,Duct2,,FALSE,FALSE,257.155358025078,276.893222382784,,,Fibroblast singlet,309,254,11481.1961261885,18825.4095795463,155979,TRUE,111.935745525926,51.9685863900251,11.9382166873039,16.018196330321,10.0069055051799,1.60071425853367,0.780847953104128,179.738377259193,0.520831032667593,0.848703971831786,0.841712731207736,0.698321454379091,1.38564370607572,11477.025,18827.85,3140.7794077619,5152.39128366715,TRUE,15.9366869673375,20.0051476105114,4.50457767819355,6.02052164145387,3.98181755804017,1.51200338778943,0.750056128094652,179.607569279092,0.500408163209042,0.798637694182998,0.881630060072469,0.66478706864524,1.41363668459276,11469.7496575342,18824.15,3138.78845228338,5151.37874916376,95.9990585585887,0.142373527696946,0.166008783887721,2.23363601287038,0.37419927408485,0.130807980101196,3.71681950455517,TRUE,TRUE,TRUE,TRUE,TRUE,TRUE,FALSE,,,,,,,-0.367460388812933,0.208837827983669,0,Fibroblast singlet,Fibroblast singlet,,0,5.27389534841165
PC1_cellid_000155981-1,PC1_A2,PASC,PC1,singlet,Duct2,Fibroblast,,FALSE,FALSE,134.406354253359,143.269664397581,,,Duct2 singlet,124,114,11402.1458548102,18838.1198058994,155981,TRUE,32.0362568281911,28.022716942692,6.38669155815003,8.01822533409511,6.00680424095562,1.33485710684098,0.662407339772563,179.804452023725,0.51266202736885,0.841955578282425,0.874436451395993,0.665150667095298,1.39663983377443,11403.9626712329,18835.4,3120.78531890395,5154.45740137,FALSE,12.0274975230351,16.0365440670875,3.91329598555138,4.02286529601993,4.00908962957042,1.00343610768937,0.0826858984986105,179.610238804673,0.587710670883222,0.856034965175802,0.926531746294954,0.745751301147645,1.30442229043522,11396.6626712329,18835.4,3118.78761569457,5154.45740137,20.008759305156,0.375433921128291,0.601111609850026,1.99770320938205,0.625583116058568,0.194213219051477,1.23669778629932,TRUE,TRUE,TRUE,TRUE,TRUE,TRUE,FALSE,,,,,,,0.205760184620917,-0.67348032881271,0.118830893244613,Duct2 singlet,Duct2 singlet,,0,0
PC1_cellid_000155987-1,PC1_A2,PASC,PC1,singlet,Fibroblast,Duct2,,FALSE,FALSE,190.925368986974,196.216210517895,,,Fibroblast singlet,229,202,11964.653878469,18545.7242495935,155987,TRUE,91.9550694782749,47.9459391299777,10.8203895862676,14.0113921082161,9.99778366808589,1.40144981823391,0.700607592205983,89.7383772551244,0.502668743910022,0.836608298692875,0.831789708900176,0.656433376361766,1.41045442969239,11965.6,18544.6,3274.48185235423,5074.87766256337,TRUE,51.9910962789378,35.9866926559869,8.13616124204018,12.0136083227175,6.00000960978614,2.00226484598353,0.86635169035859,89.8037823421123,0.504492796459326,0.838997184177862,0.8601717271377,0.72127945259189,1.4079022893239,11958.3062214612,18548.3,3272.48585169731,5075.89019706676,39.9639731993371,0.565396737431286,1.30094913252496,2.23813421022238,0.41368828511054,0.0654050869878375,1.34211417211373,TRUE,TRUE,TRUE,TRUE,TRUE,TRUE,FALSE,,,,,,,-0.367460388812933,-0.0787178065948532,0,Fibroblast singlet,Fibroblast singlet,,0,5.72579460656822
PC1_cellid_000156001-1,PC1_A2,PASC,PC1,singlet,Duct2,Myeloid,,FALSE,FALSE,232.381354064445,238.568247592766,,,Duct2 singlet,299,273,11063.4023698853,18283.5020869237,156001,TRUE,76.0457168815803,52.0239891619594,9.83993973260824,16.7082554305263,8.92531267553231,1.87200785370882,0.845367102883809,158.063395437083,0.353083417361809,0.703588094878632,0.815595880852524,0.509941330653573,1.68291173661729,11054.7746590909,18288.45,3025.2272349952,5004.78017255196,TRUE,24.081954973273,24.0001164114898,5.53733666905876,6.02053762020877,6.00225247522913,1.00304638005652,0.0778783177966268,179.73956643219,0.525381659032617,0.857840260340979,0.903282720572767,0.666411075339721,1.37962973456806,11054.775,18288.55,3025.2273282877,5004.80753834935,51.9637619083073,0.31667733512996,0.463437481896181,0.0273659564111347,0.00556222031824552,21.6761709951077,2.15130153177474,TRUE,TRUE,TRUE,TRUE,TRUE,TRUE,FALSE,,,,,,,-0.367460388812933,-0.983669293915148,0,Duct2 singlet,Duct2 singlet,,0,0
PC1_cellid_000156015-1,PC1_A2,PASC,PC1,singlet,Duct2,Myeloid,,FALSE,FALSE,453.689061653502,467.701870232601,,,Duct2 singlet,624,520,11263.2955874174,18670.9169638117,156015,TRUE,168.081291698028,64.0100321305345,14.6290036338807,16.9744374286988,14.9956693639514,1.13195596766134,0.468569590573897,97.8949636748972,0.515505318848567,0.840137601368382,0.844644757674413,0.660325594535007,1.39278289537569,11260.8287671233,18664.2,3081.61558471064,5107.60715624038,TRUE,63.9635506172699,31.9909449996639,9.02446242540669,8.0182253323229,7.99095341437621,1.00341284872863,0.082407001266592,89.8037823454837,0.785395283946537,0.99999999998825,0.999999999914458,0.998287671466784,1.128381235152,11253.549914968,18671.45,3079.62366877759,5109.59117655106,104.117741080759,0.380551279486715,0.614338631890923,2.81141702306363,0.384362064509817,8.09118132941354,2.80227060423702,TRUE,TRUE,TRUE,TRUE,TRUE,TRUE,FALSE,,,,,,,0.518078655436194,-0.786126960320519,0.075676876341887,Duct2 singlet,Duct2 singlet,,2.83472050334679,0
PC1_cellid_000156029-1,PC1_A2,PASC,PC1,singlet,Fibroblast,Myeloid,,FALSE,FALSE,387.363319475615,402.124326398303,,,Fibroblast singlet,403,332,11513.0755810196,18390.7105556847,156029,TRUE,132.081925571121,60.0964723548044,12.9681120746976,20.0454932923918,10.0022928221506,2.00408982653613,0.866613713858092,89.6089086062002,0.459573836263037,0.856737595538467,0.865014599518914,0.658759784805508,1.47510301888378,11515.6680664063,18400.15,3151.35439101946,5035.34776823525,TRUE,32.0358823847493,24.0274200142048,6.38665423384947,6.02047542757487,5.99310962692401,1.00456621013219,0.0952378549188743,0,0.697320245190382,0.94136546182664,0.95048579114071,0.887878787740709,1.19752299813951,11519.2333333333,18392.8,3152.33005474309,5033.33638212717,100.046043186372,0.242545543183149,0.320211388289177,2.23552986501813,0.344773371589253,89.6089086062002,3.29072892042407,TRUE,TRUE,TRUE,TRUE,TRUE,TRUE,FALSE,,,,,,,-0.367460388812933,1.11851244585835,0,Fibroblast singlet,Fibroblast singlet,,0,5.69966316654327
PC1_cellid_000156102-1,PC1_A2,PASC,PC1,singlet,Duct2,Myeloid,,FALSE,FALSE,201.817761554938,209.405240166458,,,Duct2 singlet,195,182,11328.8558409419,18679.268213169,156102,TRUE,59.9173148763578,40.0094984901107,8.73436286828794,12.01367813176,7.97713026284162,1.50601503696132,0.747729025698602,89.6075692911236,0.470366075696686,0.810647740044646,0.867460266080527,0.625215399647795,1.45808218619531,11330.3186433447,18682.15,3100.63204344313,5112.51931687167,TRUE,35.9450718290598,27.9953886901321,6.76510804726021,10.0159192292007,3.99546627318468,2.50682111611398,0.916989390731576,89.843454543879,0.576336621742384,0.947406859097997,0.958199278387058,0.89821659197643,1.31723084408726,11326.6549180328,18678.5,3099.62943579738,5111.52046526697,23.972243047298,0.599911259328544,1.49944549382152,1.41524790036833,0.324064369312171,0.235885252755352,0.984627410513868,TRUE,TRUE,TRUE,TRUE,TRUE,TRUE,FALSE,,,,,,,-0.367460388812933,-0.983669293915148,0,Duct2 singlet,Duct2 singlet,,0,0
PC1_cellid_000156162-1,PC1_A2,PASC,PC1,singlet,Duct2,Fibroblast,,FALSE,FALSE,430.709948361457,450.154819862946,,,Duct2 singlet,543,481,11352.0159405159,18787.1079180108,156162,TRUE,139.871472315371,60.0691427648294,13.3450323990712,16.0159964887869,13.9976639383026,1.14419067040396,0.485961517502147,179.804452021785,0.487120202830297,0.833249683801025,0.81957449204895,0.623906656067047,1.43278797834922,11356.2934931507,18784.3,3107.74026821307,5140.47347890433,TRUE,47.9999037227308,31.9636418334481,7.81763235022352,10.0090754188305,6.00685101967271,1.66627662006107,0.799894643703452,89.8037823498983,0.590388268583061,0.889115462232016,0.916245214300674,0.79836142332291,1.30146094547292,11345.3041381279,18788.05,3104.73294358319,5141.4996963064,91.8715685926398,0.343171505416579,0.522467445073661,3.17759714026836,0.476221719136075,89.999330328113,2.76370002442383,TRUE,TRUE,TRUE,TRUE,TRUE,TRUE,FALSE,,,,,,,0.401472744253167,-0.756099624615449,0.0871801067111911,Duct2 singlet,Duct2 singlet,,0,0
PC1_cellid_000156167-1,PC1_A2,PASC,PC1,singlet,Fibroblast,Myeloid,,FALSE,FALSE,194.638218559079,196.568053204142,,,Fibroblast singlet,160,135,11755.3488783672,18455.017429581,156167,TRUE,88.0997998883809,40.0092794145267,10.5911354018887,10.0227349708504,10.0090988475594,1.00136237245314,0.0521458279528809,179.80445201769,0.691613284741085,0.936371234123154,0.958600396858141,0.87820053457922,1.20245362651438,11756.9901369863,18446.75,3217.39409990885,5048.10022981843,TRUE,35.9724061996919,31.9914580450156,6.76767981606134,11.3394178703785,5.650227209303,2.0068959078701,0.867015052771833,134.610238806722,0.441683611157573,0.782869110276178,0.842989925257468,0.561452237305256,1.5046807238436,11747.875,18457.75,3214.89966998947,5051.1104675312,52.127393688689,0.408314278138934,0.690086414210973,3.90943879733145,0.738247343953661,45.1942132109681,1.9117277929137,TRUE,TRUE,TRUE,TRUE,TRUE,TRUE,FALSE,,,,,,,-0.367460388812933,0.423546923338444,0,Fibroblast singlet,Fibroblast singlet,,0,5.52545293913178
PC1_cellid_000156188-1,PC1_A2,PASC,PC1,singlet,Fibroblast,Myeloid,,FALSE,FALSE,160.380760063626,160.643799730555,,,Fibroblast singlet,176,135,11818.6282787022,18741.9393918932,156188,TRUE,56.008874318919,39.9544702905354,8.44468552635025,10.015881843485,9.98851604691193,1.002739725671,0.0738716154859591,90.0000000116636,0.44089579188254,0.737318170832084,0.834057574927558,0.559843551205429,1.50602445126417,11816.5417237443,18742.45,3233.69086648286,5129.02089269711,TRUE,16.0729843770836,20.0047408779192,4.52379921203554,6.01129082718038,4.02285523529536,1.49428464896023,0.743067443430149,89.7383772597077,0.504708391955576,0.801093630412607,0.924927620597408,0.664652095505752,1.40760155105136,11827.4666666667,18727.8,3236.68056422784,5125.01180337965,39.9358899418353,0.286972101647555,0.402469668172375,5.00110885321498,1.18443933187694,0.261622751955841,1.96044315715735,TRUE,TRUE,TRUE,TRUE,TRUE,TRUE,FALSE,,,,,,,-0.367460388812933,0.761619463940012,0,Fibroblast singlet,Fibroblast singlet,,0,6.2390346002202
PC1_cellid_000156201-1,PC1_A2,PASC,PC1,singlet,Duct2,Fibroblast,,FALSE,FALSE,389.039994984243,397.864796801515,,,Duct2 singlet,568,499,11416.5568755759,18494.8950325954,156201,TRUE,75.9906736968707,44.0052015367457,9.83637793000665,11.3200659795897,9.9173172062667,1.14144437865847,0.482160348290075,44.6075692900551,0.493130801768829,0.825901523253146,0.805569780154102,0.676888494527115,1.4240293315076,11417.3329545455,18495.4,3124.44420354558,5061.41369024808,TRUE,36.0544093115961,27.9960203875294,6.7753892653922,8.01817863450997,6.02047542349705,1.33181818159602,0.660469082410939,90,0.57806363113914,0.857043676385896,0.874990261971374,0.746881787434121,1.31526170820698,11417.3165525114,18495.45,3124.43971499818,5061.42737314678,39.9362643852746,0.474458345384247,0.902798743386279,0.0144003046648885,0.00292796896135508,45.3924307099449,1.53049433230723,TRUE,TRUE,TRUE,TRUE,TRUE,TRUE,FALSE,,,,,,,0.16363876555012,-0.781351169352917,0.0775064433815857,Duct2 singlet,Duct2 singlet,,3.58937033022457,3.58937033022457
PC1_cellid_000156239-1,PC1_A2,PASC,PC1,singlet,Fibroblast,Myeloid,,FALSE,FALSE,166.376709174966,171.595386361347,,,Fibroblast singlet,157,133,11767.2789085388,18967.6447148164,156239,TRUE,55.9815399482804,32.0183101587081,8.44262461781417,8.01822533409511,8.01140727633437,1.00085104336687,0.0412300503789569,89.8044520237284,0.686211339478014,0.933030448636335,0.951865682492155,0.871480699702843,1.20717728430899,11766.2189419795,18965.6,3219.9196359847,5190.08766957022,TRUE,15.9086037098353,19.9772820006642,4.50060699738189,6.0022939439583,3.98624292884554,1.50575216989498,0.747626070856538,89.7383772576321,0.500920871115154,0.799450549420434,0.881869508618474,0.664891899331503,1.41291304908307,11773.525,18965.55,3221.91899701969,5190.07398667153,40.0729362384451,0.284175885866859,0.396991216495961,1.99940785483129,0.473646037957444,0.0660747660963779,1.97100881021614,TRUE,TRUE,TRUE,TRUE,TRUE,TRUE,FALSE,,,,,,,-0.367460388812933,0.754027065838432,0,Fibroblast singlet,Fibroblast singlet,,0,6.35306206863252
PC1_cellid_000156255-1,PC1_A2,PASC,PC1,singlet,Fibroblast,Myeloid,,FALSE,FALSE,432.51752048811,438.378568504615,,,Fibroblast singlet,620,460,11416.723894917,18222.6346687612,156255,TRUE,143.97200235412,56.0182364549488,13.5392336094762,16.0091563138298,12.008141802494,1.33319181048116,0.661347542019769,179.843025656902,0.576539469354422,0.888496564979276,0.891858824543631,0.748917177615451,1.31699909908632,11419.9648630137,18221.45,3125.16444628446,4986.44508830146,TRUE,43.8997481274092,27.968110465171,7.47628887348067,7.99085448824007,6.00229394611453,1.33130009232047,0.660136744379602,179.738377254576,0.705254133051097,0.956522448564373,0.95815850875805,0.915274886288003,1.19076806766153,11419.9418949772,18217.8,3125.15816089812,4985.44623669677,100.072254226711,0.30491864672676,0.438680516015647,0.998871380245918,0.147552129992244,0.104648402326234,3.03147236799775,TRUE,TRUE,TRUE,TRUE,TRUE,TRUE,FALSE,,,,,,,0.263770023924403,0.883619171417382,0.262287142766282,Fibroblast singlet,Fibroblast singlet,,0,6.56621862692742
PC1_cellid_000156288-1,PC1_A2,PASC,PC1,doublet_certain,Fibroblast,Duct2,Duct2__Fibroblast,FALSE,FALSE,475.400010392429,514.94743708438,TRUE,spatially_supported_contact,Supported Duct2-Fibroblast doublet,659,506,11645.5614611311,18762.7470225382,156288,TRUE,127.981021088949,51.9684083400078,12.7652065015038,14.0113935359648,12.020543451742,1.16562063845328,0.513796557234014,89.803782336621,0.595492921492531,0.888758873542452,0.867177151272039,0.759871466649066,1.29587078264555,11644.8644178082,18757.65,3186.71000277784,5133.18049390021,TRUE,23.9999518613627,24.0276673884643,5.52790084766607,6.01141577913169,6.00229394611453,1.00151972401857,0.0550684508216809,179.738377238788,0.522392594563117,0.855740987961099,0.901115868259922,0.665145019715988,1.38357113813088,11648.5501141553,18768.7,3187.71862297254,5136.20441451167,103.981069227587,0.187527429108469,0.230810781590686,3.18769674868432,0.499435201978823,89.9345949021668,3.61865282691887,TRUE,TRUE,TRUE,TRUE,TRUE,FALSE,TRUE,PC1_A2,9.98623956055242,21.4832785670765,TRUE,TRUE,30,1.22935578385954,0.804458587491413,0.663504709218649,Supported Duct2-Fibroblast,Supported Duct2-Fibroblast,21.4832785670765,2.78343635018663,5.6136430209264
PC1_cellid_000156319-1,PC1_A2,PASC,PC1,singlet,Fibroblast,Endothelium,,FALSE,FALSE,168.140181154938,169.745770137968,,,Fibroblast singlet,114,95,11723.3173940277,18440.2544166236,156319,TRUE,39.8538868299306,31.9909604877428,7.12345033837308,9.98851604691193,5.99310962692401,1.66666666624579,0.800000000091842,0,0.489357206611758,0.799782085951283,0.8415637482527,0.665759679867358,1.42950936744215,11724.05,18439.5,3208.37976876159,5046.11620950774,TRUE,23.99957741793,23.9998980273637,5.52785772478286,6.02047542594364,5.99310962692401,1.00456620986001,0.0952378520997303,0,0.523594005632657,0.800364630791298,0.853720947575942,0.665151515228393,1.38198289200973,11716.7625,18439.55,3206.38548627688,5046.12989240644,15.8543094120006,0.602189129364523,1.51375735007584,1.99432942377426,0.55993355001908,0,0.797796306795111,TRUE,TRUE,TRUE,TRUE,TRUE,TRUE,FALSE,,,,,,,-0.367460388812933,0.446954593981647,0,Fibroblast singlet,Fibroblast singlet,,0,6.26779959009282
PC1_cellid_000156375-1,PC1_A2,PASC,PC1,doublet_certain,Duct2,Fibroblast,Duct2__Fibroblast,FALSE,FALSE,392.78087151017,419.773795019975,TRUE,spatially_supported_contact,Supported Duct2-Fibroblast doublet,588,493,11274.2374371781,18962.9515997935,156375,TRUE,132.246306238372,56.0734368642376,12.9761792045213,15.9999944886489,12.0227901015026,1.33080544116023,0.659818922229061,89.7395664336642,0.528541463729906,0.836012488781955,0.887488919546593,0.687477442189324,1.37549959972748,11272.8931640625,18956.5,3084.91710313321,5187.59738200784,TRUE,44.1187975359277,31.991147568983,7.49491812422973,8.01817927417837,8.00458976881427,1.00169771381362,0.0581962296327463,89.6102387860014,0.541718781489312,0.8468028833939,0.879737498944204,0.68739888845332,1.35866708194275,11269.1957762557,18952.8,3083.90528347732,5186.58484750445,88.127508702444,0.333610811428398,0.500624585677161,1.43143464279127,0.220624980284838,0.129327647662763,2.74063054014579,TRUE,TRUE,TRUE,TRUE,TRUE,FALSE,TRUE,PC1_A2,10.4220501774193,7.06164674893915,TRUE,TRUE,30,0.0330242862973714,-0.0669217437106264,0.166408302003145,Supported Duct2-Fibroblast,Supported Duct2-Fibroblast,10.4220501774193,0,3.55573671287402
PC1_cellid_000156391-1,PC1_A2,PASC,PC1,singlet,Duct2,Fibroblast,,FALSE,FALSE,328.477049279143,331.056530864803,,,Duct2 singlet,447,388,11204.6757384229,18240.721646784,156391,TRUE,120.02709367746,55.9915769890887,12.3621697978055,13.4256780448633,13.4132381433347,1.00092743442385,0.0430382624921222,26.2502423758904,0.481109303679883,0.810594566158874,0.813063231973156,0.666514231006147,1.44171070172669,11204.4753424658,18247.8,3066.19402069721,4993.65597591341,TRUE,12.0271230796034,16.0094600461855,3.91323507016228,4.02277221452205,3.99540641917256,1.00684931386776,0.116443824057607,90.0000000174197,0.589682514484077,0.85767690249095,0.926897144656769,0.748299319920291,1.30223953063181,11217.2249999999,18233.15,3069.68306614578,4989.64688659595,107.999970597857,0.100203401666302,0.111362281044255,5.31471874115099,0.859835905747888,63.7497576415293,4.2244673638216,TRUE,TRUE,TRUE,TRUE,TRUE,TRUE,FALSE,,,,,,,-0.367460388812933,-0.983669293915148,0,Duct2 singlet,Duct2 singlet,,0,0
PC1_cellid_000156392-1,PC1_A2,PASC,PC1,singlet,Fibroblast,Endothelium,,FALSE,FALSE,470.140952822243,476.596993860727,,,Fibroblast singlet,694,479,11766.2493295001,18229.1979730801,156392,TRUE,199.926582375205,72.0006460459054,15.9547620077475,18.9692376870183,16.4459172234571,1.15343142167867,0.498345911313592,161.329912498102,0.484627014745257,0.833126584744793,0.810011961259097,0.640859112040402,1.43646877542455,11767.1162100457,18227.45,3220.16518054572,4988.08703614479,TRUE,83.999269849622,44.0049979821441,10.341720944863,12.0204265444774,10.0022807871456,1.20176855629135,0.554615163695712,179.804452016636,0.545106504432941,0.875246775331989,0.877168057914171,0.698645056076054,1.35443858614853,11763.5,18234.75,3219.17557583147,4990.08473935418,115.927312525583,0.420150581515858,0.724585673663738,2.22938009393636,0.279462656987195,18.4745395185346,2.80652053144223,TRUE,TRUE,TRUE,TRUE,TRUE,TRUE,FALSE,,,,,,,-0.367460388812933,1.24706324107083,0,Fibroblast singlet,Fibroblast singlet,,0,6.56110403406623
PC1_cellid_000156396-1,PC1_A2,PASC,PC1,singlet,Fibroblast,Tcell,,FALSE,FALSE,160.591346457833,162.900101952094,,,Fibroblast singlet,117,94,11732.1972260481,18791.7424283972,156396,TRUE,60.0820699870359,39.9819604065137,8.74636309771323,14.1453409397931,7.07910594042363,1.99818184010372,0.865762576950322,44.8694859224992,0.472309391616481,0.833209573304909,0.845539775653947,0.600002494007621,1.45507945640834,11732.6876712329,18790.3,3210.74353637029,5142.11542674765,TRUE,12.0821662643049,16.0366046440962,3.92217948005673,6.02047542553596,2.02506900554804,2.97297297075113,0.941732182878394,90,0.590377539621971,0.999999999938035,0.999999999829354,0.991001229038891,1.30147277064949,11725.325,18783.05,3208.72868267829,5140.13140643696,47.9999037227311,0.201094374160226,0.251712301999182,2.8277149773915,0.646603608685027,45.1305140775008,2.41209180882825,TRUE,TRUE,TRUE,TRUE,TRUE,TRUE,FALSE,,,,,,,-0.367460388812933,0.920282358008427,0,Fibroblast singlet,Fibroblast singlet,,0,6.39574661952296
PC1_cellid_000156398-1,PC1_A2,PASC,PC1,singlet,Duct2,Myeloid,,FALSE,FALSE,430.430020955403,438.956195736836,,,Duct2 singlet,624,538,11174.9673160173,18655.9341439588,156398,TRUE,132.108885498327,51.9957238775363,12.9694355014919,14.0059124853203,12.0190880800675,1.16530575271836,0.513409272987264,89.8430256501682,0.614054099677666,0.891861079438314,0.88277177112226,0.784782124992594,1.27613518287179,11173.1000233499,18660.85,3057.60791443789,5106.69040202785,TRUE,48.0545724640003,32.0182944154841,7.82208296852613,8.00909816210261,7.99997632697815,1.00114023242219,0.0477134263954854,179.7383772592,0.589044620724665,0.857562879201696,0.878855846319965,0.750001961688745,1.30294445712902,11176.7457762557,18653.5,3058.60560379138,5104.67901591977,84.0543130343263,0.363749737794673,0.571708586074085,2.24523008215891,0.346234048264983,89.895351609032,2.5736762664829,TRUE,TRUE,TRUE,TRUE,TRUE,TRUE,FALSE,,,,,,,-0.0481841848968812,-0.983669293915148,0,Duct2 singlet,Duct2 singlet,,0,0
PC1_cellid_000156428-1,PC1_A2,PASC,PC1,singlet,Duct2,Fibroblast,,FALSE,FALSE,412.232975616767,419.195837210432,,,Duct2 singlet,610,516,11065.9787008233,18642.3841204813,156428,TRUE,132.16430312646,59.9596644695664,12.9721554547798,16.0091992587987,14.0204726733673,1.1418444747647,0.482717699872311,179.739566432012,0.461961355066804,0.786052633333527,0.817122215564087,0.588819121491843,1.47128625113802,11067.0836363636,18643,3028.59568477629,5101.80560719395,TRUE,35.9173630149946,27.9958823510415,6.7625000505212,8.00454251613617,5.99316820382056,1.33561118931693,0.662885380401533,179.803782349235,0.575872034119775,0.899375550829778,0.915411920789617,0.748706255338415,1.31776207822629,11052.4248858447,18632,3024.58420080956,5098.79536948118,96.2469401114655,0.271762965964492,0.37317927167,5.0153299694729,0.773245430063429,0.0642159172228958,3.10482770212931,TRUE,TRUE,TRUE,TRUE,TRUE,TRUE,FALSE,,,,,,,0.520884559350502,-0.822380101377738,0.0617885901053679,Duct2 singlet,Duct2 singlet,,0,0
PC1_cellid_000156431-1,PC1_A2,PASC,PC1,singlet,Fibroblast,Bcell,,FALSE,FALSE,370.810993659986,377.660901059093,,,Fibroblast singlet,447,284,11683.594054837,18197.7369898173,156431,TRUE,115.980857936549,51.9957328883713,12.1520127862476,13.5844097840703,12.1396808347074,1.11900880805451,0.448768565948032,75.5950035897823,0.539089375761221,0.828386510118378,0.852378037369361,0.703296205481429,1.36197649760008,11686.6248287671,18202.15,3198.13807222958,4981.16348940543,TRUE,28.1001074566858,24.0001472966841,5.98148543634103,6.02041266223547,6.01141577913268,1.00149663252263,0.0546494246129268,179.738377248823,0.61304171916263,0.875640292618158,0.903282845035826,0.776434730071855,1.27718845621891,11671.975170068,18187.6,3194.12907631184,4977.18176588536,87.880750479863,0.242282286527283,0.319752702384206,5.65032481002463,0.929940562129704,75.8566263409591,3.08526367495328,TRUE,TRUE,TRUE,TRUE,TRUE,TRUE,FALSE,,,,,,,-0.367460388812933,1.5514282864863,0,Fibroblast singlet,Fibroblast singlet,,0,6.40527283000108
PC1_cellid_000156479-1,PC1_A2,PASC,PC1,singlet,Duct2,Endothelium,,FALSE,FALSE,331.070527426464,331.908171779493,,,Duct2 singlet,507,464,11132.9422015673,18329.0446487337,156479,TRUE,115.98235571028,55.9643826467867,12.1520912513801,14.1453130147681,12.7423654418473,1.11010103079256,0.434194993781635,134.610238808046,0.465348539020974,0.817062651507053,0.799296180559726,0.643471486268888,1.46592186459722,11138.9544776815,18324.8,3048.26371359296,5014.72763990279,FALSE,28.0454387154106,24.000147650211,5.97566411555295,6.02053762020877,6.01133285759718,1.00153123443484,0.0552761257168088,89.7395664321857,0.611849028860616,0.87542807716791,0.903282846460463,0.774918782262018,1.27843267545444,11124.3751136364,18332.15,3044.2739543678,5016.73902601087,87.9369169948691,0.24180780379258,0.318926790597602,4.46809274193596,0.735361945883169,44.8706723758604,3.08821356791356,TRUE,TRUE,TRUE,TRUE,TRUE,TRUE,FALSE,,,,,,,0.579483792751197,-0.983669293915148,0,Duct2 singlet,Duct2 singlet,,3.03128597709759,0
PC1_cellid_000156481-1,PC1_A2,PASC,PC1,singlet,Fibroblast,Tcell,,FALSE,FALSE,148.850603137249,149.028772559677,,,Fibroblast singlet,159,136,11529.0561212008,18009.634180239,156481,TRUE,51.9356786507985,40.0099821992215,8.13182389386627,11.3394169718963,8.47553691662502,1.33789954309471,0.664329013640766,135.000000002911,0.407698354570789,0.72214904173308,0.81249289722526,0.540390699242111,1.56613977888414,11532.45,18009.05,3155.94690096465,4928.32013464765,TRUE,16.0729843770798,20.032013311451,4.52379921203499,6.02053762020877,4.01365028307035,1.50001549499681,0.745362152406238,89.7395664321857,0.503335064573385,0.801093630412501,0.883164270163539,0.665153252666628,1.40952053215579,11528.7748863636,18009.05,3154.94117681311,4928.32013464765,35.8626942737187,0.309478662675333,0.44818117261136,1.00572415153511,0.247355122832938,45.2604335707258,1.80401234091564,TRUE,TRUE,TRUE,TRUE,TRUE,TRUE,FALSE,,,,,,,-0.367460388812933,0.446879565878376,0,Fibroblast singlet,Fibroblast singlet,,0,6.08961517158857
PC1_cellid_000156526-1,PC1_A2,PASC,PC1,singlet,Fibroblast,Myeloid,,FALSE,FALSE,320.71411250702,331.157697110308,,,Fibroblast singlet,318,227,11587.3574684001,18437.0608661248,156526,TRUE,107.889884228449,55.9910768350655,11.7204806674709,14.0205970610309,11.9953002026833,1.16884086441588,0.517722739672796,179.739566452674,0.43246697749596,0.793685422532991,0.782347257299504,0.641509507778944,1.52062989526547,11585.1755136986,18436.45,3170.37565821562,5045.28155268738,FALSE,35.9454462724941,27.9683291254741,6.76514328357446,7.99085969663446,6.00685102081748,1.33029097364005,0.659487829147444,89.8037823441054,0.577458396476228,0.90007032017442,0.916309007997464,0.74886496600428,1.31595079118381,11592.5373287671,18443.6,3172.3902776114,5047.23820720068,71.9444379559551,0.333167901015172,0.499627869627723,2.80841382176419,0.479231850066756,89.9357841085683,2.47766869194824,TRUE,TRUE,TRUE,TRUE,TRUE,TRUE,FALSE,,,,,,,-0.367460388812933,1.09615859449048,0,Fibroblast singlet,Fibroblast singlet,,0,6.44561000003829
PC1_cellid_000156639-1,PC1_A2,PASC,PC1,singlet,Duct2,Fibroblast,,FALSE,FALSE,176.009445620131,185.009461063982,,,Duct2 singlet,191,183,11014.9,18361.8,156639,TRUE,35.9181119018557,23.9726884272434,6.76257055014329,5.99317210685137,5.99317210681136,0.99999999955006,3.65403697071499e-06,179.738377255995,0.785398163396424,0.999999999979125,0.999999999885846,0.999999999972307,1.12837916656439,11014.9,18361.8,3014.31521657891,5024.85298493665,TRUE,7.98238511242004,11.9867815474168,3.18802264522046,4.00918271417349,1.99784378374747,2.00675485305542,0.86699492331329,89.6075692787325,0.698131701562129,0.999999999906072,0.9999999997717,0.996587190421113,1.19682683935099,11007.6,18365.45,3012.31751336953,5025.85183654134,27.9357267894356,0.222238438702154,0.285741093107386,2.2335000875249,0.660547661383613,89.869192022737,1.78727395246142,TRUE,TRUE,TRUE,TRUE,TRUE,TRUE,FALSE,,,,,,,-0.367460388812933,-0.75392857897182,0,Duct2 singlet,Duct2 singlet,,0,0
PC1_cellid_000156641-1,PC1_A2,PASC,PC1,singlet,Fibroblast,Duct2,,FALSE,FALSE,171.55444704491,188.250322285466,,,Fibroblast singlet,187,169,11957.5687504934,18080.0817678146,156641,TRUE,60.0824444304664,39.9546264865863,8.74639035220946,10.0069055072219,10.006780548725,1.00001248710908,0.00499742907145026,179.738377249642,0.472958796629462,0.790367309133783,0.860180217401471,0.600002995902976,1.45408015108998,11956.6,18080.55,3272.01893058924,4947.88667978065,TRUE,15.9640213379717,15.9820005445988,4.50843911575852,3.99550013699732,3.995500135993,0.999999999566448,2.24215539823816e-05,179.607569276843,0.785398163395117,0.999999999952985,0.999999999828771,0.999999999780128,1.12837916629886,11945.65,18084.25,3269.02237577517,4948.89921428403,44.1184230924947,0.265701928186192,0.361844785360631,3.16299966397308,0.723269721420876,0.130807972799829,2.11897561822547,TRUE,TRUE,TRUE,TRUE,TRUE,TRUE,FALSE,,,,,,,-0.367460388812933,-0.449332413333408,0,Fibroblast singlet,Fibroblast singlet,,0,4.68168549500184
PC1_cellid_000156649-1,PC1_A2,PASC,PC1,singlet,Fibroblast,Duct2,,FALSE,FALSE,150.745550251114,154.901147985359,,,Fibroblast singlet,156,147,11394.9780481622,18163.0342458809,156649,TRUE,35.944697385625,32.0182640904564,6.76507281076238,10.015881843486,5.99310962896243,1.67123287558591,0.801226887660095,90,0.440604705433897,0.782272456858143,0.842058705918828,0.598816029103669,1.5065218481354,11394.15,18163.05,3118.10000317594,4970.46346262641,TRUE,11.9724543383308,19.977219528594,3.90433122456316,6.02052164211381,3.99531270480144,1.50689622635915,0.748073658208196,179.60756930141,0.376984044281254,0.666666666638907,0.865640692236477,0.497735126494698,1.62869031941381,11397.8,18155.7,3119.09885478063,4968.45207651833,23.9722430472942,0.333079847816107,0.499429874364129,2.24574678090887,0.663923903582215,89.6075693014102,1.43037079309961,TRUE,TRUE,TRUE,TRUE,TRUE,TRUE,FALSE,,,,,,,-0.367460388812933,-0.181206776446011,0,Fibroblast singlet,Fibroblast singlet,,0,5.77303742006089
PC1_cellid_000156652-1,PC1_A2,PASC,PC1,singlet,Duct2,Fibroblast,,FALSE,FALSE,258.025884624468,266.304111431751,,,Duct2 singlet,283,256,11417.1868733474,18918.7066603457,156652,TRUE,67.9266599159726,39.9544078126043,9.29983384511752,12.0136162233261,7.99541544542035,1.50256310021957,0.746371587003927,89.869187945681,0.534712981484873,0.850155355904713,0.89084526266292,0.707172674503837,1.36753873357585,11415.2459474886,18915.75,3123.87307742291,5176.4458195719,TRUE,32.0092969009857,23.9728446154769,6.38400365080595,6.01141578117077,6.00229394203667,1.0015197250387,0.0550684692622944,179.738377258225,0.699917509078473,0.941319620302115,0.951987403356098,0.887119463761081,1.19529904032653,11411.5668949772,18912.1,3122.86627536681,5175.44696796721,35.917363014987,0.471233193798574,0.891192843937832,1.41822244671461,0.304999523063348,89.8691893125436,1.45791509715578,TRUE,TRUE,TRUE,TRUE,TRUE,TRUE,FALSE,,,,,,,-0.367460388812933,-0.578265337467219,0,Duct2 singlet,Duct2 singlet,,0,3.59280042758595
PC1_cellid_000156709-1,PC1_A2,PASC,PC1,singlet,Duct2,Myeloid,,FALSE,FALSE,275.317305050028,284.111357631732,,,Duct2 singlet,320,277,11085.826272811,18570.1633757942,156709,TRUE,79.9549063258875,43.9779228688011,10.0896852542443,11.9972853704587,10.0050852291534,1.19911875735139,0.551846422955603,179.686053663634,0.519500005301196,0.851029062438434,0.850691603933985,0.666102919295216,1.3874176711967,11088.7630136986,18573.5,3034.52841925294,5082.78637800873,TRUE,4.01815248341097,8.01836606309364,2.26187325875139,2.02506900677109,1.99770320938219,1.01369862874841,0.163842643959518,0,0.785352298502374,0.999999999813624,0.999999999658711,0.993243243059234,1.12841211392207,11088.675,18558.85,3034.5043336025,5078.77728869127,75.9367538424765,0.0502552334503509,0.0529144620958791,4.00916166722211,0.794704999858853,0.313946336365802,3.91390599774647,TRUE,TRUE,TRUE,TRUE,TRUE,TRUE,FALSE,,,,,,,-0.367460388812933,-0.983669293915148,0,Duct2 singlet,Duct2 singlet,,0,0
PC1_cellid_000156712-1,PC1_A2,PASC,PC1,singlet,Fibroblast,Myeloid,,FALSE,FALSE,651.198931271411,653.429218735082,,,Fibroblast singlet,1022,643,11721.9014030473,18284.7865923092,156712,TRUE,275.890296144868,80.0187546775311,18.7423166940573,22.0056008533333,18.0102469729601,1.22183781727302,0.57459309964003,179.706178065225,0.541455429421046,0.890115359661688,0.820867796892036,0.696119061133215,1.35899745508643,11719.8439004862,18278.75,3207.22873609068,5002.12569020525,TRUE,84.0273531071275,47.9729613031418,10.3434495607326,15.2270268603523,8.94630553636355,1.70204636917463,0.809203793755968,116.4089322699,0.458814877632567,0.807887129227512,0.807437265733907,0.616824823681568,1.47632255157646,11727.1334474886,18282.35,3209.2235787539,5003.11085891124,191.86294303774,0.304567990531859,0.437955093215783,2.22484935002364,0.237414550609416,63.2972457953257,4.19943356666236,TRUE,TRUE,TRUE,TRUE,TRUE,TRUE,FALSE,,,,,,,-0.367460388812933,1.44496105569763,0,Fibroblast singlet,Fibroblast singlet,,0,6.54494187987776
PC1_cellid_000156741-1,PC1_A2,PASC,PC1,singlet,Fibroblast,Myeloid,,FALSE,FALSE,415.615766332782,421.480915562721,,,Fibroblast singlet,666,499,11942.5925404455,18632.3094099357,156741,TRUE,204.246161822471,67.9502276916663,16.1261988730372,20.0114031457504,14.0182349460097,1.42752659082377,0.713640283607788,89.803782345457,0.555881134777392,0.886989948985937,0.84411041852359,0.72808658339969,1.34124782961665,11944.05,18636.05,3268.58452301694,5099.90368427543,TRUE,32.091300012896,28.0230129462314,6.39217585946908,8.00477592712411,6.02033612102302,1.32962275902384,0.659056966877718,89.6102387688055,0.513532010152806,0.842788447338748,0.874721453096089,0.665912844905046,1.39545629737115,11933.0748863636,18636.05,3265.58109565603,5099.90368427543,172.154861809575,0.157120700457609,0.186409490116689,3.00342736091761,0.372490427637525,0.193543576651479,4.86701150678408,TRUE,TRUE,TRUE,TRUE,TRUE,TRUE,FALSE,,,,,,,-0.367460388812933,0.775045524192946,0,Fibroblast singlet,Fibroblast singlet,,0,5.84743638521372
PC1_cellid_000156783-1,PC1_A2,PASC,PC1,singlet,Fibroblast,Myeloid,,FALSE,FALSE,135.203736130308,135.557629435994,,,Fibroblast singlet,126,106,11890.3979322827,18561.3033975776,156783,TRUE,79.9271975118068,39.9817736170764,10.0879367846894,11.9954660510562,7.99997632812185,1.4994376926824,0.745132303180726,179.738377255151,0.628319210183457,0.93002666479955,0.911994104747516,0.832892128524317,1.26156557848155,11892.5586757991,18555.9,3254.49351156331,5077.96999766831,TRUE,20.036842562656,24.0005540292758,5.05091083888899,8.4755369169147,4.25711899936344,1.99090908962934,0.864703233721625,134.999999999998,0.437115911543109,0.769156688828116,0.853378108153147,0.555323785791683,1.5125219708437,11888.9375,18555.85,3253.50254793104,5077.95631476961,59.8903549491508,0.250688666485389,0.334558754516023,0.991058092242046,0.196483802670403,44.738377255153,2.51851297290023,TRUE,TRUE,TRUE,TRUE,TRUE,TRUE,FALSE,,,,,,,-0.367460388812933,0.317474647634619,0,Fibroblast singlet,Fibroblast singlet,,0,5.76349787528867
PC1_cellid_000156806-1,PC1_A2,PASC,PC1,singlet,Fibroblast,Myeloid,,FALSE,FALSE,220.469077624274,231.57859869231,,,Fibroblast singlet,270,219,11948.9152236547,18682.8587324409,156806,TRUE,155.999499877147,68.0047691649342,14.0934286886652,18.7663865618517,12.5394971752932,1.4965820634923,0.743991376269047,153.278189216019,0.423891129532123,0.787499196652101,0.781940268103716,0.662921991153167,1.53593499539013,11947.8868150685,18687.05,3269.63449805477,5113.86024094372,TRUE,28.0177299013454,27.9952732074058,5.97271141644243,7.99081283793743,6.02047542553596,1.32727272673717,0.657534246619409,0,0.449234796300488,0.736879942472968,0.885914388806659,0.582386363597616,1.49198104550181,11951.55,18690.8,3270.6369578211,5114.8864583458,127.981769975802,0.179601408476398,0.218919693831814,1.43458974604095,0.203582786800335,26.7218107839812,4.06035863611139,TRUE,TRUE,TRUE,TRUE,TRUE,TRUE,FALSE,,,,,,,0.637165811121937,0.172529539618173,0.417439543805237,Fibroblast singlet,Fibroblast singlet,,0,5.56167828518787
PC1_cellid_000156812-1,PC1_A2,PASC,PC1,singlet,Duct2,Myeloid,,FALSE,FALSE,434.400779227591,439.045378165982,,,Duct2 singlet,690,569,11304.4567276571,18745.2529227316,156812,TRUE,168.137083769597,63.9822648771032,14.6314313719438,16.018196330321,16.0091994492562,1.00056198177524,0.0335114477587009,179.738377259193,0.516124120480835,0.82365047425012,0.814505998918118,0.655662405819335,1.39194771370312,11308.6085616438,18740.75,3094.69090647192,5128.5556741415,TRUE,52.1277681321188,31.9911479167416,8.14684821047987,10.0022340103215,6.02053383926705,1.66135334055239,0.798557211615291,89.8037823398059,0.640058025093723,0.92888598269292,0.927441616932157,0.865639604836503,1.24994333823341,11308.65,18751.65,3094.70224640851,5131.53854605688,116.009315637478,0.310031356321432,0.449341226100508,2.98289347072945,0.407737751806274,89.9345949193873,3.24229158073194,TRUE,TRUE,TRUE,TRUE,TRUE,TRUE,FALSE,,,,,,,0.342953080668952,-0.983669293915148,0,Duct2 singlet,Duct2 singlet,,0,0
PC1_cellid_000156813-1,PC1_A2,PASC,PC1,singlet,Duct2,Fibroblast,,FALSE,FALSE,270.409885972161,275.019325051351,,,Duct2 singlet,304,263,11096.4314463216,18015.1496877244,156813,TRUE,71.944812399391,43.977508026096,9.57094458167308,14.0182349460097,7.99770110609126,1.75278305043638,0.821282830998134,89.8037823418053,0.467463940258119,0.799755250861253,0.841088653548069,0.641713211445061,1.46260125636739,11097.6437785388,18010.7,3036.95871136568,4928.77167030457,TRUE,15.9632724511078,15.9818131098296,4.50833336701401,4.0228652908557,3.99531270398418,1.00689622719358,0.116837847273824,179.607569296443,0.78537974119738,0.999999999953138,0.999999999828769,0.993197595912486,1.12839240008954,11090.3,18007.05,3034.94902781007,4927.77281869988,55.9815399482832,0.221882188812603,0.285152435302842,2.24422203043623,0.468965629587683,89.8037869546374,2.53130560732953,TRUE,TRUE,TRUE,TRUE,TRUE,TRUE,FALSE,,,,,,,0.0293663869078025,-0.721673497628359,0.100368478578248,Duct2 singlet,Duct2 singlet,,0,0
PC1_cellid_000156818-1,PC1_A2,PASC,PC1,singlet,Duct2,Myeloid,,FALSE,FALSE,166.828167632659,168.925585933093,,,Duct2 singlet,155,148,11183.8022411698,18150.8337290172,156818,TRUE,36.0547837550357,31.991366866804,6.77542444823838,8.01817799487406,8.01817799487404,0.999999999658706,7.59813117026208e-08,179.607569284896,0.442697599219793,0.749861769802039,0.831553950153714,0.560804525220209,1.50295651870192,11182.1503424658,18152.85,3060.08460643016,4967.67215129275,TRUE,19.9548394507502,19.9774694354338,5.04056452171148,6.00683906527828,3.99550013538463,1.50340104057733,0.746702185422327,89.6075692875256,0.628314601115459,0.909094010647744,0.941422638496914,0.831440339681158,1.26157020524722,11185.8581050228,18152.8,3061.09926521919,4967.65846839405,16.0999443042855,0.553458858075348,1.23943530867025,1.01475104329517,0.299538736813342,89.9999999973701,0.86742996326345,TRUE,TRUE,TRUE,TRUE,TRUE,TRUE,FALSE,,,,,,,0.352798309138396,-0.983669293915148,0,Duct2 singlet,Duct2 singlet,,4.86778255863202,0
PC1_cellid_000156836-1,PC1_A2,PASC,PC1,singlet,Fibroblast,Myeloid,,FALSE,FALSE,251.957613427877,254.490757722901,,,Fibroblast singlet,204,145,11778.6636180977,18749.9479864595,156836,TRUE,64.0455537291764,39.9821146943113,9.03024538273728,12.0137097252455,8.00909816414119,1.50000780049483,0.745359093550666,179.738377263681,0.503462731312965,0.842202187210157,0.84503453461959,0.665622867676893,1.40934181008819,11780.05,18749.95,3223.70461529931,5131.07332750127,TRUE,11.9724543383312,16.009085189833,3.90433122456322,4.02277221452304,3.99540641998792,1.00684931366253,0.1164438223309,90.0000000290399,0.587029629315875,0.855468749954418,0.926405733113293,0.744897959222921,1.30517873290781,11769.05,18753.6,3220.69437758654,5132.07217910596,52.0730993908452,0.186936541872816,0.229916299895468,3.17162980430603,0.702445982995021,89.738377234641,2.56295707908703,TRUE,TRUE,TRUE,TRUE,TRUE,TRUE,FALSE,,,,,,,-0.367460388812933,0.86946761244939,0,Fibroblast singlet,Fibroblast singlet,,0,6.83773246552229
PC1_cellid_000156859-1,PC1_A2,PASC,PC1,singlet,Duct2,Fibroblast,,FALSE,FALSE,502.721862153392,512.626181541361,,,Duct2 singlet,694,594,11169.3939382071,18020.7942586836,156859,TRUE,152.008307320947,63.9551177466106,13.9119728295194,15.2308107338206,14.8449670536947,1.02599154824141,0.223661435479593,158.063395434986,0.467010431398614,0.800257843729371,0.79579844795876,0.672303022161527,1.46331124245302,11170.75,18021.35,3056.96481180936,4931.68612772648,TRUE,56.0642919470554,35.959438728123,8.4488622639127,10.0069055038505,8.0090981658844,1.24944223346603,0.599523531644425,89.7383772489044,0.544841772124253,0.848927267357077,0.861000780007864,0.699524494320065,1.35476759910732,11167.0165525114,18006.75,3055.94312413401,4927.69072130771,95.9440153738916,0.36882386845473,0.584343814699966,4.12396873861212,0.592866128078246,68.325018186082,2.73155528280334,TRUE,TRUE,TRUE,TRUE,TRUE,TRUE,FALSE,,,,,,,1.42830294484443,-0.612086858724671,0.142350236969619,Duct2 singlet,Duct2 singlet,,2.73496615500187,3.78935051422824
PC1_cellid_000156873-1,PC1_A2,PASC,PC1,singlet,Fibroblast,Myeloid,,FALSE,FALSE,286.982713647067,292.375155584371,,,Fibroblast singlet,335,264,11110.2272691647,18965.0190179929,156873,TRUE,107.97263622722,68.0322194546662,11.7249746351026,22.6401328616921,8.49488745695579,2.66514806336374,0.926938346374362,44.9999999963532,0.29315296445158,0.793494203336902,0.760661826668804,0.56140607053692,1.84694028767738,11115.7997260274,18964.35,3041.92723116942,5189.74559710286,TRUE,44.0090856099497,39.9546264787704,7.48559337168558,14.1258948615249,5.66970848551642,2.49146757558914,0.915916062237337,44.9999999999972,0.346432046437074,0.733822831588402,0.813494500215236,0.549497405203034,1.69899057697565,11108.4376712329,18960.7,3039.9125461707,5188.74674549817,63.9635506172699,0.407594804976885,0.688033812669353,2.24870188603687,0.383574711619226,3.64396868235417e-09,2.11969063170853,TRUE,TRUE,TRUE,TRUE,TRUE,TRUE,FALSE,,,,,,,-0.367460388812933,1.48415823250008,0,Fibroblast singlet,Fibroblast singlet,,0,5.96373280611635
PC1_cellid_000156887-1,PC1_A2,PASC,PC1,singlet,Fibroblast,Endothelium,,FALSE,FALSE,345.032450315932,345.454343224532,,,Fibroblast singlet,428,336,11819.9663468926,18218.960128844,156887,TRUE,120.218808715338,51.9960459044007,12.3720386871898,14.0113935380037,12.0205434497041,1.16562063882052,0.513796557685329,179.803782336625,0.558781021319839,0.869685346504212,0.844682532500312,0.713784291782065,1.33776298862659,11820.1002568494,18216.35,3234.66468744241,4985.04943263464,TRUE,43.9821256827524,28.0231694262718,7.48330018646803,8.00440361283802,6.00693277620754,1.33252758227886,0.660923241608418,179.610238836651,0.703803746293589,0.956031970813508,0.957257487316155,0.914733246716914,1.19199439345243,11814.5581073525,18216.25,3233.14803404012,4985.02206683725,76.2366830325854,0.365850619791432,0.576915520553068,1.51690027014031,0.245214278105806,0.193543499974567,2.44436925036087,TRUE,TRUE,TRUE,TRUE,TRUE,TRUE,FALSE,,,,,,,-0.367460388812933,0.988821762018784,0,Fibroblast singlet,Fibroblast singlet,,0,6.04396388962795
PC1_cellid_000156897-1,PC1_A2,PASC,PC1,singlet,Fibroblast,Duct2,,FALSE,FALSE,150.149343687291,150.369009285289,,,Fibroblast singlet,185,150,11660.9949062004,18987.8979541575,156897,TRUE,44.0910887218594,39.95479828861,7.49256416262804,14.5472543127492,5.33401751225663,2.72726031961065,0.930351725091961,103.851419015135,0.347074576071093,0.71057189235958,0.856437513805289,0.568218480501274,1.69741720114677,11660.3479166667,18987.85,3190.94718570414,5196.17655948923,TRUE,23.9175743060242,23.9728602346391,5.5184056955403,8.01138392414019,3.99547670751395,2.00511340826658,0.866760328184553,89.8037823437136,0.522982659364076,0.856991440125144,0.936845175724104,0.747207089864765,1.38279039805884,11658.5000856164,18991.55,3190.44151200285,5197.18909399261,20.1735144158353,0.542458238023543,1.18559284223646,1.13178267027121,0.302108234960553,14.0476366714218,0.987079233543867,TRUE,TRUE,TRUE,TRUE,TRUE,TRUE,FALSE,,,,,,,0.22019545258578,0.33642814740712,0.24418115550228,Fibroblast singlet,Fibroblast singlet,,0,5.60311563116958
PC1_cellid_000156913-1,PC1_A2,PASC,PC1,singlet,Duct2,Fibroblast,,FALSE,FALSE,378.961268840793,398.397805568985,,,Duct2 singlet,536,469,11497.6780809243,18903.6723818219,156913,TRUE,111.96307989657,47.945470556578,11.9396742365382,14.0045521279607,10.0090754184079,1.3991853931259,0.699429527004878,89.8037823397693,0.612053703200732,0.933030448642138,0.903171339185092,0.798751433298521,1.27821890023767,11499.2562785388,18908.1,3146.86317440377,5174.35233607166,TRUE,23.9729919341618,23.97290709292,5.52479513974879,6.02047542553596,5.99310962896193,1.00456620945038,0.095237847857084,0,0.524192374275236,0.800187476545374,0.88781615878928,0.664414694790013,1.38119389603149,11499.2371575342,18900.75,3146.85794178841,5172.34094996358,87.9900879624078,0.214115152549989,0.272451050869267,2.01139291438194,0.336925927988445,89.8037823397693,3.20743954839472,TRUE,TRUE,TRUE,TRUE,TRUE,TRUE,FALSE,,,,,,,0.0431682294688741,-0.702115939526488,0.107860821505925,Duct2 singlet,Duct2 singlet,,0,0
PC1_cellid_000156919-1,PC1_A2,PASC,PC1,singlet,Fibroblast,Myeloid,,FALSE,FALSE,224.969834953625,238.878087583403,,,Fibroblast singlet,165,152,11843.1125143343,18188.763918901,156919,TRUE,47.9995292792959,32.0184200025138,7.81760185779967,8.02730056745075,7.99993505321778,1.00342071670645,0.0825014521665781,179.739566394816,0.588365295345373,0.857004372289273,0.878760224312837,0.747448014364295,1.30369642865181,11843.7251712329,18186.95,3241.12983364587,4977.00388820233,TRUE,11.9724543383287,15.9817506323861,3.90433122456281,6.00229394409376,1.99768238297127,3.00462875732216,0.942990439082673,179.738377251261,0.589039411333418,0.99999999993741,0.999999999828768,0.998480274954567,1.30295021812212,11840.05,18190.6,3240.12409373259,4978.00273980702,36.0270749409672,0.249428578063131,0.332318245503505,1.41746862447064,0.36263515247456,0.00118914355499555,1.95663531661843,TRUE,TRUE,TRUE,TRUE,TRUE,TRUE,FALSE,,,,,,,-0.367460388812933,0.146952271668533,0,Fibroblast singlet,Fibroblast singlet,,0,5.89890059297168
PC1_cellid_000156931-1,PC1_A2,PASC,PC1,singlet,Duct2,Fibroblast,,FALSE,FALSE,577.61959261559,583.089809638173,,,Duct2 singlet,919,742,11152.2366104976,18481.1589390292,156931,TRUE,195.991181890554,68.0049900922529,15.7969529720904,18.0185297482723,14.0113951611195,1.28599111919654,0.628746490251545,89.7761895049913,0.532555448834335,0.837129111913069,0.863761593340858,0.776311105788773,1.37030607675276,11150.5248861048,18481.85,3051.43004811914,5057.7056247019,TRUE,43.981751239317,27.9954137838961,7.48326833172532,8.00454251516383,6.01369242831859,1.33105286093911,0.659977957348418,89.8037823526994,0.705193986149929,0.956031612945443,0.957915360806823,0.913681412529453,1.19081884764849,11154.1689212329,18478.25,3052.42726738907,5056.7204559959,152.009430651237,0.224406786125884,0.289335675082773,1.40178587936893,0.177475476450529,0.027592847708064,4.15684232018254,TRUE,TRUE,TRUE,TRUE,TRUE,TRUE,FALSE,,,,,,,1.00692228694587,-0.807518667431609,0.0674818857070704,Duct2 singlet,Duct2 singlet,,3.51584003829615,3.12512699353343
PC1_cellid_000156940-1,PC1_A2,PASC,PC1,singlet,Fibroblast,Duct2,,FALSE,FALSE,398.137270263344,414.925652720286,,,Fibroblast singlet,522,456,11531.504227356,18599.7036917391,156940,TRUE,111.854116857456,51.9684295696461,11.933862946437,14.0113344816399,11.9726303961873,1.17028038240446,0.519457840951342,89.6075692909346,0.520454359883173,0.848436736683068,0.825902496938065,0.666780509677194,1.38614503713494,11530.9918949772,18601.05,3155.54787889838,5090.32565518935,TRUE,52.0457650202088,31.9914830439536,8.14043771303017,10.0160313812023,6.00958883884189,1.66667498313769,0.800002245632133,89.686053674085,0.639037749812294,0.928322880964282,0.927182252696084,0.864659187331298,1.25094075792628,11534.6747260274,18600.95,3156.55571498176,5090.29828939196,59.8083518372474,0.465300397319139,0.870208982737654,1.00820754699854,0.168965832745698,0.0784843831503821,1.8967126167034,TRUE,TRUE,TRUE,TRUE,TRUE,TRUE,FALSE,,,,,,,-0.367460388812933,-0.149277765595259,0,Fibroblast singlet,Fibroblast singlet,,0,4.06853542616818
PC1_cellid_000156941-1,PC1_A2,PASC,PC1,singlet,Fibroblast,Endothelium,,FALSE,FALSE,112.530359954339,112.69299450966,,,Fibroblast singlet,120,98,11886.5174812441,18634.4014872179,156941,TRUE,32.0089224575564,28.0231072945403,6.38396631079161,8.00913981265474,6.01133285802837,1.33234009797214,0.66080331478134,89.7395664492728,0.512210337432228,0.841841960119008,0.873738642537169,0.664835808877576,1.39725550774211,11889.2251136364,18628.95,3253.58125569603,5097.96071266082,TRUE,15.9359380804755,19.9773132393859,4.50447183879669,5.99310962488411,3.99540641794951,1.49999999846198,0.745355992296945,90.0000000194926,0.501779990616965,0.79972565154751,0.881869693340296,0.665525114632771,1.41170297574599,11881.9125,18636.25,3251.58010066448,5099.95841587021,16.0729843770809,0.497859248358888,0.991473499674679,2.82762083262427,0.885850797484908,0.260433570219789,0.93974723599746,TRUE,TRUE,TRUE,TRUE,TRUE,TRUE,FALSE,,,,,,,-0.367460388812933,0.400209895167702,0,Fibroblast singlet,Fibroblast singlet,,0,6.03468366622796
PC1_cellid_000156946-1,PC1_A2,PASC,PC1,singlet,Fibroblast,Endothelium,,FALSE,FALSE,290.504227457744,292.752598429928,,,Fibroblast singlet,325,238,11874.9805813972,18309.1434694123,156946,TRUE,84.081647404967,52.0783897484951,10.3467907325162,16.9995493050418,8.49497018004731,2.00113113280768,0.866188515073116,134.803782343519,0.38957939718534,0.736406627133397,0.812417395592742,0.582239876410068,1.60214570265571,11869.75,18311.05,3248.25173555707,5010.96484276183,TRUE,43.9813767958861,35.9865852264726,7.48323647684741,12.5100218883233,6.26119690600526,1.99802403129295,0.865739727049543,153.121860247316,0.426773463842846,0.758601091474673,0.839830587965051,0.561504691045664,1.53073952402144,11877.0371575342,18307.35,3250.24592432329,5009.95230825844,40.1002706090809,0.523079389475154,1.09678503703061,2.23651848994905,0.432311533777787,18.3180779037961,1.43177712783438,TRUE,TRUE,TRUE,TRUE,TRUE,TRUE,FALSE,,,,,,,-0.367460388812933,1.074741335458,0,Fibroblast singlet,Fibroblast singlet,,0,6.37266323384468
PC1_cellid_000156947-1,PC1_A2,PASC,PC1,singlet,Fibroblast,Duct2,,FALSE,FALSE,304.601494870372,323.424898494094,,,Fibroblast singlet,350,319,11008.7679429239,18273.1804868728,156947,TRUE,96.027141816093,51.9682271528349,11.0573755624082,16.0090744932254,10.0067805491506,1.59982268125248,0.780569282254245,89.7383772559947,0.446815328375214,0.800230283887022,0.817692864322982,0.599422997876247,1.49601506904299,11010.8999429224,18270.45,3013.22056906361,4999.85432902198,TRUE,40.100645052511,27.9957099114978,7.14546898742451,8.00909816414155,6.01141577913218,1.33231479151684,0.660787121625203,89.7383772591919,0.642951558213902,0.909487736923163,0.91708636885319,0.832896381003102,1.24712754995883,11007.25,18277.75,3012.22173307867,5001.85203223136,55.926496763582,0.417596986538807,0.717024082785986,2.23349310220414,0.403982497575199,3.19720072639029e-09,1.95595328749182,TRUE,TRUE,TRUE,TRUE,TRUE,TRUE,FALSE,,,,,,,0.56765580455208,-0.792768743092113,0.0731324628769381,Fibroblast singlet,Fibroblast singlet,,0,3.38680864421006
PC1_cellid_000156979-1,PC1_A2,PASC,PC1,singlet,Fibroblast,Tcell,,FALSE,FALSE,177.077771130518,181.985756758885,,,Fibroblast singlet,174,155,11609.8910825416,18528.1431681752,156979,TRUE,60.0274012457615,40.0097322923817,8.74238302945989,12.7472099259327,7.08717688157556,1.79863013637339,0.831196555097639,134.803108060058,0.471224774159451,0.833078697920987,0.824300256440137,0.664448204103827,1.4567530711797,11611.1,18527.6,3177.47010061094,5070.22547700728,TRUE,24.0272862320007,24.0550956567021,5.53104791004869,8.01817863450997,3.99540641794951,2.00684931400123,0.867008404012236,90,0.521795596373403,0.857562879190338,0.901085515639269,0.750011688424703,1.38436239944829,11611.1,18524,3177.47010061094,5069.24030830128,36.0001150137609,0.40027197128902,0.667422485071011,0.985168705997239,0.225377611670334,44.8031080600585,1.6056675597056,TRUE,TRUE,TRUE,TRUE,TRUE,TRUE,FALSE,,,,,,,-0.367460388812933,0.295725131496384,0,Fibroblast singlet,Fibroblast singlet,,0,4.06853542616818
PC1_cellid_000156993-1,PC1_A2,PASC,PC1,doublet_certain,Fibroblast,Duct2,Duct2__Fibroblast,FALSE,FALSE,352.352947459958,394.095829436006,TRUE,spatially_supported_contact,Supported Duct2-Fibroblast doublet,441,396,11478.6022574749,18430.0531174939,156993,TRUE,103.927523816601,52.050993356498,11.5032444601383,12.0137097252464,11.9954660510562,1.00152088058703,0.0550893496115575,179.738377253966,0.482039247314741,0.837999082142633,0.813954333236105,0.72116778716507,1.44031936588752,11471.8746590909,18433.05,3139.36997590389,5044.35111557617,FALSE,44.0910887218561,28.0502695307384,7.49256416262776,8.01822533409511,6.02044036320733,1.33183369433441,0.660479024789636,89.8044520237284,0.704184739969132,0.956702957410521,0.957586906904793,0.913364877171941,1.1916718901783,11475.5813139932,18433.15,3140.38433157434,5044.37848137355,59.8364350947449,0.424248429082371,0.736860219775356,1.01472474743263,0.176424094816846,89.933925230238,2.00534014875526,TRUE,TRUE,TRUE,TRUE,TRUE,FALSE,TRUE,PC1_A2,7.23795903586869,15.8223619943948,TRUE,TRUE,30,-0.367460388812933,0.00498128880599781,0,Supported Duct2-Fibroblast,Supported Duct2-Fibroblast,15.8223619943948,0,4.51855452537392
PC1_cellid_000156999-1,PC1_A2,PASC,PC1,singlet,Fibroblast,Duct2,,FALSE,FALSE,156.500634344995,156.877759095865,,,Fibroblast singlet,158,111,11930.0130929746,18490.4795920719,156999,TRUE,51.990721835507,35.9591732017241,8.1361319433926,10.0159168264129,8.00454251613517,1.25127910843113,0.601088845136435,179.803782346373,0.505261626816168,0.838256690745121,0.838351540122597,0.648483039570352,1.40683071565985,11925.25,18493.55,3263.43975310785,5060.90742299639,TRUE,12.0271230796011,16.009085189832,3.9132350701619,4.02277221859987,3.99540641794901,1.00684931519672,0.116443835239182,89.9999999709601,0.58971012990638,0.857699805022447,0.926902291097831,0.748299319390765,1.30220903911252,11925.2,18482.65,3263.42607020916,5057.92455108101,39.9635987559059,0.231332104126968,0.300951952551924,2.98290329800847,0.733248504677561,89.803782375413,2.11144843661535,TRUE,TRUE,TRUE,TRUE,TRUE,TRUE,FALSE,,,,,,,-0.367460388812933,0.902834488253324,0,Fibroblast singlet,Fibroblast singlet,,0,7.23950571635656
PC1_cellid_000157009-1,PC1_A2,PASC,PC1,singlet,Fibroblast,Myeloid,,FALSE,FALSE,244.519281610755,258.431318459592,,,Fibroblast singlet,267,230,11198.0176672267,18967.2215482874,157009,TRUE,63.9628017304024,40.064026552875,9.02440959593496,11.9954348840269,8.00909830600699,1.49772601379252,0.744449419348368,179.869187938174,0.500758295667956,0.841420584677613,0.87018547425185,0.665775572559237,1.41314238810219,11203.499829932,18964.05,3065.92706391372,5189.66349971069,TRUE,23.9726174907257,28.0232299954626,5.52475199262391,8.94630539667441,5.3629417642974,1.66817127339837,0.800405591779292,26.2502423632865,0.383609132176048,0.704979408445687,0.819245396469785,0.499653179476409,1.61456498990864,11192.5246575342,18967.7,3062.92362047228,5190.66235131538,39.9901842396767,0.374789984779283,0.599462541634064,3.1651819906736,0.701471259700942,26.381054425113,1.74982880165553,TRUE,TRUE,TRUE,TRUE,TRUE,TRUE,FALSE,,,,,,,-0.367460388812933,-0.0975495348734049,0,Fibroblast singlet,Fibroblast singlet,,0,6.26405436976031
PC1_cellid_000157018-1,PC1_A2,PASC,PC1,singlet,Fibroblast,Myeloid,,FALSE,FALSE,358.254319540881,371.703222919469,,,Fibroblast singlet,407,337,11779.9835288938,18107.0200581545,157018,TRUE,68.0363718419558,40.0093867138565,9.3073411407063,14.011395160304,5.99712598448508,2.33635164413065,0.90377032275904,89.7761894996327,0.534105710602335,0.919129735380484,0.932471965252724,0.809685929185957,1.36831594912927,11781.2963743867,18114.1,3224.04569558869,4957.06790480459,TRUE,15.9632724511092,15.9818131098306,4.5083333670142,4.02286529266967,3.99531270463676,1.00689622748314,0.11683784970156,89.6075693057371,0.785379741197349,0.999999999953087,0.999999999828769,0.993197595302498,1.12839240008956,11777.65,18114.1,3223.04783616198,4957.06790480459,52.0730993908466,0.234628508496082,0.306555066527299,0.997859426710875,0.214424164641914,0.168620193895578,2.39950388684605,TRUE,TRUE,TRUE,TRUE,TRUE,TRUE,FALSE,,,,,,,-0.367460388812933,0.687980204580595,0,Fibroblast singlet,Fibroblast singlet,,0,6.03713178690321
PC1_cellid_000157042-1,PC1_A2,PASC,PC1,singlet,Duct2,Fibroblast,,FALSE,FALSE,662.440819651195,676.728256806678,,,Duct2 singlet,1158,904,11351.5079655377,18891.8260614373,157042,TRUE,211.844367972262,72.0554868573371,16.423417020575,20.031856126143,15.9816256783327,1.25343044105153,0.602908255175925,89.6075692928797,0.51273465603825,0.854841439162861,0.845008505003939,0.661720784182504,1.39654091394607,11356.7002571415,18897.7,3107.85158242266,5171.50629314322,TRUE,107.889884228451,48.0003639503365,11.720480667471,14.0113856257265,9.99402667466017,1.40197600807047,0.700880242472422,89.8430256518211,0.588439110705663,0.899701800122418,0.853311982129812,0.770476038332555,1.30361465669815,11352.9998630137,18886.65,3106.83894006305,5168.48237253176,103.954483743811,0.509288423648273,1.0378569575119,3.18897168580961,0.388344481289257,0.235456358941391,2.35146817655196,TRUE,TRUE,TRUE,TRUE,TRUE,TRUE,FALSE,,,,,,,0.837097378441172,-0.453064577694237,0.203270391541855,Duct2 singlet,Duct2 singlet,,2.90532370541378,3.29237665493943
PC1_cellid_000157054-1,PC1_A2,PASC,PC1,singlet,Fibroblast,Endothelium,,FALSE,FALSE,131.023556402525,132.071849681902,,,Fibroblast singlet,115,102,11911.4395823596,18513.3722883182,157054,TRUE,60.0820699870387,36.0413461595339,8.74636309771343,10.0158818455239,8.01817863654987,1.24914675715122,0.599270710405837,90,0.581236318719023,0.85691779394439,0.887936772077191,0.74813498921218,1.31166710798639,11914.35,18508.25,3260.45688119247,5064.93019521254,TRUE,20.036093675794,24.0274512529281,5.05081644786653,7.99081283793693,3.99540641998842,1.99999999811957,0.866025403710745,90,0.436121510787968,0.769957983171258,0.886460159758177,0.627568492911901,1.51424533988297,11903.4,18519.25,3257.4603263784,5067.94043292531,40.0459763112446,0.333478751261093,0.500327261722041,4.24745474856545,0.971250493811161,0,1.84777332492345,TRUE,TRUE,TRUE,TRUE,TRUE,TRUE,FALSE,,,,,,,-0.367460388812933,1.60291933933432,0,Fibroblast singlet,Fibroblast singlet,,0,6.25908254504576
PC1_cellid_000157059-1,PC1_A2,PASC,PC1,singlet,Duct2,Fibroblast,,FALSE,FALSE,533.121851627285,545.184907251533,,,Duct2 singlet,920,752,11547.3414047249,18981.4075419767,157059,TRUE,139.899555572868,63.9271431035942,13.3463720331126,22.3474030453407,9.83803378482234,2.27153143889392,0.897884239410077,63.2260316828954,0.430185339998561,0.804972637562804,0.839030563514156,0.636327897089378,1.52465715701776,11550.7,18984.65,3160.9411589881,5195.30085397279,TRUE,47.9452349814613,31.9908514413822,7.81317919671731,10.0090754204458,6.00685101983007,1.66627662028632,0.799894643764322,89.8037823391218,0.588713123821837,0.88810281805155,0.915244598224906,0.797452141889276,1.30331124126255,11550.7374143836,18991.95,3160.9513977325,5197.29855718217,91.9543205914066,0.342711846236434,0.521402742882403,1.99772944731227,0.29936666524239,26.5777506562264,2.76659641819764,TRUE,TRUE,TRUE,TRUE,TRUE,TRUE,FALSE,,,,,,,0.18226635448432,-0.551314572839633,0.165631610031524,Duct2 singlet,Duct2 singlet,,0,0
PC1_cellid_000157091-1,PC1_A2,PASC,PC1,singlet,Fibroblast,Endothelium,,FALSE,FALSE,229.077971449316,232.774098227703,,,Fibroblast singlet,231,199,11833.4320521952,18246.0973057634,157091,TRUE,67.8173224334331,35.9588920639785,9.29234613756408,9.9976587100158,7.98173265081725,1.2525674742519,0.602180218905715,179.738377266337,0.659079644363478,0.918889711916501,0.92501612960454,0.849855628100988,1.23177405004199,11833,18245.45,3238.19480501668,4993.01287967478,TRUE,7.98163622555296,11.9864066910643,3.187873095665,4.00918271216788,1.99765634934126,2.00694314014409,0.867021792416445,179.607569272504,0.698109867206226,0.999999999906242,0.999999999771693,0.996587191834712,1.1968455554156,11829.3,18249.1,3237.1822705133,4994.01173127947,59.8356862078802,0.117693178349978,0.13339257439932,1.42229766530762,0.306122402500008,0.130807993833457,3.05223652094954,TRUE,TRUE,TRUE,TRUE,TRUE,TRUE,FALSE,,,,,,,-0.367460388812933,0.623141205003031,0,Fibroblast singlet,Fibroblast singlet,,0,5.96771061719377
PC1_cellid_000157104-1,PC1_A2,PASC,PC1,singlet,Fibroblast,Myeloid,,FALSE,FALSE,272.289487250997,279.437787205012,,,Fibroblast singlet,286,236,11146.0653071409,18976.5165272767,157104,TRUE,131.807832977898,63.9827952919847,12.9546495611926,17.4250679990104,13.4823595407157,1.29243460262657,0.633511175664465,80.2833141769923,0.404598869141977,0.724891063497275,0.798022604388874,0.561049053318,1.57212714909081,11152.3746575342,18975.1,3051.93625282068,5192.68742032215,TRUE,39.9635987559032,31.9910857212444,7.1332485086351,8.01817863451046,7.99081283793693,1.00342465708841,0.0825487129209782,179.999999985431,0.490700493632557,0.832576644031021,0.853423720034061,0.62373182476236,1.42755139372393,11145.05,18971.55,3049.93180188043,5191.71593451485,91.8442342219948,0.303195931910757,0.435123653543202,2.22746677767381,0.343886843671575,80.2833141915618,2.91070052627874,TRUE,TRUE,TRUE,TRUE,TRUE,TRUE,FALSE,,,,,,,-0.367460388812933,0.691717585329222,0,Fibroblast singlet,Fibroblast singlet,,0,6.2643036135435
PC1_cellid_000157108-1,PC1_A2,PASC,PC1,doublet_certain,Duct2,Fibroblast,Duct2__Fibroblast,FALSE,FALSE,316.034037986989,337.112357555964,TRUE,spatially_supported_contact,Supported Duct2-Fibroblast doublet,377,344,11511.3523765784,18526.1814630481,157108,TRUE,79.8991142543079,40.0370510781567,10.086164377894,10.022734968617,9.99546272929333,1.00272846163487,0.0737202229894484,179.804452022427,0.626365263093492,0.908607415979089,0.901867650460181,0.797540624901481,1.26353177385571,11512.4248287671,18524.35,3150.4668531783,5069.33608859214,TRUE,55.9542055776441,31.9911794398493,8.44056320607205,8.0090981641399,7.99997632908481,1.00114023241322,0.047713426208106,89.7383772446093,0.687040113574581,0.93299992506511,0.926580412725923,0.873293877657132,1.20644895772095,11508.75,18524.35,3149.4612069835,5069.33608859214,23.9449086766638,0.700310711737635,2.33678926530248,1.00564619479655,0.199411025861632,89.9339252221824,0.822800585910972,TRUE,TRUE,TRUE,TRUE,TRUE,FALSE,TRUE,PC1_A2,8.06148561416745,9.00478532914177,TRUE,TRUE,30,1.03703414519619,-0.181529167849257,0.307293419210699,Supported Duct2-Fibroblast,Supported Duct2-Fibroblast,9.00478532914177,0,4.67377040745382
PC1_cellid_000157115-1,PC1_A2,PASC,PC1,singlet,Fibroblast,Tcell,,FALSE,FALSE,163.988622912166,166.240881121675,,,Fibroblast singlet,107,97,11596.2701427731,18466.3263431472,157115,TRUE,40.1002706090815,32.0183890477839,7.14543562661254,8.0455444335301,7.9908128363062,1.00684931503087,0.116443830942582,90.0000000029033,0.491539261619053,0.769678022124937,0.86376066990933,0.623736138284344,1.4263328790046,11596.2916666667,18469.25,3173.41768211428,5054.25753423091,TRUE,15.9632724511048,19.9771258120338,4.50833336701359,7.99770110585494,1.99769149426768,4.00347156597919,0.968301784331392,89.8037823450778,0.502650108399444,0.999999999953087,0.999999999863014,0.999144578188568,1.41048057482722,11592.6,18465.6,3172.40742809401,5053.25868262622,24.1369981579767,0.398083908279382,0.661361132814096,1.42067509081693,0.397645479178148,0.1962176578255,1.31855112979948,TRUE,TRUE,TRUE,TRUE,TRUE,TRUE,FALSE,,,,,,,-0.367460388812933,0.72917689117489,0,Fibroblast singlet,Fibroblast singlet,,0,5.23599445766374
PC1_cellid_000157125-1,PC1_A2,PASC,PC1,singlet,Fibroblast,Myeloid,,FALSE,FALSE,356.023280355281,363.387241964572,,,Fibroblast singlet,518,389,11681.8382686951,18927.4043355767,157125,TRUE,168.08129169803,59.9864833249481,14.6290036338808,18.0068818329673,12.0045185763713,1.50000866043106,0.745359435320326,89.7387748517488,0.586978827173387,0.912855501435095,0.901912329472309,0.7775639447165,1.30523521310453,11682.0329787234,18932.9,3196.88147585022,5181.13905382408,TRUE,19.9540905638843,23.9727384094872,5.04046993693686,9.99961215101138,1.99767321973545,5.0056295687026,0.979841783817583,89.6860536633278,0.436321396106798,0.999999999962469,0.999999999885846,0.998905342145034,1.51389845099563,11682.05,18936.65,3196.88613385829,5182.16527122616,148.127201134145,0.118716903952322,0.134709158140824,1.02622797339134,0.14030046032822,0.0527211884209748,4.79426684847196,TRUE,TRUE,TRUE,TRUE,TRUE,TRUE,FALSE,,,,,,,-0.367460388812933,0.968513356054502,0,Fibroblast singlet,Fibroblast singlet,,0,6.29441793074952
PC1_cellid_000157126-1,PC1_A2,PASC,PC1,doublet_certain,Duct2,Fibroblast,Duct2__Fibroblast,FALSE,FALSE,261.831896965116,284.527773537671,TRUE,spatially_supported_contact,Supported Duct2-Fibroblast doublet,389,346,11734.5920039418,18039.0910086707,157126,TRUE,55.9819143917125,35.9867414093302,8.44265285283642,10.0159023862448,7.99997632704573,1.25199150264452,0.601692974825225,89.7383772532259,0.543216012751325,0.84873858939038,0.837401795239739,0.698664956610953,1.35679338680402,11733.5581073525,18041.15,3210.98173815519,4937.10455560946,TRUE,15.9640213379746,15.9820005445998,4.50843911575894,3.99550013857708,3.9955001377283,0.999999999527517,2.06122651868753e-05,179.607569292973,0.785398163395164,0.999999999953102,0.999999999828771,0.999999998950615,1.12837916629883,11740.85,18041.15,3212.9772227229,4937.10455560946,40.0178930537379,0.285163905318077,0.398922084992036,1.99548456771527,0.472715057167773,89.8691920397475,1.96710686853874,TRUE,TRUE,TRUE,TRUE,TRUE,FALSE,TRUE,PC1_A2,7.05899837655197,14.7834105211279,TRUE,TRUE,30,0.654265761755326,-0.4702116703065,0.196701478521398,Supported Duct2-Fibroblast,Supported Duct2-Fibroblast,14.7834105211279,0,4.6427334060289
PC1_cellid_000157133-1,PC1_A2,PASC,PC1,doublet_certain,Fibroblast,Duct2,Duct2__Fibroblast,FALSE,FALSE,308.812736842756,337.231878424734,TRUE,spatially_supported_contact,Supported Duct2-Fibroblast doublet,389,346,11381.3447292277,18327.8733312802,157133,TRUE,124.018286233672,51.9960459045838,12.566025079674,14.0059124894005,12.024636192959,1.16476808624066,0.512746582693607,89.843025658512,0.576441119189516,0.88561336520144,0.866816551055139,0.736380656154818,1.31711144492894,11383.814760274,18327.45,3115.27168241286,5015.45283353359,TRUE,31.9272937890838,23.972750904687,6.37582096742364,6.00229394407595,5.99317210604496,1.00152203793397,0.0551102627195347,89.7383772302247,0.698129881362035,0.941177769171786,0.951185099544249,0.887540335282419,1.19682840016399,11372.9081050228,18342.1,3112.28698923494,5019.46192285105,92.0909924445883,0.25744021108591,0.346692905984565,4.99811869824022,0.795497169326821,0.104648428287319,3.09510205612518,TRUE,TRUE,TRUE,TRUE,TRUE,FALSE,TRUE,PC1_A2,10.5955907515992,9.4869774207189,TRUE,TRUE,30,-0.367460388812933,0.0858853330531147,0,Supported Duct2-Fibroblast,Supported Duct2-Fibroblast,10.5955907515992,0,5.04498290451345
PC1_cellid_000157141-1,PC1_A2,PASC,PC1,singlet,Duct2,Endothelium,,FALSE,FALSE,266.997622215874,271.845937526011,,,Duct2 singlet,330,302,11030.6271004726,18435.6701948986,157141,TRUE,67.953619843178,40.0096451771247,9.30167920282324,12.0190880780277,8.00180410148739,1.50204727852349,0.746167728259806,179.843025656701,0.533449190597089,0.849620786508911,0.86974551901325,0.706566696796523,1.36915768868494,11029.775,18442.05,3018.3858789405,5046.81403734116,TRUE,15.9632724511086,19.9772820006647,4.50833336701413,6.00229394577531,4.00448660303657,1.49889225178628,0.744915018567433,179.738377253283,0.502642248679174,0.799999999969992,0.882844177938818,0.664137221489722,1.41049160249098,11033.4,18431.15,3019.37788909584,5043.83116542578,51.9903473920694,0.234914232466191,0.307043004111053,3.14350266611457,0.675900037146294,0.104648403418707,2.39667291790455,TRUE,TRUE,TRUE,TRUE,TRUE,TRUE,FALSE,,,,,,,0.64696715528143,-0.727588591889299,0.0981024536265815,Duct2 singlet,Duct2 singlet,,3.44371490765316,0
PC1_cellid_000157144-1,PC1_A2,PASC,PC1,doublet_certain,Duct2,Fibroblast,Duct2__Fibroblast,FALSE,FALSE,414.944518480527,452.573381440181,TRUE,spatially_supported_contact,Supported Duct2-Fibroblast doublet,672,566,11997.666974283,18641.9100150818,157144,TRUE,239.999518613636,79.9637502670829,17.4807573582006,22.6467887387365,15.557849415039,1.45565033640584,0.726678056730864,134.738377258055,0.471665299524889,0.857006474177137,0.796438681511872,0.681167907121259,1.45607262432304,11991.6001141553,18646.8,3281.59699091481,5102.84550749473,TRUE,40.1272305362842,28.0229667254705,7.14783720712086,8.01138392617911,6.02053383991743,1.3306766701352,0.659736101517057,89.8037823437137,0.642126848322642,0.909534560006256,0.945972823278638,0.831948878218515,1.24792816155047,12000.6999143836,18646.75,3284.08722380808,5102.83182459603,199.872288077352,0.167197129254293,0.200764352678781,2.49027048418742,0.284915628117225,44.9345949143415,5.16646007553987,TRUE,TRUE,TRUE,TRUE,TRUE,FALSE,TRUE,PC1_A2,24.9878382287882,13.3290061590739,TRUE,TRUE,30,0.246959345728166,0.190709353201516,0.255302015524181,Supported Duct2-Fibroblast,Supported Duct2-Fibroblast,24.9878382287882,0,4.65554639331316
PC1_cellid_000157146-1,PC1_A2,PASC,PC1,singlet,Fibroblast,Bcell,,FALSE,FALSE,156.354275240561,159.360557369462,,,Fibroblast singlet,122,107,11796.0623673193,18635.9584192735,157146,TRUE,47.999903722728,36.0417485395873,7.8176323502233,10.0105583046658,8.01273513532091,1.24933098775716,0.599428378978782,179.686053661084,0.464342596675425,0.799638200975576,0.856352769245619,0.598413358292227,1.4675088769686,11790.5501712329,18640.25,3226.57807088438,5101.05304776576,TRUE,11.9724543383297,15.9816256750595,3.90433122456298,3.99540641835669,3.99540641794901,0.999999999417106,1.42855047258217e-05,5.839198639377e-09,0.589048622546313,0.857142857096879,0.926776695137951,0.750000000194528,1.30294003067892,11797.85,18636.55,3228.57572723452,5100.04051326237,36.0274493843983,0.249426632290649,0.332314791626388,2.23961090678743,0.572963987234274,0.31394634475572,1.95665056283016,TRUE,TRUE,TRUE,TRUE,TRUE,TRUE,FALSE,,,,,,,-0.367460388812933,0.318909235975533,0,Fibroblast singlet,Fibroblast singlet,,0,6.01819426771044
PC1_cellid_000157163-1,PC1_A2,PASC,PC1,doublet_certain,Fibroblast,Duct2,Duct2__Fibroblast,FALSE,FALSE,318.578271876566,346.698880566462,TRUE,spatially_supported_contact,Supported Duct2-Fibroblast doublet,375,320,11514.5204527681,18454.6241484208,157163,TRUE,99.9082480028921,48.0001332722468,11.2786139309088,12.0137952786258,11.9930609040938,1.00172886404534,0.0587263336018842,89.8044520183357,0.544911935828264,0.847043958864299,0.875139800057742,0.693411559057155,1.35468037544153,11512.199914968,18458.55,3150.40530372372,5051.32939391031,TRUE,15.9632724511103,15.9818131098301,4.50833336701436,4.02286529140763,3.99531270196592,1.00689622784036,0.11683785269661,89.6075692677047,0.785379741197452,0.999999999953087,0.999999999828769,0.993197596278092,1.12839240008949,11508.55,18458.6,3149.40647538872,5051.343076809,83.9449755517818,0.159779325216977,0.190163524907594,0.998922051270915,0.17713560471505,0.196882750630934,3.38514028194722,TRUE,TRUE,TRUE,TRUE,TRUE,FALSE,TRUE,PC1_A2,9.03561243543438,17.8298344568759,TRUE,TRUE,30,0.123815319835127,0.21456625944892,0.204133545107559,Supported Duct2-Fibroblast,Supported Duct2-Fibroblast,17.8298344568759,3.32022831912849,5.58974242527865
PC1_cellid_000157193-1,PC1_A2,PASC,PC1,doublet_certain,Fibroblast,Duct2,Duct2__Fibroblast,FALSE,FALSE,474.702216382981,525.330935643417,TRUE,spatially_supported_contact,Supported Duct2-Fibroblast doublet,674,560,11996.1309391315,18456.8791618048,157193,TRUE,163.981136102715,64.0096368260431,14.4494728996104,20.0045475314577,12.0081567964804,1.66591325096307,0.799796413939576,89.8434545400275,0.5029363536191,0.863039506845848,0.82888760338514,0.682635403117928,1.41007913228617,11998.174795082,18453.05,3283.39620477618,5049.82427505393,TRUE,59.8360606513166,35.986808246907,8.72843849851896,12.0082167758226,6.0041083879115,1.99999999908837,0.866025403784429,89.8430256564783,0.580612254892317,0.908295156127843,0.924445670454918,0.829919465113485,1.31237183317006,12001.8776027397,18460.4,3284.4095076175,5051.835661162,104.145075451398,0.364896000050807,0.574545271451603,2.25221151848393,0.311736148579827,0.00042888354914794,2.86051720054572,TRUE,TRUE,TRUE,TRUE,TRUE,FALSE,TRUE,PC1_A2,11.6830241050033,8.93205355675893,TRUE,TRUE,30,0.557464146848871,0.546730814419992,0.384322125230225,Supported Duct2-Fibroblast,Supported Duct2-Fibroblast,11.6830241050033,0,4.78494151051734
PC1_cellid_000157221-1,PC1_A2,PASC,PC1,singlet,Duct2,Fibroblast,,FALSE,FALSE,264.428895689794,268.231637428194,,,Duct2 singlet,288,260,11350.2747650222,18319.4027527174,157221,FALSE,95.9170554466833,48.0002333905666,11.0510356079995,15.0255142244552,9.21323680049349,1.63086161197848,0.78994879789662,103.85141901493,0.523141295882293,0.827592779852632,0.872145717136469,0.692873992828267,1.38258072500335,11350.8563356164,18316.7,3106.25234669854,5012.5110103143,TRUE,16.0183156358113,20.0321360123733,4.51609930222582,6.02047542349705,3.99540641998792,1.50684931306479,0.748055329699312,90.000000019404,0.501616935359668,0.799458045195361,0.881802892942313,0.665924657535186,1.41193240070689,11347.3,18331.35,3105.27912709928,5016.52009963176,79.898739810872,0.16700174499253,0.200482706882779,4.12552463860658,0.746631316282057,13.8514189955265,3.26746815288683,TRUE,TRUE,TRUE,TRUE,TRUE,TRUE,FALSE,,,,,,,-0.367460388812933,-0.781738376742543,0,Duct2 singlet,Duct2 singlet,,0,0
PC1_cellid_000157227-1,PC1_A2,PASC,PC1,singlet,Fibroblast,Endothelium,,FALSE,FALSE,386.82697028901,401.143809245248,,,Fibroblast singlet,413,346,11521.5782669292,18215.5431547151,157227,TRUE,176.064051253874,63.9823267241954,14.9723649589071,18.0160036693221,13.9931484340275,1.28748749795213,0.629862606039922,89.7383772590236,0.540456191387455,0.880158884659299,0.834773060905849,0.698388031611983,1.36025318571379,11522.2329726651,18213.65,3153.15092996503,4984.31055610514,TRUE,63.963176173834,36.0137638179191,9.02443601070933,12.0027436375052,6.01497969195001,1.99547533769864,0.865369854128702,89.8430256561045,0.61973048636019,0.941271765473477,0.934471549508667,0.885962470324293,1.27027739398723,11518.6201639344,18217.4,3152.16225604774,4985.33677350722,112.10087508004,0.363294924288491,0.570585877429223,1.42499062139718,0.190349436899874,0.104648397080851,2.9739644740989,TRUE,TRUE,TRUE,TRUE,TRUE,TRUE,FALSE,,,,,,,-0.367460388812933,0.800533564990223,0,Fibroblast singlet,Fibroblast singlet,,0,5.58853556655487
PC1_cellid_000157228-1,PC1_A2,PASC,PC1,singlet,Fibroblast,Endothelium,,FALSE,FALSE,134.317342031524,136.394832215259,,,Fibroblast singlet,115,90,11948.9468351441,18344.3391375843,157228,TRUE,43.8724137567728,31.9640479285218,7.47396093902732,10.009169136882,5.99316820199246,1.67009648235536,0.800922667628248,89.8037823369166,0.539607337542888,0.846068859928234,0.879248396491473,0.7313698183215,1.36132266903336,11950.2624143836,18340.05,3270.2845997501,5018.90092400458,TRUE,19.9267561932482,19.9775631462247,5.03701637713636,6.01141578117062,3.99548972197072,1.5045504294498,0.747154526136344,89.7383772387911,0.627424462122679,0.908962030474316,0.941417417462085,0.829640266337592,1.26246479486354,11946.5834474886,18340.05,3269.27782112362,5018.90092400458,23.9456575635247,0.454197854241151,0.832165754148261,1.00677862648035,0.269409656271841,0.0654050981254954,1.21847228094548,TRUE,TRUE,TRUE,TRUE,TRUE,TRUE,FALSE,,,,,,,-0.367460388812933,0.789655375842667,0,Fibroblast singlet,Fibroblast singlet,,0,6.4129599017975
PC1_cellid_000157238-1,PC1_A2,PASC,PC1,singlet,Fibroblast,Bcell,,FALSE,FALSE,198.083939237091,213.515103968927,,,Fibroblast singlet,150,131,11653.3857026374,18523.8464286193,157238,TRUE,55.8722024657414,31.9635168839364,8.43437594791882,7.99997632704603,7.99085449124946,1.00114153412089,0.0477406071008981,179.738377267391,0.687221186152179,0.933334167322131,0.92677730351279,0.874004899276885,1.20629000655706,11654.9498287671,18523.8,3189.46995590668,5069.1855767065,TRUE,23.9999518613627,20.0046162819335,5.52790084766607,6.02053762020877,3.99548953289361,1.50683353479468,0.748049164816827,89.7395664321857,0.753632786248785,0.999999999968796,0.999999999863203,0.997711777399234,1.15191413588297,11654.9498863636,18520.15,3189.46997166843,5068.18672510181,31.8722506043787,0.429550846358401,0.753004616829142,0.998851604814931,0.236852520830038,89.998810835205,1.45323755012637,TRUE,TRUE,TRUE,TRUE,TRUE,TRUE,FALSE,,,,,,,-0.367460388812933,0.280580673187534,0,Fibroblast singlet,Fibroblast singlet,,0,5.30330490805908
PC1_cellid_000157287-1,PC1_A2,PASC,PC1,singlet,Fibroblast,Myeloid,,FALSE,FALSE,202.225881582761,203.939144205471,,,Fibroblast singlet,181,144,11813.0588099094,18789.9744917489,157287,TRUE,55.9545800210789,35.9865477401482,8.44059144799022,9.99398912636179,7.99631590437191,1.24982419935128,0.599849933391375,89.6860536691321,0.542956619903466,0.875162518291341,0.869385052824963,0.700175362129298,1.35711744628059,11816.6997260274,18789.95,3233.73410506752,5142.01964645679,TRUE,11.9724543383292,15.9817506323861,3.9043312245629,6.00229394568106,1.99768238297063,3.0046287581177,0.942990439113774,179.738377248432,0.589039411333443,0.9999999999375,0.999999999828768,0.998480274690886,1.30295021812209,11813.05,18790,3232.73532843762,5142.03332935549,43.9821256827496,0.213967370172011,0.272211816726786,0.998870351025804,0.236682548803335,89.9476764207002,2.26813011171366,TRUE,TRUE,TRUE,TRUE,TRUE,TRUE,FALSE,,,,,,,-0.367460388812933,1.16846347831324,0,Fibroblast singlet,Fibroblast singlet,,0,6.21107700958101
PC1_cellid_000157307-1,PC1_A2,PASC,PC1,singlet,Fibroblast,Myeloid,,FALSE,FALSE,141.487630446127,149.023010341799,,,Fibroblast singlet,107,93,11790.2822728097,18555.7459303538,157307,TRUE,64.0182193585407,39.9819139017593,9.02831814187028,10.0297043562199,9.98846918957184,1.00412827662754,0.0905853507863172,89.6075692920639,0.503252910274296,0.800412919407684,0.859949314083071,0.639023050864655,1.40963557763547,11793.9498287671,18559.8,3227.50841427711,5079.03726376647,TRUE,12.0274975230346,16.0094594086675,3.91329598555129,4.02286529602042,4.00908963277147,1.0034361068883,0.082685888909705,89.6102388046805,0.589700920182643,0.857703604760554,0.926903999746347,0.745751300552076,1.30221920777454,11790.262755102,18556.25,3226.49941716835,5078.06577795917,51.9907218355061,0.18787616465548,0.231339306247278,1.40066407081753,0.310282390519425,0.00266951261669135,2.5575110781595,TRUE,TRUE,TRUE,TRUE,TRUE,TRUE,FALSE,,,,,,,-0.367460388812933,0.364747625862911,0,Fibroblast singlet,Fibroblast singlet,,0,5.92647732718933
PC1_cellid_000157319-1,PC1_A2,PASC,PC1,singlet,Duct2,Myeloid,,FALSE,FALSE,134.687592555434,137.292407074691,,,Duct2 singlet,143,135,11354.6685157042,18679.6333333333,157319,TRUE,35.9720317562655,31.9914605775969,6.7676445929545,9.90747694397289,5.66970848551642,1.7474402721939,0.820068323033685,135.000000000002,0.441678943660798,0.782395530458783,0.816839518513512,0.640385025588759,1.50468867427226,11354.075,18678.45,3107.13315987237,5111.50678236828,TRUE,16.0179411923811,20.0048664649518,4.51604651784965,5.99310962855524,4.02277221696914,1.48979591715329,0.741246534628771,179.999999996107,0.502973663605515,0.800531466931139,0.883000234351919,0.664399092770089,1.4100268316378,11350.425,18678.45,3106.13430826768,5111.50678236828,19.9540905638843,0.445288753675647,0.802739725625243,0.998851604691936,0.295184414021964,44.9999999961052,1.12579903755242,TRUE,TRUE,TRUE,TRUE,TRUE,TRUE,FALSE,,,,,,,-0.367460388812933,-0.983669293915148,0,Duct2 singlet,Duct2 singlet,,0,0
PC1_cellid_000157331-1,PC1_A2,PASC,PC1,singlet,Fibroblast,Duct2,,FALSE,FALSE,287.165660637591,287.712219194719,,,Fibroblast singlet,325,251,11949.9802970499,18387.744670058,157331,TRUE,132.054216757055,55.9916552043807,12.966751745295,14.0112882655118,14.0112882614345,1.00000000009569,2.41247912915552e-05,90,0.529316613667664,0.85701371540358,0.822234363293851,0.672660827594998,1.3744920656355,11954.0747440273,18391.1,3271.3278741562,5032.87116357156,TRUE,23.9999518613594,24.0274974811076,5.52790084766569,8.01138392414118,4.0090658065833,1.99831689106153,0.865782126952379,89.8037823437136,0.522399982653195,0.855752413227024,0.935342040025027,0.747239189926077,1.38356135445488,11939.462329932,18391.2,3267.32907052126,5032.89852936895,108.054264895696,0.181743169199174,0.222110176607145,3.99889727270998,0.616792446572912,0.196217656286379,3.71942544881467,TRUE,TRUE,TRUE,TRUE,TRUE,TRUE,FALSE,,,,,,,-0.367460388812933,0.956074539942869,0,Fibroblast singlet,Fibroblast singlet,,0,5.91412651184157
PC1_cellid_000157335-1,PC1_A2,PASC,PC1,singlet,Duct2,Endothelium,,FALSE,FALSE,256.025742979391,260.914302143014,,,Duct2 singlet,343,322,11041.954981763,18360.3923571341,157335,TRUE,68.0637062125882,39.9819135482324,9.30921061696982,10.0159168284518,10.0022340104019,1.00136797592372,0.0522527371642572,89.8037823580424,0.535054851329857,0.829725757263908,0.861825616959446,0.679403645926618,1.3671017737419,11044.0877545196,18358.05,3022.30267834309,5023.82676753457,TRUE,20.0368425626563,19.9775631462247,5.05091083888902,6.01141578052318,4.01373339946937,1.49771177558014,0.744443726685471,179.73837725089,0.630890700201927,0.909432358908538,0.942385439581433,0.830431847683268,1.25899190267542,11049.5998287671,18357.95,3023.81110141358,5023.79940173718,48.0268636499319,0.294383654294845,0.417200729669398,1.50867128509224,0.324124427714812,89.9345948928474,2.1291498890404,TRUE,TRUE,TRUE,TRUE,TRUE,TRUE,FALSE,,,,,,,0.57304708022748,-0.791306882859749,0.0736924897533074,Duct2 singlet,Duct2 singlet,,0,0
PC1_cellid_000157343-1,PC1_A2,PASC,PC1,singlet,Fibroblast,Myeloid,,FALSE,FALSE,187.96284169239,200.172065573342,,,Fibroblast singlet,205,184,11865.2040466211,18961.5347743059,157343,TRUE,87.9088337373601,43.9499860470703,10.5796504406316,11.9954660510562,9.99765871205559,1.19982751894782,0.552590157385639,89.7383772551507,0.571906324640231,0.862894422487418,0.88085104193402,0.73302212829236,1.32232299457504,11868.5437785388,18965.2,3247.92164343594,5189.97820638066,TRUE,19.9544650073158,24.0273105239271,5.04051722954585,8.01822533409511,4.00229460458792,2.00340707538649,0.866515780346823,89.804452023732,0.434349804395557,0.766810078110764,0.929572670739374,0.621802950057834,1.51733048912385,11864.8686860068,18957.85,3246.91592505978,5187.96682027259,67.9543687300442,0.226990441764507,0.293645064729401,2.24880935783747,0.425119783721707,0.0660747685813448,2.76956660554285,TRUE,TRUE,TRUE,TRUE,TRUE,TRUE,FALSE,,,,,,,-0.367460388812933,0.119171391432952,0,Fibroblast singlet,Fibroblast singlet,,0,4.99275277343443
PC1_cellid_000157358-1,PC1_A2,PASC,PC1,doublet_certain,Duct2,Fibroblast,Duct2__Fibroblast,FALSE,FALSE,442.336602051253,483.153458750448,TRUE,spatially_supported_contact,Supported Duct2-Fibroblast doublet,591,497,11512.3323006164,18491.473577787,157358,TRUE,123.990577419596,48.0002332883191,12.5646212177358,14.0113855059835,10.0159939990416,1.39890114785372,0.699281103754398,179.843454542618,0.676257119474221,0.939323107990431,0.90231362018378,0.883514221486283,1.21602939922791,11512.3247716895,18491.45,3150.43947176116,5060.33274125122,TRUE,63.9085074325623,35.9865077669859,9.02057863488476,10.0227582364558,7.99085969604781,1.25427783921429,0.603620843770963,89.8037823419731,0.620139124498655,0.888299035059263,0.892326453064344,0.797954107810802,1.26985880297308,11508.6437214612,18491.5,3149.4321230139,5060.34642414992,60.0820699870338,0.515430355736916,1.06368684427346,1.00744167092844,0.160361645905053,89.9603277993551,1.77202129142552,TRUE,TRUE,TRUE,TRUE,TRUE,FALSE,TRUE,PC1_A2,12.8001167707504,12.733716254034,TRUE,TRUE,30,0.0556454663035724,-0.232817713891913,0.175807793139985,Supported Duct2-Fibroblast,Supported Duct2-Fibroblast,12.8001167707504,0,5.03229413194231
PC1_cellid_000157371-1,PC1_A2,PASC,PC1,singlet,Fibroblast,Myeloid,,FALSE,FALSE,188.550834824611,202.547736608553,,,Fibroblast singlet,167,133,11868.9185940584,18788.5997708817,157371,TRUE,99.9089968897638,51.9689158715596,11.2786562016434,14.0192138986209,11.9980697730427,1.16845577335462,0.517256498843054,89.7757515153488,0.464865320461497,0.819506981253402,0.866523962485787,0.593976897135103,1.46668356546697,11867.9069471624,18793.4,3247.74736945177,5142.96376646671,TRUE,28.0184787882117,23.972907092921,5.9727912383135,6.0068390663741,6.00683906614933,0.999999999581842,8.65090374981351e-06,179.607569290745,0.612650809707344,0.87532315608886,0.903172946182138,0.776519844986688,1.27759585421743,11878.8,18782.4,3250.72834022075,5139.95352875394,71.8905181015521,0.280439996973665,0.389738167483166,4.23647469164049,0.751237489358141,89.8318177753964,2.65293248166496,TRUE,TRUE,TRUE,TRUE,TRUE,TRUE,FALSE,,,,,,,-0.367460388812933,-0.00743266799564665,0,Fibroblast singlet,Fibroblast singlet,,0,5.19651007826586
PC1_cellid_000157408-1,PC1_A2,PASC,PC1,singlet,Fibroblast,Myeloid,,FALSE,FALSE,269.566588889936,271.572640308211,,,Fibroblast singlet,287,208,11846.4290024198,18651.6590019804,157408,TRUE,88.0462544774004,56.019158567263,10.5879163656709,13.4255442320448,11.6363838033467,1.15375570759587,0.498769607210656,116.407861506425,0.35257181161709,0.66646165008677,0.777375955708053,0.563586976431048,1.68413230388854,11845.4253424658,18651,3241.59509906073,5103.99487098505,TRUE,23.9729919341594,27.9685009332657,5.52479513974852,9.88337980105807,4.25233915148269,2.32422190296171,0.902709051803021,134.804452023959,0.385117917279978,0.749578513540202,0.832626535504166,0.570412270558432,1.61139917743177,11852.7253424658,18651,3243.59280227011,5103.99487098505,64.073262543241,0.272277248745317,0.374149699560551,1.99770320938205,0.377355305163844,18.3965905175345,2.53156061296119,TRUE,TRUE,TRUE,TRUE,TRUE,TRUE,FALSE,,,,,,,-0.367460388812933,1.47617873660768,0,Fibroblast singlet,Fibroblast singlet,,0,6.54802440114199
PC1_cellid_000157441-1,PC1_A2,PASC,PC1,singlet,Duct2,Myeloid,,FALSE,FALSE,421.215894634062,425.736676981083,,,Duct2 singlet,475,417,11284.9924203264,18841.8167529855,157441,TRUE,111.990414267196,60.0133967287919,11.9411316078614,21.2081928340563,8.49488745839752,2.49658314263588,0.916276019598131,45.0000000023402,0.390745781937997,0.823188605238639,0.810483724945853,0.621612240755899,1.59975269551304,11283.4,18843.1,3087.79238256784,5156.56456776894,TRUE,35.9727806431259,27.9954918808978,6.76771503898557,8.00449541956955,6.00683906614932,1.33256365415732,0.660946307162933,89.6075692777691,0.576776647737669,0.856773388016385,0.903402792399089,0.748159254525531,1.31672828698359,11287.0626712329,18850.4,3088.79470175645,5158.56227097832,76.0176336240703,0.321213033055551,0.473216264745753,2.23505299011656,0.374345256340975,44.6075692754289,2.58670828443793,TRUE,TRUE,TRUE,TRUE,TRUE,TRUE,FALSE,,,,,,,0.608226043603127,-0.983669293915148,0,Duct2 singlet,Duct2 singlet,,0,0
PC1_cellid_000157460-1,PC1_A2,PASC,PC1,singlet,Fibroblast,Tcell,,FALSE,FALSE,205.952705656585,206.832328201391,,,Fibroblast singlet,183,154,11093.6367358538,18979.8807069799,157460,TRUE,52.0457650202055,40.0091859817631,8.14043771302992,12.0204497327624,8.01138392414019,1.50042113104029,0.74552331280533,179.803782338437,0.408578801175832,0.787757022048982,0.842804893757227,0.54045200869097,1.56445143125371,11093.9,18979.05,3035.93419651606,5193.76836931901,TRUE,28.0458131588412,31.9641884975916,5.97570400690081,11.3200664301241,4.25711899792207,2.65909090828157,0.926591914823904,44.9999999926957,0.344945540145845,0.737596754165793,0.817545247622191,0.581973582161569,1.70264745132227,11090.2501712329,18979.05,3034.93539177061,5193.76836931901,23.9999518613643,0.538868304511701,1.1685778917042,0.998804745448979,0.245393375198073,45.1962176542591,1.08236685306455,TRUE,TRUE,TRUE,TRUE,TRUE,TRUE,FALSE,,,,,,,-0.367460388812933,0.638844151254849,0,Fibroblast singlet,Fibroblast singlet,,0,6.7101236766417
PC1_cellid_000157473-1,PC1_A2,PASC,PC1,singlet,Duct2,Myeloid,,FALSE,FALSE,485.27462464168,491.301730742453,,,Duct2 singlet,789,663,11313.012970624,18454.6616817902,157473,TRUE,175.95396488447,67.9502992574737,14.9676833926914,16.018196330321,15.9999526540918,1.00114023296718,0.0477134342022621,179.738377259193,0.478879420638443,0.830152813352822,0.802557841761096,0.686541425786178,1.44506343772361,11307.5499232047,18459.3,3094.40120162157,5051.53463739073,TRUE,84.1640249603041,40.0370959119399,10.3518580372577,10.0160271525233,10.0160271525221,0.999999999726894,4.78696179515392e-07,89.739566443354,0.659798347738427,0.913105650359642,0.882871777834283,0.838948902189091,1.23110299552721,11314.8248858447,18448.4,3096.39205315777,5048.55176547535,91.7899399241663,0.478329800699757,0.916919926308573,3.58622569043668,0.479195823636388,89.9988108158392,2.30791267771686,TRUE,TRUE,TRUE,TRUE,TRUE,TRUE,FALSE,,,,,,,0.582177841183009,-0.983669293915148,0,Duct2 singlet,Duct2 singlet,,0,0
PC1_cellid_000157497-1,PC1_A2,PASC,PC1,doublet_certain,Fibroblast,Duct2,Duct2__Fibroblast,FALSE,FALSE,457.487336574135,501.519861987958,TRUE,spatially_supported_contact,Supported Duct2-Fibroblast doublet,568,461,11475.0545245734,18733.069562255,157497,TRUE,108.081599266329,59.9320115696009,11.7308894055016,20.8705771192892,8.85808008897871,2.3561061655797,0.905461178715044,161.329912499327,0.378132422408215,0.750855177756035,0.832733956667797,0.584625428461769,1.62621529509622,11469.3880136986,18732.8,3138.68948556406,5126.38009324909,TRUE,39.9901842396738,31.9636574530067,7.13562078415029,10.0160273416127,6.00216898804578,1.66873464525815,0.800557122951577,179.738377254636,0.491869998227617,0.833618233605235,0.880016111769919,0.665196085698002,1.42585326058035,11487.6,18725.4,3143.67334083577,5124.35502424232,68.0914150266556,0.369999930676747,0.587301412639845,5.37956483849036,0.917162312824433,18.4084647553085,2.29763431067566,TRUE,TRUE,TRUE,TRUE,TRUE,FALSE,TRUE,PC1_A2,7.61870142475189,14.2071366551221,TRUE,TRUE,30,1.4185997848521,0.659485891697813,0.629479512210963,Supported Duct2-Fibroblast,Supported Duct2-Fibroblast,14.2071366551221,0,4.95473540860683
PC1_cellid_000157507-1,PC1_A2,PASC,PC1,singlet,Duct2,Myeloid,,FALSE,FALSE,481.064735790431,489.654562771657,,,Duct2 singlet,787,644,11134.6577865729,18734.3764198034,157507,TRUE,180.13574914826,64.0093494992638,15.1445026077471,18.0204127257208,14.0113934558908,1.28612566472644,0.628847085368116,179.804452027752,0.552488123540571,0.865395581600126,0.834632985040512,0.713434074255575,1.34536004761914,11129.55,18737.8,3045.69010328517,5127.74838311853,TRUE,44.0087111665168,27.9953822611828,7.48556152670173,8.0113839261791,5.99991589488392,1.33524937063807,0.662656154337685,179.803782358296,0.705627844919366,0.956625427300104,0.958199268787817,0.915558170576661,1.19045270092996,11136.7831050228,18723,3047.66950015064,5123.69824510499,136.127037981743,0.244308591560316,0.323291476959826,4.50795184976049,0.59532517647707,0.000669669455845678,3.82947054052266,TRUE,TRUE,TRUE,TRUE,TRUE,TRUE,FALSE,,,,,,,-0.367460388812933,-0.836110740664392,0,Duct2 singlet,Duct2 singlet,,0,2.61786873595803
PC1_cellid_000157547-1,PC1_A2,PASC,PC1,singlet,Fibroblast,Myeloid,,FALSE,FALSE,203.23747730966,203.546360007511,,,Fibroblast singlet,222,164,11865.2605900565,18622.0100952033,157547,TRUE,88.1275087024533,47.9731799708653,10.5928008127669,16.0160201592555,8.01138392210128,1.99915773722948,0.865903748340337,179.803782337036,0.481198586159551,0.880391724110698,0.871013343125717,0.686830135046557,1.44157694661901,11859.95,18625.35,3245.56988741296,5096.97554395483,TRUE,27.963435603503,27.9955849541682,5.96692148574415,8.01817863451096,5.99310962896292,1.337899542518,0.664329013390735,90,0.448354258880291,0.776767697764172,0.862034021714288,0.581919054907182,1.4934454017782,11870.949829932,18625.35,3248.58007858526,5096.97554395483,60.1640730989503,0.317306548341715,0.46478627789818,3.01019117229589,0.568346600643034,89.8037823370361,2.31293966351139,TRUE,TRUE,TRUE,TRUE,TRUE,TRUE,FALSE,,,,,,,-0.367460388812933,0.806779635214036,0,Fibroblast singlet,Fibroblast singlet,,0,6.89971402558133
PC1_cellid_000157620-1,PC1_A2,PASC,PC1,singlet,Fibroblast,Duct2,,FALSE,FALSE,160.140361790684,164.525451014346,,,Fibroblast singlet,113,98,11761.8346635844,18112.9208289729,157620,TRUE,23.9729919341594,24.0001166954812,5.52479513974852,6.01141578322783,6.00229394402988,1.00151972504883,0.0550684694454349,179.738377257792,0.523004464971885,0.855613615383211,0.902148928675466,0.664397840440717,1.38276157144219,11763.0252283105,18110.55,3219.04565077286,4956.09641899729,TRUE,11.9997887089645,15.9819068206196,3.90878568262831,4.02277221533791,3.99540641794901,1.00684931438029,0.116443828369961,0,0.590372710795278,0.857421874954157,0.926777983245005,0.746598639724749,1.30147809319337,11755.7625,18117.85,3217.05814725851,4958.09412220667,11.973203225195,0.500554488022009,1.0022204144745,2.81797592827384,1.02011960508672,0.261622742207834,0.808004728560105,TRUE,TRUE,TRUE,TRUE,TRUE,TRUE,FALSE,,,,,,,-0.367460388812933,-0.0151331768385689,0,Fibroblast singlet,Fibroblast singlet,,0,6.27659358457656
PC1_cellid_000157641-1,PC1_A2,PASC,PC1,singlet,Duct2,Myeloid,,FALSE,FALSE,137.068907063726,139.089895142311,,,Duct2 singlet,140,130,11333.0169443195,18816.6125537191,157641,TRUE,39.9635987559005,31.9908982996631,7.13324850863486,8.00449541753009,8.00449541549064,0.999999999912908,2.25738083889405e-05,179.607569277769,0.490706243276127,0.769072239225021,0.856796744831934,0.623730052009929,1.42754303033356,11330.8498287671,18817.35,3100.77740656958,5149.51787494132,TRUE,16.0183156358092,16.0092719870842,4.51609930222553,4.02286529129093,3.99550013615045,1.00684899298027,0.11644112415465,179.607569301292,0.785386704395096,0.999999999953321,0.999999999829063,0.996575502069946,1.12838739794563,11334.4748287671,18817.35,3101.76941672493,5149.51787494132,23.9452831200913,0.400822651874813,0.668954948195184,0.99201015534436,0.278136995048512,2.35231425449456e-08,1.30857460320467,TRUE,TRUE,TRUE,TRUE,TRUE,TRUE,FALSE,,,,,,,-0.367460388812933,-0.983669293915148,0,Duct2 singlet,Duct2 singlet,,0,0
PC1_cellid_000157651-1,PC1_A2,PASC,PC1,singlet,Fibroblast,Duct2,,FALSE,FALSE,328.838995280881,334.368782078082,,,Fibroblast singlet,370,297,11823.0324381507,18061.8343580862,157651,TRUE,76.1003856228471,51.9687425782601,9.84347602956416,15.7686927197606,8.58194047837949,1.83742741568279,0.838930097940333,148.80595620479,0.354088892709533,0.716975407720093,0.789380703049024,0.562348665828484,1.68052062911194,11828.6253424658,18059.1,3236.99764509941,4942.01671624075,TRUE,23.9179487494573,24.0001164114897,5.51844889228468,8.0090981656712,3.98636788691563,2.00912168354084,0.867332067088791,179.738377248341,0.521803632993802,0.857004856820821,0.901670221144009,0.749139917089373,1.38435173869477,11828.6003424658,18062.75,3236.99080365006,4943.01556784544,52.1824368733898,0.31429471152553,0.458352468339221,0.998875034038659,0.202951686784037,30.932421043551,2.16251356863974,TRUE,TRUE,TRUE,TRUE,TRUE,TRUE,FALSE,,,,,,,-0.367460388812933,0.572822285745346,0,Fibroblast singlet,Fibroblast singlet,,0,6.07173591886459
PC1_cellid_000157654-1,PC1_A2,PASC,PC1,doublet_certain,Duct2,Fibroblast,Duct2__Fibroblast,FALSE,FALSE,248.182088587406,272.333955163814,TRUE,spatially_supported_contact,Supported Duct2-Fibroblast doublet,267,243,11369.1788130988,18378.5199876254,157654,TRUE,67.9817031006819,40.0095764576752,9.30360106121459,12.0137097264252,7.99097906678437,1.50340898429426,0.74670531596261,179.739566432919,0.533671482891498,0.829551581383053,0.85600708824562,0.708133129649839,1.36887250865036,11369.375,18375.15,3111.32012687286,5028.50631888805,TRUE,28.0454387154125,24.0005202579751,5.97566411555316,6.02053762030487,6.01141578117161,1.00151741897825,0.055026767418043,179.738377266734,0.611830031111738,0.874671555841353,0.902937615390576,0.77490809274865,1.27845252341316,11365.7248287671,18378.75,3110.32122840893,5029.49148759405,39.9362643852694,0.412543926264268,0.702254933957583,1.40298094089775,0.30159954809984,0.00118916618492904,1.66396847283072,TRUE,TRUE,TRUE,TRUE,TRUE,FALSE,TRUE,PC1_A2,7.23323374401722,23.3124160858853,TRUE,TRUE,30,-0.367460388812933,-0.261712091202831,0,Supported Duct2-Fibroblast,Supported Duct2-Fibroblast,23.3124160858853,0,4.73056463067624
PC1_cellid_000157658-1,PC1_A2,PASC,PC1,singlet,Fibroblast,Duct2,,FALSE,FALSE,218.199264416384,226.320680152496,,,Fibroblast singlet,218,184,11516.8524250978,18725.317838303,157658,TRUE,55.9815399482799,35.9863047184265,8.44262461781413,10.0158343462553,8.00449541549161,1.25127616707067,0.601086347383755,89.6075693000366,0.543225563126297,0.823484051479993,0.850066678024271,0.698270585170269,1.35678145995132,11516.85,18725.3,3151.67783657199,5124.32765844493,TRUE,32.0092969009835,27.9683135116843,6.38400365080574,8.00449541862454,6.00683906719173,1.33256365376875,0.660946306914482,89.6075692998251,0.514225300159477,0.80041385378786,0.862621019741396,0.665727010196359,1.39451528745513,11511.3998287671,18728.95,3150.18635375506,5125.32651004962,23.9722430472964,0.571783072149112,1.3352649906176,1.79505585467289,0.425236447593067,2.11429096452775e-10,1.0293104835042,TRUE,TRUE,TRUE,TRUE,TRUE,TRUE,FALSE,,,,,,,0.265153309919823,0.96535350852454,0.262861921997521,Fibroblast singlet,Fibroblast singlet,,0,6.31256697749866
PC1_cellid_000157662-1,PC1_A2,PASC,PC1,singlet,Fibroblast,Myeloid,,FALSE,FALSE,355.658739485369,372.340510464681,,,Fibroblast singlet,343,289,11627.1200720953,18554.2171094772,157662,TRUE,123.853156679551,51.9683487017724,12.557656502098,13.9949662126674,11.9917223841593,1.16705221828355,0.515549682265735,179.84302565521,0.57628738040491,0.87369480404097,0.869975495619487,0.737995408728946,1.31728711909455,11622.1652739726,18549.65,3180.49820106679,5076.25963533151,TRUE,47.9452349814584,31.9635637422157,7.81317919671708,7.99997632743819,7.99997632575084,0.999999999868847,2.05387467580661e-05,89.7383772620629,0.589718736589854,0.8572844134861,0.904891475238329,0.749148730295377,1.30219953702624,11625.8001712329,18553.15,3181.49291968633,5077.21743824011,75.9079216980925,0.3871135485197,0.631623602683183,1.3808879548293,0.219927651691909,89.8953516068532,2.37223865269046,TRUE,TRUE,TRUE,TRUE,TRUE,TRUE,FALSE,,,,,,,-0.367460388812933,0.622314539325386,0,Fibroblast singlet,Fibroblast singlet,,0,6.2078388832092
PC1_cellid_000157679-1,PC1_A2,PASC,PC1,doublet_certain,Duct2,Fibroblast,Duct2__Fibroblast,FALSE,FALSE,321.805058199707,344.619356234327,TRUE,spatially_supported_contact,Supported Duct2-Fibroblast doublet,339,313,11477.3128463594,18466.0361035153,157679,TRUE,72.0271899547298,35.9864919875001,9.57642242941033,10.0091691353475,8.01822533542623,1.248302300474,0.598546579700985,179.803782347373,0.698919744560647,0.947501674735513,0.935497298093088,0.897470509225475,1.19615192931635,11475.6752559727,18466.1,3140.41003954612,5053.39551161316,TRUE,36.0270749409658,27.9954448626896,6.77282042401648,8.01822533409561,6.00680424065883,1.33485710690702,0.662407339814478,179.804452023725,0.577649126344574,0.857515908792051,0.904122781396318,0.748009764691703,1.31573352101879,11472.0251712329,18466.05,3139.4111647517,5053.38182871447,36.0001150137641,0.500187150971841,1.00074888419617,0.998968506331042,0.20863083507611,0.000669676352259785,1.40180100269692,TRUE,TRUE,TRUE,TRUE,TRUE,FALSE,TRUE,PC1_A2,9.85284741237785,14.219348559634,TRUE,TRUE,30,-0.367460388812933,-0.521677712087548,0,Supported Duct2-Fibroblast,Supported Duct2-Fibroblast,14.219348559634,0,4.09429539680505
PC1_cellid_000157700-1,PC1_A2,PASC,PC1,singlet,Duct2,Fibroblast,,FALSE,FALSE,372.494853627996,380.681457348937,,,Duct2 singlet,551,489,11309.9127322723,18962.0519700919,157700,TRUE,123.962868605534,60.0143554531951,12.5632171989254,16.0090813393044,14.0113856257275,1.14257659904685,0.483734407476977,179.843025654182,0.432505056515069,0.803790983602656,0.837703527001239,0.55264229624682,1.52056295345224,11309.4579726652,18967.15,3094.92335457101,5190.51183942975,TRUE,80.0915781790567,40.0371296832406,10.0983050329163,10.0160271525223,10.0160271525219,0.999999999726813,2.56801961952658e-07,89.7395664433539,0.627871609360359,0.888685304973772,0.873787772444225,0.798354660671358,1.26201517453077,11309.4248287671,18956.35,3094.91428447903,5187.55633331175,43.8712904264774,0.646093294496577,1.82560342725783,2.95552003546838,0.470503690888372,89.8965407891724,1.23245608300455,TRUE,TRUE,TRUE,TRUE,TRUE,TRUE,FALSE,,,,,,,-0.367460388812933,-0.426872915099108,0,Duct2 singlet,Duct2 singlet,,0,0
PC1_cellid_000157715-1,PC1_A2,PASC,PC1,singlet,Fibroblast,Acinar,,FALSE,FALSE,195.092445185661,199.474493230491,,,Fibroblast singlet,165,130,11758.6390412773,18718.4028176525,157715,TRUE,67.8723656181413,39.9818203150336,9.29611638802681,9.98864466831045,8.01822533409561,1.24574257378712,0.596337171058278,89.8044520201146,0.533553194255854,0.894454012061168,0.861591795967298,0.847438450844178,1.36902423962043,11754.35,18717.1,3216.67160537039,5122.08366305905,TRUE,27.9361012328677,28.0231362846722,5.96400442784979,8.01817863532533,5.99310962937011,1.33789954256298,0.66432901341901,90.0000000029132,0.447035674261259,0.776598070120922,0.860065512881308,0.58135022659482,1.4956463269666,11761.6496621622,18713.45,3218.66921612776,5121.08481145436,39.9362643852735,0.411597576927315,0.699517134511308,2.23341739630827,0.480505470946945,0.195547982798615,1.66605598008851,TRUE,TRUE,TRUE,TRUE,TRUE,TRUE,FALSE,,,,,,,-0.367460388812933,0.373626993737202,0,Fibroblast singlet,Fibroblast singlet,,0,6.18589681572236
PC1_cellid_000157719-1,PC1_A2,PASC,PC1,doublet_certain,Fibroblast,Duct2,Duct2__Fibroblast,FALSE,FALSE,342.184681829123,367.012737380004,TRUE,spatially_supported_contact,Supported Duct2-Fibroblast doublet,447,367,11644.9020451383,18935.2433426921,157719,TRUE,95.8900955194855,48.0000833398699,11.0494824115811,12.0137097272851,11.995341092589,1.00153131385041,0.0552775517291503,179.738377244239,0.52299752353809,0.841854211451654,0.85262157581287,0.665401866878306,1.38277074809503,11645.475204918,18929.55,3186.87714954079,5180.22229961156,TRUE,31.9272937890804,27.9954918808973,6.37582096742329,8.01817863450997,5.99310962896292,1.33789954251783,0.66432901339063,90,0.511912539252677,0.799456190505902,0.890433925464713,0.664406938078827,1.39766186587578,11638.2498287671,18940.45,3184.89986774275,5183.20517152694,63.9628017304052,0.332957159055733,0.499154085192487,3.57871040633375,0.647760730603134,89.7383772442393,2.33683072207893,TRUE,TRUE,TRUE,TRUE,TRUE,FALSE,TRUE,PC1_A2,10.0462422423409,27.2191866225198,TRUE,TRUE,30,1.02087885036811,0.154786475314684,0.436133232310142,Supported Duct2-Fibroblast,Supported Duct2-Fibroblast,27.2191866225198,0,5.67616369836988
PC1_cellid_000157739-1,PC1_A2,PASC,PC1,singlet,Fibroblast,Myeloid,,FALSE,FALSE,149.325365601184,157.544220771399,,,Fibroblast singlet,112,94,11864.4234863391,18550.4608984209,157739,TRUE,79.9271975118203,44.0046995817578,10.0879367846903,14.011395160303,7.99481395268602,1.75256050214896,0.821232499130723,89.7761894996306,0.51868815305518,0.888751951694598,0.909653016138188,0.713517849978551,1.38850304179731,11863.3498046875,18555.9,3246.50027107536,5077.96999766831,TRUE,35.9727806431261,27.9959292093194,6.76771503898559,8.01822000123657,6.00229394203632,1.33585926897486,0.663042395040954,89.7383772510118,0.5767586280571,0.856773388016423,0.874302917010109,0.747444209304754,1.31674885610614,11863.2917237443,18544.95,3246.48437676212,5074.97344285423,43.9544168686942,0.450069335075904,0.818411053942635,2.99659696705214,0.59409511083751,0.037812248618792,1.66011087285235,TRUE,TRUE,TRUE,TRUE,TRUE,TRUE,FALSE,,,,,,,-0.367460388812933,1.10243017138912,0,Fibroblast singlet,Fibroblast singlet,,0,5.19057305953493
PC1_cellid_000157775-1,PC1_A2,PASC,PC1,singlet,Fibroblast,Tcell,,FALSE,FALSE,257.046843003849,258.849233941227,,,Fibroblast singlet,251,193,11722.0804754386,18935.7919715474,157775,TRUE,83.9449755517889,43.9772106370446,10.3383781346188,12.0044629321215,9.98853687496041,1.2018239587147,0.55467271059836,179.738377260165,0.545442797820565,0.840220674760781,0.847331549304591,0.700083907415056,1.35402098143167,11725.8959742801,18936.5,3208.88493434293,5182.12422253008,TRUE,7.98163622555501,11.9864066910653,3.18787309566541,4.00918271527841,1.9976563519261,2.00694313910432,0.86702179226809,179.607569292613,0.698109867206288,0.999999999906225,0.999999999771693,0.996587189772244,1.19684555541555,11722.3,18943.8,3207.90086730728,5184.12192573946,75.9633393262339,0.0950817624537874,0.105072213719123,2.22692748948771,0.430807899688366,0.130807967551476,3.5752525194767,TRUE,TRUE,TRUE,TRUE,TRUE,TRUE,FALSE,,,,,,,-0.367460388812933,1.24105994235016,0,Fibroblast singlet,Fibroblast singlet,,0,6.25176569799754
PC1_cellid_000157814-1,PC1_A2,PASC,PC1,singlet,Fibroblast,Duct2,,FALSE,FALSE,217.881025880457,226.152077054421,,,Fibroblast singlet,247,225,11545.3137660436,18522.0938150993,157814,TRUE,95.9724730748236,43.950001666409,11.0542276041746,14.0113921102567,8.00909816210211,1.74943443342587,0.820523143309178,89.7383772634615,0.624365299785538,0.923219617964561,0.912738936110525,0.855227746718301,1.26555382475574,11545.3299315069,18524.25,3159.47159692463,5069.30872279475,TRUE,27.9634356035024,24.0003796889038,5.96692148574409,8.0113839241412,4.00231811551895,2.00168594485265,0.866268407712624,89.8037823291317,0.610048224281214,0.932532497510393,0.950894559703283,0.872110225747328,1.28031819110063,11538.0437785388,18520.6,3157.47768306595,5068.30987119006,68.0090374713212,0.291369334400578,0.411172347663097,2.23011143308878,0.403485708619157,0.0654050656701202,2.54365305921527,TRUE,TRUE,TRUE,TRUE,TRUE,TRUE,FALSE,,,,,,,-0.367460388812933,-0.131613507339284,0,Fibroblast singlet,Fibroblast singlet,,0,5.09340240927943
PC1_cellid_000157821-1,PC1_A2,PASC,PC1,singlet,Duct2,Myeloid,,FALSE,FALSE,319.079321290641,322.466764426686,,,Duct2 singlet,500,431,11373.2132758009,18009.2627586003,157821,TRUE,76.0180080675164,44.0327512518726,9.83814687751502,12.0045878881508,10.0159023862468,1.19855280352521,0.551250873084238,179.738377259424,0.492691086915961,0.791627348368253,0.831673602306024,0.632235891270813,1.42466464561954,11371.675,18009.55,3111.9495402128,4928.4569636346,TRUE,24.0272862319952,24.0001164114897,5.53104791004807,8.00913982216089,4.00456990792712,2.00000000020814,0.866025404011751,89.7395664266665,0.524188983686218,0.857562879190077,0.90248151903675,0.74913996598885,1.38119836298365,11368.0499242424,18013.3,3110.95750932579,4929.48318103668,51.9907218355212,0.316073609920091,0.462145655591914,1.42732177069792,0.290160695010244,89.9988108327574,2.15354948373348,TRUE,TRUE,TRUE,TRUE,TRUE,TRUE,FALSE,,,,,,,0.425926971447683,-0.812062016560377,0.0657413652629747,Duct2 singlet,Duct2 singlet,,3.04452243772342,3.04452243772342
PC1_cellid_000157826-1,PC1_A2,PASC,PC1,singlet,Fibroblast,Duct2,,FALSE,FALSE,305.30093352441,314.080666261801,,,Fibroblast singlet,313,241,11479.226689435,18760.0633075,157826,TRUE,59.862646135085,36.0136542599596,8.7303773292841,10.0022340104009,8.00454251613567,1.2495697270417,0.599632531914742,89.8037823552139,0.580004539194055,0.855799238785603,0.90153391742245,0.747691396771651,1.31305918999844,11480.4458618721,18758.35,3141.71555389079,5133.37205448193,TRUE,20.0364681192228,24.0278235766987,5.05086364359798,8.47561963866431,4.26198134429652,1.98865714054907,0.864372592058161,134.804452023539,0.436116145208213,0.767531591985707,0.85321240900229,0.554674456808153,1.51425465480887,11480.4376712329,18762,3141.71331245704,5134.37090608662,39.8261780158622,0.334707357751307,0.503097939908058,0.998854119589037,0.228822668168162,45.000669668325,1.83975684284306,TRUE,TRUE,TRUE,TRUE,TRUE,TRUE,FALSE,,,,,,,0.614918783164992,0.705396599048919,0.408195519309388,Fibroblast singlet,Fibroblast singlet,,0,5.95164876875961
PC1_cellid_000157842-1,PC1_A2,PASC,PC1,singlet,Duct2,Myeloid,,FALSE,FALSE,368.195613177361,371.035953776234,,,Duct2 singlet,499,441,11079.4052221431,18076.1324077884,157842,TRUE,151.98172183717,60.0693049821698,13.9107562094958,16.0036230735821,14.0113855059839,1.14218704949783,0.483193946207354,89.8434545355055,0.529292829253784,0.853282794834056,0.839350730098776,0.677785016794644,1.37452294754375,11075.95,18080.2,3031.02203588477,4947.79089948978,TRUE,55.8999112798072,36.0141857821367,8.43646712721846,10.0090054501352,7.99095309437784,1.25254213464843,0.602158805248423,89.8044520272081,0.541593921496828,0.848198356864453,0.859031877170198,0.698910574574819,1.35882368770258,11068.6375420777,18080.25,3029.02092346562,4947.80458238848,96.0818105573631,0.367806803347175,0.581794940683551,2.00115919802018,0.287713933736687,0.0390025082974432,2.73714454113865,TRUE,TRUE,TRUE,TRUE,TRUE,TRUE,FALSE,,,,,,,0.578641230738464,-0.983669293915148,0,Duct2 singlet,Duct2 singlet,,0,0
PC1_cellid_000157898-1,PC1_A2,PASC,PC1,singlet,Fibroblast,Duct2,,FALSE,FALSE,185.203556105143,201.58679605065,,,Fibroblast singlet,178,171,11972.6962895345,18604.399314979,157898,TRUE,63.9905105444665,43.9775861231016,9.02636408045937,11.3201994101178,9.91698857012075,1.14149565938808,0.482231853382819,44.6102388037893,0.415779108439013,0.727469702058722,0.794451139804738,0.570008963757367,1.55084597782294,11969.5,18603.05,3275.54911845239,5090.87297113713,TRUE,16.017941192376,19.9772820006651,4.51604651784893,6.00229394505839,4.01360844216968,1.49548567765149,0.74355112603696,89.738377259747,0.504363626243007,0.800546448057384,0.883806717794406,0.664897091851701,1.40808256298477,11976.775,18592.05,3277.53998021243,5087.86273342436,47.9725693520905,0.250317446346081,0.333897921361575,3.60902502553486,0.799663072609976,45.1281384559577,2.25515878130522,TRUE,TRUE,TRUE,TRUE,TRUE,TRUE,FALSE,,,,,,,-0.367460388812933,0.0470509526358568,0,Fibroblast singlet,Fibroblast singlet,,0,4.04620025685669
PC1_cellid_000157908-1,PC1_A2,PASC,PC1,singlet,Fibroblast,Myeloid,,FALSE,FALSE,158.524504831626,168.505110070649,,,Fibroblast singlet,149,121,11077.6955460902,18951.7732853577,157908,TRUE,67.9543687300488,43.9774923352875,9.30173045753384,12.0136162219772,10.0022665012599,1.20108939480637,0.553908579679748,179.869485921611,0.441536207722822,0.790966780268733,0.851038186852364,0.565516403205472,1.50493186606645,11075.5164383562,18946.2,3030.90338828377,5184.77870487679,TRUE,28.0735219729166,31.9913662292866,5.97865522805161,9.98261687327458,5.53662973715482,1.80301326659969,0.832099027840518,56.1291892902429,0.344699925502868,0.668193647273391,0.803657806334584,0.507933686104584,1.70325395083957,11075.5496575342,18949.85,3030.91247897673,5185.77755648148,39.8808467571322,0.413123136796523,0.703934952455757,0.998892971690859,0.21477572890409,56.2597033686321,1.66153761474111,TRUE,TRUE,TRUE,TRUE,TRUE,TRUE,FALSE,,,,,,,-0.367460388812933,0.0742486630461228,0,Fibroblast singlet,Fibroblast singlet,,0,6.51046805007619
PC1_cellid_000157918-1,PC1_A2,PASC,PC1,singlet,Fibroblast,Duct2,,FALSE,FALSE,185.063457010892,191.699644878337,,,Fibroblast singlet,146,128,11970.7759024493,18319.0156978525,157918,TRUE,44.0090856099513,44.0326613355071,7.48559337168572,12.7680833337716,6.64187521169308,1.92236121901727,0.854048371216169,123.388513582298,0.285234687532483,0.666942828762479,0.730783675604211,0.518950488242856,1.87240085270065,11964.8121575342,18321.65,3274.26625298131,5013.86561728504,TRUE,19.872836338842,24.0003666076944,5.03019692384539,6.02052164493035,5.97947390942243,1.00686477328513,0.116573818398876,179.60756927785,0.433544787105499,0.712054739365103,0.871170998980359,0.552030099843909,1.51873854524766,11964.8,18321.7,3274.26292597512,5013.87930018374,24.1362492711093,0.451562127658312,0.823360585457488,0.0140815725992405,0.00376231298239654,56.2190556955519,1.22769822392017,TRUE,TRUE,TRUE,TRUE,TRUE,TRUE,FALSE,,,,,,,-0.367460388812933,0.340088585303965,0,Fibroblast singlet,Fibroblast singlet,,0,5.83908740778284
PC1_cellid_000157932-1,PC1_A2,PASC,PC1,singlet,Fibroblast,Tcell,,FALSE,FALSE,356.555576998056,361.662165489451,,,Fibroblast singlet,434,328,11675.0592706342,18680.7054867602,157932,TRUE,163.981136102688,68.0055207726991,14.4494728996092,19.66233173079,13.4255442975515,1.46454633726605,0.730600385698672,63.1218602475709,0.445569457552439,0.812099914694852,0.794409483187794,0.62119359640751,1.49810513661326,11677.4871575342,18688.15,3195.63747563394,5114.16126471499,TRUE,24.0272862319963,24.0274506154082,5.53104791004819,6.02047542349705,5.99310962896292,1.00456620911001,0.0952378443316405,179.999999980596,0.5229970021732,0.800548936415677,0.853078312714401,0.665919468780155,1.38277143692453,11681.137244898,18688.15,3196.63635114641,5114.16126471499,139.953849870692,0.146524696691238,0.171680066339576,0.998875512467748,0.138257709194663,63.1218602669748,4.45921249478053,TRUE,TRUE,TRUE,TRUE,TRUE,TRUE,FALSE,,,,,,,-0.367460388812933,0.370714210137094,0,Fibroblast singlet,Fibroblast singlet,,0,6.43473882079095
PC1_cellid_000157934-1,PC1_A2,PASC,PC1,doublet_certain,Duct2,Fibroblast,Duct2__Fibroblast,FALSE,FALSE,509.2722716583,563.132701964831,TRUE,spatially_supported_contact,Supported Duct2-Fibroblast doublet,932,758,11815.175114778,18028.8369207741,157934,TRUE,159.935649248657,63.9548681310912,14.2701223973827,18.7574050351096,13.1440551171353,1.42706378389658,0.713417210623764,99.3141072989593,0.491369194954937,0.833120077393054,0.842893249318825,0.64869888241058,1.42657969036761,11817.5665525114,18033.5,3233.97131904685,4935.01107210922,TRUE,39.9632243124691,31.9913353440937,7.13321509066966,8.01817863450997,7.99081283793743,1.00342465708828,0.0825487129194813,90.0000000145695,0.490688238358768,0.800214436193182,0.842323123141603,0.623725980636865,1.427569220648,11812.075,18033.55,3232.46851191308,4935.02475500791,119.972424936188,0.249870647961908,0.333103413808583,1.50286942314871,0.210631609062868,9.31410728438978,3.56845365335651,TRUE,TRUE,TRUE,TRUE,TRUE,FALSE,TRUE,PC1_A2,13.1306588458085,7.63136285823547,TRUE,TRUE,30,0.179630831515093,-0.0467203379134578,0.22732585457993,Supported Duct2-Fibroblast,Supported Duct2-Fibroblast,13.1306588458085,0,4.68486948706485
PC1_cellid_000157964-1,PC1_A2,PASC,PC1,doublet_certain,Duct2,Fibroblast,Duct2__Fibroblast,FALSE,FALSE,200.492814454062,222.387708009032,TRUE,spatially_supported_contact,Supported Duct2-Fibroblast doublet,192,174,11382.8760163364,18360.3929619711,157964,TRUE,55.9268712070066,35.9590232608715,8.43850129075484,10.0049729493534,7.99085782271588,1.25205242890014,0.601744565960846,179.843025646973,0.543518854670194,0.875108392499482,0.915454383761351,0.699537823357869,1.35641533996931,11380.2626712329,18356.8,3114.29962492281,5023.48469506721,TRUE,27.9907699741378,24.0001009159934,5.96983711826863,8.01822533409511,4.00229460613808,2.00340707461054,0.866515780235457,179.804452023732,0.610658734823679,0.933455707876023,0.951240727980302,0.872223000275223,1.27967802731469,11376.625,18360.35,3113.30414718355,5024.45618087451,27.9361012328688,0.500488751919063,1.00195692057362,1.39095672224215,0.329669136975633,0.0385736232409499,1.23433208624311,TRUE,TRUE,TRUE,TRUE,TRUE,FALSE,TRUE,PC1_A2,9.05681335737959,17.4734076382868,TRUE,TRUE,30,0.28561641791888,-0.143450453479442,0.271364696928651,Supported Duct2-Fibroblast,Supported Duct2-Fibroblast,17.4734076382868,0,4.65554639331316
PC1_cellid_000158008-1,PC1_A2,PASC,PC1,singlet,Duct2,Myeloid,,FALSE,FALSE,449.105768532535,451.555941227865,,,Duct2 singlet,631,545,11083.9644780565,18411.6239792446,158008,TRUE,112.045083008467,56.018536060478,11.9440458170385,15.9999526561307,12.013584769216,1.33182168019364,0.660471324571699,89.7383772527891,0.448682526185748,0.788572678467007,0.804288698173351,0.582909975987172,1.49289898129866,11084.5082750909,18416.3,3033.36407610611,5039.76734451354,TRUE,64.0178449151099,35.9591263434462,9.02829173845422,10.0090754184089,8.01138392351222,1.24935660437078,0.599450293429347,89.8037823391246,0.622146483537598,0.914130504513604,0.903438775332866,0.798361423340672,1.26780854465112,11084.4810787671,18412.65,3033.35663361526,5038.76849290885,48.0272380933575,0.571357914068915,1.3329487066764,0.998879331482533,0.167259795401154,0.065405086335474,1.45787703929213,TRUE,TRUE,TRUE,TRUE,TRUE,TRUE,FALSE,,,,,,,1.53129501519728,-0.983669293915148,0,Duct2 singlet,Duct2 singlet,,0,0
PC1_cellid_000158028-1,PC1_A2,PASC,PC1,singlet,Fibroblast,Myeloid,,FALSE,FALSE,132.416744946771,142.87841225642,,,Fibroblast singlet,108,97,11489.3562676281,18210.1749478766,158028,TRUE,48.1912443171779,28.0500980764743,7.83319845111973,8.01822533409511,6.02053375867976,1.33181303383453,0.660465783012927,89.8044520237284,0.769678288527849,0.999999999984471,0.999999999902439,0.998285785339552,1.13984390645205,11489.3500853242,18210.2,3144.15226563973,4983.36643609522,TRUE,23.9449086766616,19.9771570511525,5.52155816977397,6.01141578282314,3.99536476390197,1.50459748582124,0.747173017204877,89.7383772432185,0.753972804555953,0.999999999968725,0.999999999863015,0.996965162188751,1.15165436785076,11485.65,18206.55,3143.13970778669,4982.36758449053,24.2463356405163,0.496872596069441,0.987568143153696,1.42231428803578,0.363150325701492,0.0660747805099504,1.15582014067288,TRUE,TRUE,TRUE,TRUE,TRUE,TRUE,FALSE,,,,,,,-0.367460388812933,0.0466576125325316,0,Fibroblast singlet,Fibroblast singlet,,0,6.13980472783986
PC1_cellid_000158053-1,PC1_A2,PASC,PC1,singlet,Fibroblast,Duct2,,FALSE,FALSE,300.191654329524,304.977749734299,,,Fibroblast singlet,316,272,11618.5739301563,18074.5033912224,158053,TRUE,96.0541017433006,51.9681796628074,11.0589276502555,14.138905469258,11.320081139022,1.24901096486853,0.599154425057094,44.8694859127356,0.44694159006301,0.786835817319814,0.795231797837824,0.600137250716995,1.4958037408359,11613.0917808219,18074.5,3178.01516731509,4946.23104903862,TRUE,16.0460244498795,19.9776880957369,4.52000363554875,6.02052164553176,4.00918271680605,1.50168302786125,0.746023612189803,89.6075692984968,0.505227354965139,0.800825998363057,0.883809079705331,0.664779284857405,1.40687843024689,11616.6873287671,18059.9,3178.99911768079,4942.23564261986,80.0080772934211,0.167051944237541,0.200555056322962,4.114781983686,0.744155691469667,44.7380833857611,3.26946200735336,TRUE,TRUE,TRUE,TRUE,TRUE,TRUE,FALSE,,,,,,,-0.367460388812933,-0.0822101890731311,0,Fibroblast singlet,Fibroblast singlet,,0,5.07033618337185
PC1_cellid_000158065-1,PC1_A2,PASC,PC1,singlet,Fibroblast,Endothelium,,FALSE,FALSE,184.304337545242,184.941942887035,,,Fibroblast singlet,162,135,11799.7077463047,18986.325796057,158065,TRUE,56.0096232057837,35.9594543472882,8.44474198251906,10.0091691353475,7.99770110813116,1.25150577604688,0.60128124321599,179.803782347373,0.54431001968944,0.84880210637642,0.860459362648385,0.699679989448867,1.35542919368007,11801.0005136986,18983.75,3229.43789042999,5195.05456179629,TRUE,23.9999518613605,20.0046162819335,5.52790084766582,6.02053762020877,3.99548953130564,1.50683353539355,0.748049165050824,89.7395664321904,0.753632786248717,0.999999999968796,0.999999999863203,0.997711777795673,1.15191413588302,11795.5498863636,18987.35,3227.94628279708,5196.03973050228,32.0096713444232,0.428496934694559,0.749771892239191,1.78758236449105,0.423359852546783,89.9357840848178,1.45842056742662,TRUE,TRUE,TRUE,TRUE,TRUE,TRUE,FALSE,,,,,,,-0.367460388812933,0.820946713311004,0,Fibroblast singlet,Fibroblast singlet,,0,6.07096579767876
PC1_cellid_000158071-1,PC1_A2,PASC,PC1,singlet,Fibroblast,Endothelium,,FALSE,FALSE,292.587825909205,302.724081296129,,,Fibroblast singlet,297,255,11630.5534539754,18334.7289591274,158071,TRUE,123.881239937054,55.9913735944178,12.5590801231094,16.0090850302324,11.9863364056007,1.33561118967903,0.662885380437734,89.8037823492296,0.496561636790781,0.849165954406054,0.816845300731251,0.645583719842712,1.41910136545761,11628.6997431507,18341.15,3182.2864106625,5019.20194777586,TRUE,7.98163622555242,11.9862192562951,3.18787309566489,3.99540641998792,1.99770320897401,1.9999999982814,0.866025403931826,90,0.698131700793916,0.999999999906174,0.999999999771689,0.99999999980434,1.19682684000941,11628.65,18333.9,3182.27279805267,5017.21792746517,115.899603711502,0.0644297411695564,0.0688668120447736,1.98406700904183,0.315957376883273,0.196217650770436,4.68560351372227,TRUE,TRUE,TRUE,TRUE,TRUE,TRUE,FALSE,,,,,,,-0.367460388812933,0.666469863010957,0,Fibroblast singlet,Fibroblast singlet,,0,5.46675226383229
PC1_cellid_000158099-1,PC1_A2,PASC,PC1,singlet,Duct2,Myeloid,,FALSE,FALSE,920.158672240284,930.579592354111,,,Duct2 singlet,1850,1395,11249.9115126215,18425.7341253149,158099,TRUE,315.825811643269,83.9594597057658,20.0529776500222,24.0000384472982,18.0068702414398,1.332826755669,0.66111446176435,89.803782346621,0.56301273005398,0.882657220444274,0.855544090184686,0.730798165425119,1.33272606817687,11245.3351369863,18426.65,3077.37562927919,5042.59970454328,TRUE,132.054591200493,52.0775624157332,12.9667701290762,14.0113934553031,12.0205199428143,1.16562291138571,0.513799350557276,89.8044520271387,0.611874103649074,0.903498771569713,0.872927139954787,0.784059322735617,1.27840648027227,11245.3337129841,18430.4,3077.37523958962,5043.62592194536,183.771220442776,0.418124758420536,0.718581456199379,1.02621747606914,0.102350632704614,0.000669680517688676,3.54310376047298,TRUE,TRUE,TRUE,FALSE,FALSE,TRUE,FALSE,,,,,,,0.686200332407743,-0.800068971647595,0.0703358041374782,Duct2 singlet,Duct2 singlet,,0,0
PC1_cellid_000158105-1,PC1_A2,PASC,PC1,singlet,Fibroblast,Acinar,,FALSE,FALSE,158.432856512551,158.368874575968,,,Fibroblast singlet,159,117,11033.2092413134,18947.3820481545,158105,TRUE,55.8722024657388,43.950657660725,8.43437594791862,15.5451259046204,5.66973773564388,2.74177159895597,0.93111423470713,44.7383772545606,0.363475296366761,0.798119353639707,0.814043919921866,0.633926018871251,1.6586797788947,11031.65,18946.4,3018.89898764154,5184.83343647157,TRUE,20.009508192023,31.9641884975921,5.04746442293414,11.3201994086669,4.24754290345924,2.66511714152536,0.926936584210276,44.6102388111399,0.246104135838685,0.588900398920344,0.803851129312697,0.416144886940158,2.01576798639323,11020.6871575342,18939.05,3015.8989183843,5182.82205036349,35.8626942737158,0.358129934124427,0.557947711170956,3.61193710132786,0.85647998501997,0.128138443420681,1.69345576249224,TRUE,TRUE,TRUE,TRUE,TRUE,TRUE,FALSE,,,,,,,-0.367460388812933,1.18498386084982,0,Fibroblast singlet,Fibroblast singlet,,0,6.62766694250608
PC1_cellid_000158109-1,PC1_A2,PASC,PC1,singlet,Duct2,Fibroblast,,FALSE,FALSE,244.341004568559,255.369058612156,,,Duct2 singlet,262,236,11446.5422586954,18882.4633240343,158109,TRUE,59.8637694653854,39.9545952474686,8.73045924222993,12.0136781300462,7.99081283814711,1.50343630482498,0.746716082932422,179.607569289688,0.471238161338462,0.789477842623958,0.88503151304271,0.623587080527713,1.4567323789322,11448.0309075342,18886.25,3132.844943163,5168.37290934221,TRUE,11.9997887089645,16.0091789006234,3.90878568262831,6.02047542553596,1.997703208975,3.0136986266232,0.943343359683939,0,0.588362991506948,0.999999999937592,0.999999999829062,0.997727272868523,1.30369898054299,11448.025,18886.35,3132.84332651915,5168.40027513959,47.8639807564209,0.200451605605934,0.250706032319463,0.0274135076933343,0.00627996921351704,0.392430710311714,2.41083677980081,TRUE,TRUE,TRUE,TRUE,TRUE,TRUE,FALSE,,,,,,,-0.367460388812933,0.020868109670888,0,Duct2 singlet,Duct2 singlet,,0,4.74930357525042
PC1_cellid_000158130-1,PC1_A2,PASC,PC1,singlet,Fibroblast,Myeloid,,FALSE,FALSE,182.721851916611,187.969579774196,,,Fibroblast singlet,169,145,11909.0944211793,18706.2478646832,158130,TRUE,88.0732144046098,44.0327369073454,10.5895372614618,12.0205434497031,10.0160105474304,1.20013286622414,0.552909857707796,89.8037823550278,0.570824165332271,0.862415898209923,0.850511075564835,0.731517922947848,1.32357582045942,11909.6002568492,18705.65,3259.15707610535,5118.95027925803,TRUE,15.9632724511097,24.0002728837157,4.50833336701428,8.038192696597,4.46693274665895,1.79948818295613,0.831373820811811,116.250242366632,0.348256660071203,0.666666666645794,0.837572662532222,0.444584276388868,1.6945339891005,11900.55,18723.85,3256.68040115282,5123.93085438279,72.1099419535001,0.181250026551338,0.221374085409608,5.56237785428833,1.05054219206082,26.4464600116047,3.04060194722376,TRUE,TRUE,TRUE,TRUE,TRUE,TRUE,FALSE,,,,,,,-0.367460388812933,0.289396718385046,0,Fibroblast singlet,Fibroblast singlet,,0,5.69325387012616
PC1_cellid_000158153-1,PC1_A2,PASC,PC1,singlet,Duct2,Endothelium,,FALSE,FALSE,540.528267994265,543.611014964077,,,Duct2 singlet,869,695,11112.1338971115,18673.4770307241,158153,TRUE,187.871001594658,68.0046617293737,15.4662467502404,20.018174308403,13.997640509545,1.43011061691711,0.71488053504149,179.80411775796,0.510495884666336,0.854533129859578,0.844833632940778,0.670471695519771,1.39959981759974,11114.7,18672,3041.62628237293,5109.7416884367,TRUE,51.99034739207,31.9910854450684,8.13610264463903,8.00926420607212,7.99993505849853,1.00116615257069,0.0482517608249409,179.739566470531,0.638373178694987,0.896741692758116,0.916094462423881,0.811416131660304,1.25159172735381,11122.0002283105,18672,3043.62404806131,5109.7416884367,135.880654202588,0.276734285483157,0.382617729457868,1.9977656883716,0.258338783552275,0.0645512874289977,3.66507205280068,TRUE,TRUE,TRUE,TRUE,TRUE,TRUE,FALSE,,,,,,,0.661270490953096,-0.983669293915148,0,Duct2 singlet,Duct2 singlet,,2.5263268542978,0
PC1_cellid_000158169-1,PC1_A2,PASC,PC1,doublet_certain,Duct2,Fibroblast,Duct2__Fibroblast,FALSE,FALSE,539.702396480656,573.10146333983,TRUE,spatially_supported_contact,Supported Duct2-Fibroblast doublet,742,610,11490.8343127125,18607.5557578773,158169,TRUE,127.926726791098,55.9917953090497,12.7624984771383,14.3188772734432,13.4010005251455,1.06849315046674,0.352272606770105,153.434948822925,0.512769713943835,0.842027303127636,0.810826929929562,0.666676423523102,1.39649317251875,11490.8246575342,18604.8,3144.55579408307,5091.35187259143,TRUE,35.9181119018591,23.9726884272449,6.76257055014362,5.99317210694922,5.99317210681136,0.999999999566388,6.78294244957756e-06,89.7383772407997,0.785398163396402,0.9999999999791,0.999999999885846,0.999999999956075,1.12837916656441,11490.8,18608.5,3144.54904635221,5092.36440709481,92.0086148892387,0.280770975698496,0.390377704752909,1.01255698724485,0.158676921681424,63.696571582125,2.99996396349733,TRUE,TRUE,TRUE,TRUE,TRUE,FALSE,TRUE,PC1_A2,12.6541295592465,11.0398845439281,TRUE,TRUE,30,0.517167926664402,-0.393236643769058,0.226189990976866,Supported Duct2-Fibroblast,Supported Duct2-Fibroblast,12.6541295592465,3.3305666659823,3.3305666659823
PC1_cellid_000158181-1,PC1_A2,PASC,PC1,singlet,Fibroblast,Myeloid,,FALSE,FALSE,158.240935635625,158.603848458589,,,Fibroblast singlet,136,105,11791.541064541,18732.8360631255,158181,TRUE,48.0549469074269,35.9867395142688,7.8221134434809,9.8641154564988,8.05283867246138,1.22492401181206,0.577519103055495,26.5650511601312,0.46629736915873,0.7747947355617,0.817823530639668,0.604965984448611,1.46442966303409,11787.2998287671,18735.25,3225.68858875076,5127.05055528512,TRUE,8.00934503962054,12.0139592791107,3.19340176486976,4.02286529602042,1.99784314623966,2.0136041701181,0.867966965962051,179.610238804688,0.697323909209463,0.999999999906387,0.999999999772217,0.996552365890718,1.19751985140353,11787.2746575342,18731.6,3225.68170044217,5126.05170368043,40.0456018678064,0.166670562624552,0.200005610205584,0.998875356083923,0.255397818184912,26.9548123554436,2.31435583930557,TRUE,TRUE,TRUE,TRUE,TRUE,TRUE,FALSE,,,,,,,-0.367460388812933,0.419835923701486,0,Fibroblast singlet,Fibroblast singlet,,0,6.24553660753237
PC1_cellid_000158191-1,PC1_A2,PASC,PC1,singlet,Duct2,Fibroblast,,FALSE,FALSE,340.952366363624,342.069775927672,,,Duct2 singlet,463,396,11122.7094340172,18143.8243507294,158191,TRUE,119.999759306822,56.0195184415774,12.3607620682605,14.1839464839536,12.7133053756598,1.1156773208686,0.443414837717154,45.0000000046622,0.48052003117926,0.833173011923553,0.797123512366671,0.665464376704935,1.44259443197314,11120.0190068493,18142.2,3043.08187101041,4964.75769387084,TRUE,44.0356710937192,31.9914293388766,7.48785401937527,8.01817863451046,7.99081283793793,1.00342465708828,0.0825487129194799,0,0.540688577389485,0.846107357912279,0.853418744538834,0.687286689411573,1.35996083805001,11119.9747716895,18134.75,3043.0697657062,4962.71894196538,75.9640882131026,0.366964661799502,0.579690642299144,2.03878784340752,0.329880605880092,45.0000000046622,2.4364540244426,TRUE,TRUE,TRUE,TRUE,TRUE,TRUE,FALSE,,,,,,,0.782451203449237,-0.983669293915148,0,Duct2 singlet,Duct2 singlet,,0,0
PC1_cellid_000158219-1,PC1_A2,PASC,PC1,singlet,Fibroblast,Tcell,,FALSE,FALSE,113.576929602362,114.905851812037,,,Fibroblast singlet,135,111,11830.0869698506,18382.6339894528,158219,TRUE,59.8087262806774,35.9869581819903,8.72644460366303,10.0023277276553,7.99085969663446,1.25172110435659,0.601463862603219,179.803782346576,0.580342183132147,0.881899545587828,0.891784203169188,0.748290045720036,1.31267716453771,11829.8560787671,18387.95,3237.33444590203,5032.00914095382,TRUE,7.98163622555242,11.9862192562941,3.18787309566489,3.99540641794951,1.997703208975,1.99999999726002,0.866025403784403,0,0.698131700794032,0.999999999906174,0.999999999771689,1.00000000031403,1.19682684000932,11837.1,18380.65,3239.31680270962,5030.01143774443,51.8270900551249,0.133452703653322,0.154005100720933,2.81434834826475,0.645016033364432,0.196217653424014,2.76928575399907,TRUE,TRUE,TRUE,TRUE,TRUE,TRUE,FALSE,,,,,,,-0.367460388812933,1.11733811516592,0,Fibroblast singlet,Fibroblast singlet,,0,6.09907253530629
PC1_cellid_000158243-1,PC1_A2,PASC,PC1,singlet,Duct2,Fibroblast,,FALSE,FALSE,138.508884390427,142.495944988983,,,Duct2 singlet,128,125,11024.0296397629,18470.6210214318,158243,TRUE,39.9628498690371,31.9910388629631,7.13318167254784,10.0022340093389,6.00685102186849,1.66513768501468,0.799586499517798,89.8037823512837,0.490692735748659,0.832567536983131,0.853673019867131,0.665139254812893,1.42756267851927,11022.5625,18467.7,3016.41212080383,5053.83336437138,TRUE,20.0360936757886,20.0048352262266,5.05081644786584,5.99310962773938,4.02277221696914,1.48979591695048,0.741246534546025,90.0000000077999,0.62914820282191,0.909413824133436,0.941497281597943,0.831065759499382,1.26073415767528,11018.9166666667,18467.7,3015.4144094407,5053.83336437138,19.9267561932485,0.501367988930608,1.00548696794525,0.997711363133021,0.279738104575507,0.196217656516197,1.041182612341,TRUE,TRUE,TRUE,TRUE,TRUE,TRUE,FALSE,,,,,,,-0.367460388812933,-0.737292273952551,0,Duct2 singlet,Duct2 singlet,,0,4.37102888046434
PC1_cellid_000158257-1,PC1_A2,PASC,PC1,doublet_certain,Duct2,Fibroblast,Duct2__Fibroblast,FALSE,FALSE,601.447170508883,651.764989711181,TRUE,spatially_supported_contact,Supported Duct2-Fibroblast doublet,963,808,11600.5347414163,18008.3024957698,158257,TRUE,175.926630513836,67.9777552941416,14.9665207360371,19.2236926302752,14.122418413408,1.3612181755144,0.678461357355324,11.1589160089,0.478418328857703,0.837800198286616,0.821774296107636,0.648015951416614,1.44575963430197,11601.8865646259,18008.65,3174.9487705539,4928.2106714581,TRUE,91.9266117773413,43.9774136777876,10.8187151422167,12.0136083247574,9.99539260035794,1.20191460223764,0.554766832658909,179.803782342108,0.597298944945414,0.884535703599116,0.858852658379121,0.765540069875233,1.29391016902653,11601.8665525114,18005.15,3174.94329407921,4927.25286854949,84.0000187364944,0.522528121544888,1.09436418168868,0.957818565028198,0.127994819990724,11.3551336667923,2.0739027969102,TRUE,TRUE,TRUE,TRUE,TRUE,FALSE,TRUE,PC1_A2,8.89588272292607,12.4136287201137,TRUE,TRUE,30,0.475047274414228,-0.211111473957775,0.295960676094096,Supported Duct2-Fibroblast,Supported Duct2-Fibroblast,12.4136287201137,0,3.75037108742069
PC1_cellid_000158282-1,PC1_A2,PASC,PC1,singlet,Duct2,Myeloid,,FALSE,FALSE,561.085569354701,577.960353930433,,,Duct2 singlet,888,719,11193.1497410454,18771.116173562,158282,TRUE,192.219038742874,71.9463151038638,15.6441964120375,20.0591294876213,15.981625673835,1.25513698628465,0.604340983714513,0,0.466647726402051,0.807254417247591,0.83407826806335,0.599602403329819,1.46387981614529,11191.7806849315,18770.5,3062.72002643719,5136.69699886467,TRUE,47.9452349814647,31.9635637422162,7.81317919671759,7.99997632908545,7.99997632704553,0.999999999912918,2.25828068850534e-05,89.7383772673932,0.589718736589913,0.857284413486196,0.904891475238315,0.74914873001998,1.30219953702617,11188.1001712329,18766.75,3061.71282451555,5135.67078146259,144.27380376141,0.249430208852024,0.332321140277345,1.43790746130417,0.183826311252332,89.7383772673932,3.91550860765997,TRUE,TRUE,TRUE,TRUE,TRUE,TRUE,FALSE,,,,,,,0.00340430108536353,-0.983669293915148,0,Duct2 singlet,Duct2 singlet,,2.50644480133913,0
PC1_cellid_000158315-1,PC1_A2,PASC,PC1,singlet,Duct2,Myeloid,,FALSE,FALSE,386.774727210271,406.296450574288,,,Duct2 singlet,472,411,11166.6326375932,18694.8677637467,158315,TRUE,128.036438717087,55.9642271014436,12.7679699616523,14.0113344836794,14.0113344816399,0.999999999950246,1.70621288889653e-05,179.607569290931,0.513715215841095,0.831528928831457,0.829186022388219,0.652190673982436,1.39520744551297,11165.9621575342,18697.35,3055.65458054088,5116.67891807476,TRUE,51.8813843529679,31.9908358222206,8.12757222015301,8.01817863654987,7.99081283793743,1.00342465734356,0.0825487159804206,90,0.637045197238995,0.896129766636074,0.915083457429637,0.809738650492814,1.25289557935365,11162.3081050228,18701,3054.65461993413,5117.67776967945,76.1550543641195,0.405207961645624,0.681259895083198,1.41337388657621,0.221393673169226,89.6075692909307,2.32019887074966,TRUE,TRUE,TRUE,TRUE,TRUE,TRUE,FALSE,,,,,,,0.0911526150387773,-0.808964209041859,0.0669281103633487,Duct2 singlet,Duct2 singlet,,3.09948132200418,3.09948132200418
PC1_cellid_000158320-1,PC1_A2,PASC,PC1,singlet,Duct2,Myeloid,,FALSE,FALSE,494.434706506052,499.540424522063,,,Duct2 singlet,904,736,11122.0726207959,18092.1229331279,158320,TRUE,227.943937833099,76.0783994862814,17.0360569273455,18.0136880649196,17.9931404844728,1.00114196728052,0.0477496444504154,89.8044520258137,0.494897403997627,0.863157626077985,0.787173743344911,0.703264083151221,1.42148542824644,11123.4958483333,18094.6,3044.03333640644,4951.73157431377,TRUE,67.9539942866096,35.9590482522119,9.30170483021358,10.0159168284518,7.99770110609127,1.25234948045211,0.601995932154671,179.803782346379,0.660402146760452,0.919039636993309,0.9029047324271,0.848318836422709,1.2305400742607,11116.225,18102,3042.04361078311,4953.75664332054,159.989943546489,0.298117137615585,0.424739160324888,2.83899850973989,0.333292911442428,89.9993303205652,3.86717604856594,TRUE,TRUE,TRUE,TRUE,TRUE,TRUE,FALSE,,,,,,,0.466295350269519,-0.843315043635518,0.0537685824055619,Duct2 singlet,Duct2 singlet,,0,2.49005561298419
PC1_cellid_000158356-1,PC1_A2,PASC,PC1,doublet_certain,Fibroblast,Duct2,Duct2__Fibroblast,FALSE,FALSE,527.517243937387,559.735866056463,TRUE,spatially_supported_contact,Supported Duct2-Fibroblast doublet,778,574,11441.7194643646,18772.6394192208,158356,TRUE,163.953801732066,59.9595304322628,14.4482685424564,16.0255007564408,14.0004393510327,1.14464270381103,0.486581727973207,89.8430256512241,0.573079547612436,0.871802121263603,0.851232212100911,0.73074898006527,1.32096875464619,11443.9202739726,18765.9,3131.72003551113,5135.43817218479,TRUE,20.0364681192256,24.0005514966954,5.05086364359833,8.47553691691294,4.25711899936344,1.99090908962892,0.864703233721565,135.000000000005,0.437107835080611,0.769142315022988,0.853378198203114,0.555313408041776,1.51253594424976,11443.9375,18776.75,3131.72474955088,5138.40736120147,143.91733361284,0.122208011685799,0.139222063213974,2.96919275881071,0.411010183812075,45.1569743487806,4.69870244942903,TRUE,TRUE,TRUE,TRUE,TRUE,FALSE,TRUE,PC1_A2,10.2068227201279,19.3940511993493,TRUE,TRUE,30,0.360792243847893,0.500244506919346,0.302601551475172,Supported Duct2-Fibroblast,Supported Duct2-Fibroblast,19.3940511993493,0,6.16663225555945
PC1_cellid_000158358-1,PC1_A2,PASC,PC1,singlet,Fibroblast,Bcell,,FALSE,FALSE,184.729890262837,186.326745909342,,,Fibroblast singlet,198,144,11732.5887464134,18764.7233390781,158358,TRUE,79.9534085521461,51.9685232804381,10.0895907501226,17.093262562316,9.29215477336716,1.83953700451418,0.839334663881403,67.928456826771,0.372019834101671,0.740314673429283,0.816393221916558,0.503379568986426,1.63952088196602,11728.925,18764.7,3209.71385138429,5135.10978261612,TRUE,20.0087593051527,24.000147934202,5.04736996745911,8.00909816495341,4.00461155906589,1.99996879631155,0.866020900000116,89.7383772506434,0.436518030046438,0.769705001130178,0.887137982823218,0.623844207029796,1.51355743719297,11728.9083333333,18761.05,3209.70929041806,5134.11093101143,59.9446492469933,0.250255238206641,0.333787244619143,0.998862017801205,0.197998519575055,21.8099204238724,2.52111039133173,TRUE,TRUE,TRUE,TRUE,TRUE,TRUE,FALSE,,,,,,,-0.367460388812933,0.801283865874251,0,Fibroblast singlet,Fibroblast singlet,,0,6.75645071347652
PC1_cellid_000158360-1,PC1_A2,PASC,PC1,singlet,Duct2,Tcell,,FALSE,FALSE,476.480787365801,479.435346617198,,,Duct2 singlet,716,600,11306.1729726862,18824.8531785662,158360,TRUE,179.970994037579,80.0187161470933,15.1375753181922,21.9296883943244,13.2337058400677,1.65710864778277,0.797392715876345,49.2141785251359,0.353206934299122,0.743446605318388,0.755670873325459,0.620138333483017,1.68261745283525,11308.95,18828.4,3094.78434380068,5152.54179555279,TRUE,76.0457168815741,39.9545952474661,9.83993973260784,12.0068606316551,8.00454251409624,1.50000585372691,0.745358319678759,89.8037823429385,0.59861990183668,0.905011452448666,0.904012945705539,0.791240981658146,1.29248176383451,11305.3,18824.75,3093.78549219599,5151.54294394809,103.925277156005,0.422544295451687,0.731734559245894,1.41258948615282,0.186633520176623,40.5896038178025,2.64881779279219,TRUE,TRUE,TRUE,TRUE,TRUE,TRUE,FALSE,,,,,,,0.856809029365903,-0.983669293915148,0,Duct2 singlet,Duct2 singlet,,2.70581306370385,0
PC1_cellid_000158376-1,PC1_A2,PASC,PC1,singlet,Duct2,Endothelium,,FALSE,FALSE,326.905073657009,329.03931345383,,,Duct2 singlet,430,385,11169.2257230851,18410.2699331279,158376,TRUE,83.9723099224258,47.9730235044112,10.3400612017526,13.4255442975513,10.7405023136904,1.24999221656679,0.599993358309977,153.121860250399,0.458513136112553,0.763986264124144,0.82245068773239,0.582343999872097,1.47680824599881,11174.025,18408.75,3057.86104167384,5037.70122681069,TRUE,32.036256828189,27.9959266767395,6.38669155814981,8.00909816618047,6.02053761826593,1.33029617458762,0.659491179048596,89.738377259198,0.513643664708613,0.799994389729487,0.862027264151557,0.66438967635116,1.39530461875364,11175.8165525114,18408.65,3058.35131430423,5037.6738610133,51.9360530942369,0.381509772137615,0.616840420350993,0.491035781764879,0.0949773451499255,63.3834829912008,1.9766848218014,TRUE,TRUE,TRUE,TRUE,TRUE,TRUE,FALSE,,,,,,,0.10434734612605,-0.983669293915148,0,Duct2 singlet,Duct2 singlet,,3.18865633930721,0
PC1_cellid_000158387-1,PC1_A2,PASC,PC1,singlet,Duct2,Fibroblast,,FALSE,FALSE,326.054590283412,334.178377378147,,,Duct2 singlet,410,357,11224.9760611773,18084.8809141279,158387,TRUE,72.1091930666314,40.0090610322514,9.58187226753611,10.0159168284518,10.0091691353485,1.0006741508984,0.0367006829514425,179.803782334721,0.566087781955111,0.837462437969152,0.887059338737201,0.71928648144511,1.32910138057396,11225.7498863636,18075.95,3072.0159692757,4946.62785310076,TRUE,15.964021337972,19.977594384946,4.50843911575857,6.02052164349181,3.98181756007962,1.5120033875268,0.750056127993359,89.6075692984964,0.50265010921524,0.800007505786956,0.882846009872956,0.665927301062211,1.41048057368264,11222.15,18090.6,3071.0308316672,4950.63694241822,56.1451717286594,0.221386769936627,0.284334713807274,4.12835236662756,0.861700561798894,89.8037869637755,2.53671657588878,TRUE,TRUE,TRUE,TRUE,TRUE,TRUE,FALSE,,,,,,,0.164352708511133,-0.80136136769586,0.0698406976246128,Duct2 singlet,Duct2 singlet,,0,3.23436500191066
PC1_cellid_000158389-1,PC1_A2,PASC,PC1,singlet,Fibroblast,Myeloid,,FALSE,FALSE,297.905723488843,300.529263230805,,,Fibroblast singlet,324,245,11455.231870395,18290.7020598411,158389,TRUE,95.9994330020197,43.9772798915895,11.0557801339537,12.0044629321204,10.0069055051811,1.19961789612406,0.552370432552062,89.7383772504309,0.623766152337933,0.905856040470673,0.885905565848153,0.799146007883755,1.26616148144475,11453.1051912568,18290.8,3134.23356136546,5005.4232687906,TRUE,20.0091337485904,24.0002722461978,5.04741719541789,6.02047542594315,5.99310962855524,1.0045662095865,0.0952378492668543,89.9999999961202,0.436521676977051,0.769719405370789,0.853713132107898,0.554555832208855,1.51355111465418,11449.4,18279.75,3133.21960623325,5002.39934817914,75.9902992534294,0.20842970755968,0.263311685077412,3.18938879325829,0.576963135815924,0.261622745689266,3.00418146926791,TRUE,TRUE,TRUE,TRUE,TRUE,TRUE,FALSE,,,,,,,-0.367460388812933,0.774116164951686,0,Fibroblast singlet,Fibroblast singlet,,0,6.56649877648429
PC1_cellid_000158407-1,PC1_A2,PASC,PC1,singlet,Fibroblast,Myeloid,,FALSE,FALSE,325.359059270841,325.611282867988,,,Fibroblast singlet,453,320,11673.7922347463,18318.9298406363,158407,TRUE,151.980972950298,60.0139026874263,13.9107219369681,16.0035483075461,14.0059273190912,1.14262682790058,0.483804010873387,89.8434545372139,0.530267908903472,0.854201610812029,0.839837702486909,0.67804897999153,1.37325859981011,11672.4433967737,18319.15,3194.25721028344,5013.18147235032,TRUE,16.0183156358146,16.0092719870857,4.51609930222628,4.02286529602042,3.99550013679751,1.00684899400092,0.116441132742349,89.6102388046806,0.785386704395213,0.999999999953248,0.999999999829063,0.996575500737261,1.12838739794555,11676.149829932,18326.4,3195.27150527188,5015.16549266101,135.962657314483,0.105396848854225,0.117814081829733,2.22825737220785,0.320365453223898,0.233215732533381,4.69731131737089,TRUE,TRUE,TRUE,TRUE,TRUE,TRUE,FALSE,,,,,,,-0.367460388812933,1.59711107367529,0,Fibroblast singlet,Fibroblast singlet,,0,5.8698642182937
PC1_cellid_000158429-1,PC1_A2,PASC,PC1,singlet,Duct2,Fibroblast,,FALSE,FALSE,266.301372155398,274.887986794875,,,Duct2 singlet,351,309,11246.2385667696,18147.7060431544,158429,TRUE,68.0090374713178,40.0370411263596,9.3054712888632,12.0081567976389,8.00730710951827,1.49964983599305,0.745216732621798,179.843454571726,0.533153843105754,0.850011231950676,0.864129461824722,0.707300219102391,1.3695368675158,11247.9501677383,18145.35,3078.09125329644,4965.61971648859,TRUE,15.9636468945407,20.0323859192121,4.50838624169646,6.00229394396725,4.00448660507501,1.49889225057178,0.744915018083283,89.73837724725,0.49989249949481,0.798909377078231,0.880819021039437,0.664152799725208,1.41436561456471,11244.2496621622,18141.65,3077.07858043811,4964.6071819852,52.045390576777,0.234728316790632,0.306725470105254,1.43203786212308,0.307784058344064,89.8949226755238,2.39854252358337,TRUE,TRUE,TRUE,TRUE,TRUE,TRUE,FALSE,,,,,,,-0.367460388812933,-0.788180949910342,0,Duct2 singlet,Duct2 singlet,,0,0
PC1_cellid_000158433-1,PC1_A2,PASC,PC1,singlet,Fibroblast,Myeloid,,FALSE,FALSE,139.943548835444,146.895052388311,,,Fibroblast singlet,140,122,11809.1375245059,18127.1466483398,158433,TRUE,40.045601867812,32.0187005105574,7.14056327545793,8.95847706311079,7.1594386371775,1.25128205068579,0.601091343663337,153.434948825257,0.490859595785315,0.769430555044912,0.856913058725605,0.624369482948115,1.42732001910192,11810.5836927953,18128.65,3232.06040380499,4961.04962832466,TRUE,16.0456500064434,20.0048349422375,4.51995089676688,6.02053762020877,4.01365028283474,1.50001549508486,0.745362152441239,89.7395664321857,0.50384532607183,0.800822276180067,0.923712969388004,0.664022066044073,1.40880661638595,11803.3331818182,18135.9,3230.07624366134,4963.03364863535,23.9999518613686,0.400684451076606,0.668570090991952,2.8059273099764,0.785912033511764,63.6953823930713,1.31030618934553,TRUE,TRUE,TRUE,TRUE,TRUE,TRUE,FALSE,,,,,,,-0.367460388812933,0.736631547952916,0,Fibroblast singlet,Fibroblast singlet,,0,6.46747687363534
PC1_cellid_000158457-1,PC1_A2,PASC,PC1,singlet,Fibroblast,Myeloid,,FALSE,FALSE,131.127013870216,131.165321490755,,,Fibroblast singlet,104,89,11863.7464293336,18658.2415608494,158457,TRUE,28.0727730860491,24.0549101301837,5.97857548447243,6.04784122251718,5.99310962855524,1.00913241949381,0.134229835879346,89.9999999961377,0.609660000161882,0.875534275350277,0.901894202618558,0.77452013469703,1.28072577180132,11863.75,18658.25,3246.60978771374,5105.97889129574,TRUE,16.0456500064488,20.0320441966458,4.51995089676765,5.99310962896243,4.02277221656195,1.4897959174053,0.741246534731593,0,0.502477523068292,0.800822276180078,0.882192445461851,0.665548410966602,1.41072278204006,11867.375,18650.95,3247.60179786908,5103.98118808636,12.0271230796003,0.571573387194407,1.33412204123223,2.23044889228275,0.746147268898486,89.9999999961377,0.729312293852391,TRUE,TRUE,TRUE,TRUE,TRUE,TRUE,FALSE,,,,,,,-0.367460388812933,0.419699713939676,0,Fibroblast singlet,Fibroblast singlet,,0,6.17746522506388
PC1_cellid_000158459-1,PC1_A2,PASC,PC1,singlet,Duct2,Fibroblast,,FALSE,FALSE,322.427416635258,340.724902806641,,,Duct2 singlet,454,405,11382.6427374613,18059.7400424827,158459,TRUE,84.0269786636932,51.9954897718216,10.3434265144212,18.0068517790062,8.00177415171188,2.2503574121741,0.89584143490128,179.843454545196,0.390568546259935,0.763539423133877,0.847096016653034,0.583169321113986,1.60011562930041,11390.1131849315,18053.55,3116.99529654333,4940.49791448567,TRUE,43.8993736839802,32.0184824745844,7.4762569888648,10.0250242253799,5.98405026988526,1.67529077608961,0.802307233370825,179.738377258338,0.53810459311268,0.845709380488176,0.878379071304267,0.731775154673609,1.363222201043,11379.1753424658,18060.8,3114.00206873545,4942.48193479636,40.127604979713,0.52244379575347,1.09399436361163,3.59106520451934,0.694366647758141,0.105077286857778,1.43358476277821,TRUE,TRUE,TRUE,TRUE,TRUE,TRUE,FALSE,,,,,,,-0.367460388812933,-0.591904749814233,0,Duct2 singlet,Duct2 singlet,,0,3.80783654332461
PC1_cellid_000158465-1,PC1_A2,PASC,PC1,singlet,Fibroblast,Duct2,,FALSE,FALSE,320.365018966954,326.252879602222,,,Fibroblast singlet,324,272,11889.2686675778,18221.9474157536,158465,TRUE,140.009267498853,59.9871998327536,13.3516042485142,16.9705236644033,12.7472431772189,1.33130932114709,0.660142669035267,134.804452021667,0.488933132174993,0.843266953831287,0.804214774705392,0.647210074541421,1.4301291733404,11891.35,18223.3,3254.16274779305,4986.95135555316,TRUE,16.0460244498779,19.9776880957369,4.52000363554852,6.02052164349277,4.00918271476808,1.50168302811601,0.746023612290646,89.6075693179055,0.505227354965089,0.800825998362781,0.883809079705346,0.664779285420404,1.40687843024696,11880.3873287671,18219.7,3251.16272539506,4985.96618684716,123.963243048975,0.114606873783289,0.129441793017984,3.15764022138586,0.472997874694685,45.1968827037615,4.41580030648286,TRUE,TRUE,TRUE,TRUE,TRUE,TRUE,FALSE,,,,,,,0.588273810701043,0.6263211347275,0.397124072884066,Fibroblast singlet,Fibroblast singlet,,0,6.13980472783986
PC1_cellid_000158474-1,PC1_A2,PASC,PC1,doublet_certain,Duct2,Fibroblast,Duct2__Fibroblast,FALSE,FALSE,305.54785020237,330.940346884857,TRUE,spatially_supported_contact,Supported Duct2-Fibroblast doublet,359,316,11423.7650260273,18427.8400206347,158474,TRUE,48.0272380933683,36.0141953140239,7.8198579760049,10.010558304265,8.01273513736035,1.24933098738915,0.599428378663942,89.6860536690028,0.465318206296188,0.800093568700661,0.8570079353768,0.598754134941736,1.46596964317223,11428.0252054795,18426,3127.37022327248,5042.42182686026,TRUE,20.0091337485852,20.0051138392083,5.04741719541724,6.01141578081916,4.01373339911033,1.49771177578785,0.744443726768524,179.738377266901,0.62828414040802,0.908174711049879,0.941087602832116,0.829283449130656,1.26160078683767,11422.5748287671,18429.65,3125.87868422444,5043.42067846495,28.018104344783,0.416620537402544,0.714150161453354,1.79510257646308,0.459113855361614,89.9476764021017,1.38622039029383,TRUE,TRUE,TRUE,TRUE,TRUE,FALSE,TRUE,PC1_A2,11.6688463840483,11.1736033137035,TRUE,TRUE,30,0.0112361135882391,-0.295233114456569,0.157354939790772,Supported Duct2-Fibroblast,Supported Duct2-Fibroblast,11.6688463840483,0,4.72224730866537
PC1_cellid_000158481-1,PC1_A2,PASC,PC1,singlet,Duct2,Acinar,,FALSE,FALSE,257.439312060442,257.360013051847,,,Duct2 singlet,314,282,11271.3555090518,18219.9354562937,158481,TRUE,72.1091930666361,40.009982552748,9.58187226753643,10.0432476420974,9.98851604894985,1.00547945161501,0.104256818448039,0,0.566061705688522,0.857322838844518,0.844955052373957,0.718812287527355,1.32913199349341,11270.1420454545,18218.4,3084.16423758903,4985.61043148111,TRUE,32.0089224575542,24.0274506154102,6.38396631079139,6.02047542675901,5.99310962814756,1.00456620979096,0.0952378513846438,0,0.696731637791022,0.941318974134915,0.950485854201649,0.887131589672652,1.19802873237849,11270.124829932,18218.3,3084.159526424,4985.58306568372,40.1002706090819,0.443895169143493,0.798222105820966,0.0277683622611087,0.00579602011544827,0,1.59895297837252,TRUE,TRUE,TRUE,TRUE,TRUE,TRUE,FALSE,,,,,,,-0.367460388812933,-0.724008104291443,0,Duct2 singlet,Duct2 singlet,,0,0
PC1_cellid_000158517-1,PC1_A2,PASC,PC1,singlet,Fibroblast,Duct2,,FALSE,FALSE,289.492917589286,296.029025782123,,,Fibroblast singlet,355,295,11412.1587104756,18187.4528669375,158517,TRUE,79.8991142543068,43.9774143153076,10.0861643778939,12.0204497307245,9.99539260035893,1.20259905819025,0.555476354378877,179.80378234816,0.519149507849901,0.81602597441702,0.839331609547566,0.664999610900013,1.3878859412232,11412.5253424658,18184.9,3123.12856216461,4976.44288935586,TRUE,27.9634356035074,28.0228570341746,5.96692148574462,8.01817863573351,5.99310962937011,1.33789954263109,0.66432901346182,90.0000000029132,0.4474819992656,0.777357940630643,0.861223714693807,0.581919054779009,1.49490025126771,11419.8,18181.2,3125.11933020616,4975.43035485247,51.9356786507994,0.349984300339102,0.538424380398324,2.23346894220819,0.442877758898032,89.8037823452467,2.05962144607465,TRUE,TRUE,TRUE,TRUE,TRUE,TRUE,FALSE,,,,,,,-0.367460388812933,0.930321610702408,0,Fibroblast singlet,Fibroblast singlet,,0,5.82608319836513
PC1_cellid_000158523-1,PC1_A2,PASC,PC1,singlet,Duct2,Fibroblast,,FALSE,FALSE,355.413764528885,372.714046713349,,,Duct2 singlet,527,456,11387.5233747322,18089.2822363846,158523,TRUE,123.853156679559,55.9910460681666,12.5576565020984,14.0250170623055,13.9974644737123,1.00196839834121,0.0626514463351607,179.607569290672,0.496454876843464,0.804938175460539,0.838474526411662,0.630890964928965,1.41925394230792,11386.6062214612,18097.3,3116.03558802554,4952.47045084327,TRUE,80.0365349943532,40.0092202269625,10.0948343908353,10.0160313830605,9.99404935251563,1.00219951163206,0.0662159550412653,179.686911424978,0.628315781802478,0.909318313302685,0.928706160108492,0.799560097302954,1.26156902031923,11382.9247260274,18089.95,3115.02811744425,4950.45906473519,43.8166216852055,0.646221195596709,1.82662496326391,2.24959352949203,0.358282379444493,0.0793421343060459,1.23141105563157,TRUE,TRUE,TRUE,TRUE,TRUE,TRUE,FALSE,,,,,,,-0.0301883403380061,-0.565290469084603,0.140142363460916,Duct2 singlet,Duct2 singlet,,0,0
PC1_cellid_000158545-1,PC1_A2,PASC,PC1,singlet,Fibroblast,Duct2,,FALSE,FALSE,296.892733818119,301.979318463941,,,Fibroblast singlet,326,261,11725.7725527484,18113.0907064711,158545,TRUE,60.0547356163973,40.0096765974139,8.74437329003127,12.0135850544989,7.99081283589902,1.50342465742824,0.746711492806021,0,0.471440665897691,0.789718843854485,0.866631266840359,0.625581177725611,1.45641947992497,11726.5126712329,18117.9,3209.05369838153,4958.10780510536,TRUE,15.9636468945391,20.0047412314456,4.50838624169623,6.02053762020877,3.99536514929442,1.50688044549528,0.74806749303918,179.73956643219,0.501275063802624,0.800003752948912,0.923099515827526,0.663651929451854,1.41241379035573,11737.4753424658,18117.9,3212.05372077952,4958.10780510536,44.0910887218582,0.265818286069054,0.362060619360585,3.00002239798914,0.686160641048481,0.260433567809571,2.11799352416752,TRUE,TRUE,TRUE,TRUE,TRUE,TRUE,FALSE,,,,,,,0.200716773247439,0.972904724672222,0.23608742768844,Fibroblast singlet,Fibroblast singlet,,0,6.13366416677239
PC1_cellid_000158553-1,PC1_A2,PASC,PC1,doublet_certain,Duct2,Fibroblast,Duct2__Fibroblast,FALSE,FALSE,629.254153547742,668.24996352872,TRUE,spatially_supported_contact,Supported Duct2-Fibroblast doublet,1182,961,11638.8932217028,18027.1130242814,158553,FALSE,143.944667983485,60.0691562053361,13.5379482762473,16.0091782676828,13.9976519063344,1.14370455642694,0.485292839936005,179.607569291105,0.501305400777652,0.856675833110397,0.822568796441743,0.642349443755109,1.4123710535908,11638.4743150685,18023.25,3184.96130020915,4932.20607787686,TRUE,59.9173148763545,35.9868176055001,8.73436286828771,9.98851604609607,8.01817863532533,1.24573378780576,0.59632954990238,179.999999995323,0.581400393420544,0.882088342777491,0.86968912016022,0.748127542210724,1.31148201473734,11638.475,18023.35,3184.96148764612,4932.23344367425,84.0273531071302,0.416252409426284,0.713069169188664,0.0273664392883831,0.00404292270727155,0.392430704217816,2.40179270397978,TRUE,TRUE,TRUE,TRUE,TRUE,FALSE,TRUE,PC1_A2,12.1573086529414,15.2753304129722,TRUE,TRUE,30,0.00202043358609074,-0.197646934158932,0.153525665523188,Supported Duct2-Fibroblast,Supported Duct2-Fibroblast,15.2753304129722,0,3.27263308627045
PC1_cellid_000158575-1,PC1_A2,PASC,PC1,doublet_certain,Duct2,Fibroblast,Duct2__Fibroblast,FALSE,FALSE,515.273138866863,542.104761699471,TRUE,spatially_supported_contact,Supported Duct2-Fibroblast doublet,820,710,11480.9499887974,18566.215141649,158575,TRUE,132.027631273289,55.9638271459567,12.9654464302185,14.0182349460087,14.0113935380037,1.00048827443527,0.0312383496740765,179.803782350139,0.529736481433704,0.835932110161729,0.847183057574867,0.672187087945854,1.37394724822948,11479.725204918,18564.75,3141.51834036885,5080.39187073721,TRUE,56.1462950589582,36.0140914338264,8.45503892122526,10.0228283682566,8.01140727553142,1.25106963360169,0.600910892693038,89.8044520255471,0.543983894580039,0.849109812439401,0.860476208069951,0.699233133868602,1.3558354311321,11479.7314846416,18564.75,3141.52005886529,5080.39187073721,75.8813362143311,0.425261701003225,0.739922329424598,0.00171849643902533,0.000265088664030751,89.9993303245917,2.2552037544966,TRUE,TRUE,TRUE,TRUE,TRUE,FALSE,TRUE,PC1_A2,9.24837123693901,17.1903468520261,TRUE,TRUE,30,-0.0768907105664578,-0.40975962871649,0.120736721716701,Supported Duct2-Fibroblast,Supported Duct2-Fibroblast,17.1903468520261,0,3.62661476861581
PC1_cellid_000158579-1,PC1_A2,PASC,PC1,singlet,Fibroblast,Bcell,,FALSE,FALSE,396.165887277956,401.151333663059,,,Fibroblast singlet,505,305,11690.1360369322,18245.2694788266,158579,TRUE,140.035478539188,59.9866088354905,13.3528539624309,16.0181963303214,14.0022702711225,1.14397137157293,0.48566007893463,179.738377251904,0.489034300955543,0.814469024810611,0.809551299294867,0.624346974210645,1.42998123698109,11690.45,18242.45,3199.18486083895,4992.19190575311,TRUE,12.0001631524009,16.009303573961,3.90884666735734,6.02053762020878,1.99780695709111,3.01357325370817,0.94333850386276,179.739566432181,0.588372186816262,0.999999999937594,0.999999999829063,0.997696284799236,1.30368879314591,11701.4246575343,18242.3,3202.18816338389,4992.15085705703,128.035315386787,0.0856937347358428,0.0937254156418633,3.00358305559796,0.449878813855067,0.00118918027732207,4.72200364753677,TRUE,TRUE,TRUE,TRUE,TRUE,TRUE,FALSE,,,,,,,-0.367460388812933,1.11784400241136,0,Fibroblast singlet,Fibroblast singlet,,0,6.91859728158283
PC1_cellid_000158588-1,PC1_A2,PASC,PC1,singlet,Fibroblast,Myeloid,,FALSE,FALSE,312.716004475012,320.320643348726,,,Fibroblast singlet,404,350,11549.2346899024,18031.1725999828,158588,TRUE,111.881076784658,47.9733174233505,11.9353010548447,14.0004393510332,9.99410164714623,1.40087021740442,0.700306787775231,179.843025656857,0.610895601767788,0.90312898603621,0.887520440223116,0.79959710071301,1.27942991422194,11547.1586757991,18031,3159.9720473824,4934.3269271745,TRUE,31.9819625303526,32.0460034757545,6.3812772555252,8.0183654282772,7.99081284112399,1.00344803275399,0.0828285136197153,89.6075693006332,0.391351698680559,0.726712725032793,0.830390797947489,0.499146817459175,1.59851379362846,11543.5,18030.9,3158.97082157611,4934.29956137711,79.8991142543051,0.285856763687134,0.400279312541022,1.00159972147108,0.167838199504173,89.7645436437757,2.77701189965976,TRUE,TRUE,TRUE,TRUE,TRUE,TRUE,FALSE,,,,,,,0.354374863012635,0.244675266434935,0.299935018859889,Fibroblast singlet,Fibroblast singlet,,0,5.41062891522782
PC1_cellid_000158618-1,PC1_A2,PASC,PC1,singlet,Duct2,Fibroblast,,FALSE,FALSE,292.68059115818,303.519982328114,,,Duct2 singlet,333,299,11323.7974413918,18304.6950711756,158618,TRUE,92.0909924445874,44.0595244434087,10.8283836879913,14.011395160304,8.0026174196813,1.7508515552741,0.820845258095838,89.7761894996306,0.596138824326881,0.920241565228068,0.911358397858458,0.821303581373939,1.29516856909347,11325.2321165742,18305.8,3099.24007483299,5009.52813839892,TRUE,11.9997887089655,15.9819068206196,3.90878568262848,4.02277221656096,3.99540641835669,1.00684931458367,0.116443830081123,90.0000000058066,0.590372710795328,0.857421874954096,0.926777983245014,0.746598639421642,1.30147809319331,11318,18316.75,3097.26094846436,5012.52469321299,80.0912037356219,0.130303609388105,0.149826549580627,3.59113936470488,0.663282621219757,0.223810506175937,3.4597990026814,TRUE,TRUE,TRUE,TRUE,TRUE,TRUE,FALSE,,,,,,,0.523016617287016,-0.59162600522406,0.15018862508643,Duct2 singlet,Duct2 singlet,,0,3.43495544623391
PC1_cellid_000158636-1,PC1_A2,PASC,PC1,singlet,Duct2,Endothelium,,FALSE,FALSE,490.935050667904,498.11624827562,,,Duct2 singlet,766,649,11340.4143590331,18645.7581668702,158636,TRUE,160.045361174633,64.0378217956519,14.275016034981,16.0227886413943,15.9999734809903,1.00142594971739,0.0533461465823053,89.8694859148453,0.490433188939687,0.850767123938699,0.820407266894827,0.624289059561757,1.42794037588019,11333.8293849658,18645.7,3101.59278588201,5102.54448372345,TRUE,52.045390576777,35.9590326384227,8.14040842977423,10.0021517709488,8.01817799487457,1.24743448872409,0.59779997233831,89.607569294354,0.505796868530349,0.812982546431901,0.850712035961228,0.64895284243941,1.40608615411417,11337.525,18656.6,3102.60412040453,5105.52735563883,107.999970597856,0.32519149690778,0.481901895749139,3.14965432706585,0.441282071408507,0.261916620491348,3.06730380260338,TRUE,TRUE,TRUE,TRUE,TRUE,TRUE,FALSE,,,,,,,0.395273130826543,-0.983669293915148,0,Duct2 singlet,Duct2 singlet,,2.64296612938031,0
PC1_cellid_000158647-1,PC1_A2,PASC,PC1,singlet,Fibroblast,Endothelium,,FALSE,FALSE,231.564623480904,235.852271687912,,,Fibroblast singlet,208,179,11754.6234435863,18134.8847577814,158647,TRUE,47.9999037227283,31.9912106785706,7.81763235022332,8.00909816451017,8.00010128556929,1.00112459528699,0.0473856813192694,89.7383772478548,0.589371157368647,0.889115462232024,0.890253460838699,0.749137028784939,1.30258346384635,11752.1997716895,18139.75,3216.08317824754,4964.08723183482,TRUE,15.963272451107,15.9816256750585,4.5083333670139,3.99540641998792,3.99540641998792,0.999999999315068,0,90,0.785398163395217,0.999999999953087,0.999999999828767,0.999999999340826,1.12837916629877,11755.8,18128.8,3217.06840943253,4961.09067702074,32.0366312716213,0.332568843054212,0.498281867115809,3.15436542613819,0.806987404051613,0.261622752145186,1.65464949160471,TRUE,TRUE,TRUE,TRUE,TRUE,TRUE,FALSE,,,,,,,-0.367460388812933,0.661245345471676,0,Fibroblast singlet,Fibroblast singlet,,0,5.48639157583144
PC1_cellid_000158676-1,PC1_A2,PASC,PC1,singlet,Fibroblast,Myeloid,,FALSE,FALSE,145.939154933127,149.533018434757,,,Fibroblast singlet,122,105,11800.7805114076,18111.583371471,158676,TRUE,24.0546206026327,24.000147650211,5.5341931828292,6.02053762020877,6.01133285500033,1.00153123486749,0.0552761335080692,89.7395664321904,0.524783955233482,0.800730418287863,0.88866606229502,0.664649161040824,1.38041517709242,11803.2248863636,18110.35,3230.04660774667,4956.04168740251,TRUE,8.03630496682357,12.0136787710676,3.19877183889557,3.99540641958074,2.02506900677059,1.97297297071031,0.862034669789841,1.75461494513344e-08,0.699703816265574,0.999999999906812,0.999999999772211,0.993243242948669,1.1954815507511,11799.6,18110.35,3229.05462868882,4956.04168740251,16.0183156358092,0.334085708365035,0.501694756459996,0.991979057847857,0.358490938603566,89.7395664146443,1.16771067196681,TRUE,TRUE,TRUE,TRUE,TRUE,TRUE,FALSE,,,,,,,0.852496324772934,-0.0504662455572366,0.357502568727242,Fibroblast singlet,Fibroblast singlet,,0,4.41844550704077
PC1_cellid_000158681-1,PC1_A2,PASC,PC1,singlet,Fibroblast,Endothelium,,FALSE,FALSE,154.869799359956,157.638785796661,,,Fibroblast singlet,132,98,11932.6980734323,18335.6918848364,158681,TRUE,40.0182674971762,35.9594074815883,7.13812585271474,8.49488745695579,8.47553691662572,1.00228310463132,0.0674582809819491,45.0000000058354,0.388904611390662,0.714847564636687,0.791462695946847,0.555819057495828,1.60353503619491,11928.325,18336.45,3264.28125137756,5017.91575529858,TRUE,19.9817993779533,20.0322944570115,5.04396839234493,6.02053762020877,4.00456990953857,1.50341678434783,0.746708390226754,89.7395664321904,0.625724366974786,0.908076098393352,0.940207514562645,0.828787972689356,1.26417869197295,11931.9584090909,18340.1,3265.27556274768,5018.91460690328,20.0364681192228,0.499316952548487,0.997271537532616,1.40938271202435,0.394888724899534,44.739566426355,1.04707873018491,TRUE,TRUE,TRUE,TRUE,TRUE,TRUE,FALSE,,,,,,,-0.367460388812933,1.14865266428484,0,Fibroblast singlet,Fibroblast singlet,,0,6.81354449462111
PC1_cellid_000158693-1,PC1_A2,PASC,PC1,singlet,Duct2,Fibroblast,,FALSE,FALSE,487.155621617928,497.97086310179,,,Duct2 singlet,752,632,11463.8460209361,18646.961506436,158693,TRUE,96.0544761867289,48.0281274229581,11.0589492054971,14.1517247666436,9.92045060001954,1.42652036014492,0.713154913957959,134.738377255932,0.523282442977714,0.841673201407999,0.829093123076054,0.684190178573784,1.3823942478751,11461.7246590909,18652.35,3136.59234746893,5104.3643092498,TRUE,35.9720317562625,28.0233262388359,6.76764459295422,7.99081283589902,5.99310962692401,1.33333333272456,0.661437827766183,90.0000000146194,0.575619458581251,0.857321339315079,0.87332929031533,0.751141552806271,1.31805115633086,11461.75,18648.8,3136.59928221076,5103.3928234425,60.0824444304664,0.374496152397815,0.59871118912124,0.971510558066023,0.175696720955395,44.7383772413129,2.14565230627145,TRUE,TRUE,TRUE,TRUE,TRUE,TRUE,FALSE,,,,,,,0.958096783414105,0.016277156927052,0.383071428447231,Duct2 singlet,Duct2 singlet,,0,2.66011073881309
PC1_cellid_000158708-1,PC1_A2,PASC,PC1,singlet,Duct2,Fibroblast,,FALSE,FALSE,316.307062406126,323.712082634083,,,Duct2 singlet,489,426,11034.6007776886,18066.2863423399,158708,TRUE,132.054591200494,56.0185049454226,12.9667701290763,16.0090850299835,12.0067904229911,1.33333592595069,0.661439481563449,179.804452024408,0.528810830461763,0.835524398647533,0.843292842651261,0.687005262269152,1.37514922771725,11035.6671232877,18058.5,3019.9983054613,4941.85252145642,TRUE,36.0274493844016,31.9914605775949,6.77285562020664,8.49488745782097,7.08229797166799,1.19945355144919,0.552198026272061,135,0.442359383387505,0.750146184000905,0.806319733623581,0.598827439404077,1.50353096855339,11044.8498287671,18072.95,3022.51122603761,4945.8068791791,96.0271418160925,0.272822391513629,0.375179857478714,4.68526571517633,0.722657325040976,44.8044520244082,3.09695725443483,TRUE,TRUE,TRUE,TRUE,TRUE,TRUE,FALSE,,,,,,,0.659047424819459,-0.595089240947449,0.148861887385135,Duct2 singlet,Duct2 singlet,,0,3.06571987848673
PC1_cellid_000158709-1,PC1_A2,PASC,PC1,singlet,Fibroblast,Myeloid,,FALSE,FALSE,242.504395875838,247.383132412532,,,Fibroblast singlet,254,211,11861.0442454873,18880.2176882972,158709,TRUE,107.944927413159,55.9364083498782,11.7234700595003,15.5912699628965,10.3823107164085,1.50171482867933,0.74603619926566,68.0633954372519,0.433533786057747,0.783067992596489,0.798459823726943,0.666847803688098,1.5187578148943,11864.5626712329,18884.8,3246.83218167676,5167.97610528007,TRUE,19.9544650073115,20.0047408779172,5.0405172295453,6.01141578054441,3.99536476621823,1.50459748437863,0.747173016638027,89.738377249178,0.626590912421665,0.909092459880242,0.9405291625537,0.830819891904703,1.2633042400173,11860.9585034014,18895.8,3245.84587241044,5170.98634299284,87.9904624058472,0.184857829669821,0.226779862947029,3.16770217290182,0.540403507053918,21.6749818119261,3.34147641497751,TRUE,TRUE,TRUE,TRUE,TRUE,TRUE,FALSE,,,,,,,-0.367460388812933,0.453592807951003,0,Fibroblast singlet,Fibroblast singlet,,0,5.06563038977241
PC1_cellid_000158725-1,PC1_A2,PASC,PC1,singlet,Duct2,Myeloid,,FALSE,FALSE,583.955180168567,595.888446128383,,,Duct2 singlet,894,710,11212.2482128472,18620.6270946991,158725,TRUE,191.972280520272,59.9317772899177,15.6341516895354,16.009051042448,14.0113778227126,1.14257507305031,0.483732292564426,89.6860536611317,0.67163616650425,0.923229711207687,0.902231341146157,0.855839034515326,1.22020545680332,11213.1549543379,18616.85,3068.56926569628,5094.64945117678,TRUE,67.926659915982,35.9590170134912,9.29983384511815,10.0090754188012,7.99770110462014,1.25149405866072,0.60127130143479,89.8037823423722,0.660137648160733,0.919009696334057,0.90290464807742,0.848557212063767,1.23078657098118,11216.8562214612,18631.4,3069.58214695806,5098.63117469685,124.04562060429,0.353835771124626,0.547594180105675,4.10853387971224,0.525584496817491,0.117728681240436,3.16715892220862,TRUE,TRUE,TRUE,TRUE,TRUE,TRUE,FALSE,,,,,,,1.13511485237066,-0.983669293915148,0,Duct2 singlet,Duct2 singlet,,2.50026168277011,0
PC1_cellid_000158742-1,PC1_A2,PASC,PC1,doublet_certain,Duct2,Fibroblast,Duct2__Fibroblast,FALSE,FALSE,336.946464881872,359.352619215329,TRUE,spatially_supported_contact,Supported Duct2-Fibroblast doublet,484,429,11372.2115230371,18407.3543019885,158742,TRUE,95.8900955194817,48.0280206120012,11.0494824115809,12.0137020416981,11.9999255046696,1.00114805165111,0.0478764632512074,89.8037823392649,0.522389258845795,0.841649466911819,0.834779925378796,0.665148084455407,1.38357555592031,11369.4564212329,18404.35,3111.34240844248,5036.49713172558,TRUE,51.9910962789382,31.9912886098756,8.13616124204021,8.01822533409561,8.00458921335466,1.00170353751283,0.0582957058437436,179.804452023725,0.638374265808525,0.896748818092765,0.915867653217475,0.810049706033974,1.2515906616601,11369.4748858447,18404.3,3111.34746143075,5036.48344882689,43.8989992405435,0.542194644732139,1.18433443054615,0.0145861032200727,0.00264014234338862,89.99933031554,1.45666058477036,TRUE,TRUE,TRUE,TRUE,TRUE,FALSE,TRUE,PC1_A2,9.8342748093304,26.0251062053509,TRUE,TRUE,30,-0.367460388812933,-0.556026552696378,0,Supported Duct2-Fibroblast,Supported Duct2-Fibroblast,26.0251062053509,0,0
PC1_cellid_000158797-1,PC1_A2,PASC,PC1,singlet,Duct2,Endothelium,,FALSE,FALSE,204.237877342704,206.41337677509,,,Duct2 singlet,249,222,11152.7540394758,18621.6532955887,158797,TRUE,75.9906736968714,51.9959496614308,9.8363779300067,18.9606192542422,7.6085351873607,2.49201965694001,0.91595502303783,18.1991650599715,0.353208486304109,0.774804526428789,0.838400897884845,0.526752643786502,1.6826137559134,11158.35,18620.75,3053.57145293314,5095.71671727494,TRUE,23.9175743060245,24.0002416449934,5.51840569554033,8.01817863451046,3.99540641794901,2.0068493140016,0.867008404012289,0,0.521790018530782,0.856152907881084,0.902146229938485,0.746587030889678,1.38436979872077,11154.7003424658,18620.75,3052.57269504694,5095.71671727494,52.073099390847,0.314743548639729,0.459307676731749,0.998757886206931,0.203074320910219,18.1991650599715,2.15898611723318,TRUE,TRUE,TRUE,TRUE,TRUE,TRUE,FALSE,,,,,,,0.0512418100332147,-0.983669293915148,0,Duct2 singlet,Duct2 singlet,,0,0
PC1_cellid_000158813-1,PC1_A2,PASC,PC1,singlet,Fibroblast,Acinar,,FALSE,FALSE,127.922526885261,130.590708422899,,,Fibroblast singlet,117,94,11885.1963573446,18731.2316392416,158813,TRUE,40.072561795012,32.018669909354,7.14296649412923,10.0068223888021,6.01145725155976,1.66462505936482,0.799447560971003,179.739566438099,0.4911909964083,0.800213850950349,0.868024487045184,0.666148650786631,1.42683844008476,11889.5873287671,18731.2,3253.68037875483,5125.94224049087,TRUE,7.98163622555569,15.9816256750605,3.18787309566554,5.65035794489772,2.82517897172765,1.99999999857328,0.866025403858132,135.000000002927,0.392699081697618,0.666666666625057,0.853553390447117,0.500000000053347,1.59576912001226,11885.95,18738.55,3252.68499473405,5127.95362659895,32.0909255694563,0.199179584883874,0.248719414645531,2.24420663589266,0.628368236489275,44.7395664351721,1.97754669923184,TRUE,TRUE,TRUE,TRUE,TRUE,TRUE,FALSE,,,,,,,-0.367460388812933,0.782500018252842,0,Fibroblast singlet,Fibroblast singlet,,0,6.52906941044671
PC1_cellid_000158824-1,PC1_A2,PASC,PC1,singlet,Fibroblast,Myeloid,,FALSE,FALSE,353.406144865183,356.229858693935,,,Fibroblast singlet,379,282,11668.233997901,18164.1433259073,158824,TRUE,95.9724730748279,44.0047573310199,11.0542276041749,12.00275844693,9.99946220360642,1.20034039823825,0.553126900271404,179.686053674785,0.622812455546256,0.90559844536062,0.885096593586603,0.799629811273581,1.26713053097068,11668.2499247613,18165.65,3193.10963322897,4971.17497335852,TRUE,27.9634356035008,24.0274506154082,5.96692148574392,6.02047542635182,5.99310962773938,1.00456620979144,0.0952378513895859,3.87510455066563e-09,0.608674356724436,0.874360445355398,0.901451235245961,0.775010377681593,1.2817623099064,11664.562755102,18169.35,3192.10060985063,4972.1875078619,68.009037471327,0.291369334400548,0.411172347663039,1.42945944278826,0.258626742887423,0.313946329090129,2.54365305921547,TRUE,TRUE,TRUE,TRUE,TRUE,TRUE,FALSE,,,,,,,-0.367460388812933,0.976038804024114,0,Fibroblast singlet,Fibroblast singlet,,0,6.27042964720036
PC1_cellid_000158826-1,PC1_A2,PASC,PC1,singlet,Fibroblast,Endothelium,,FALSE,FALSE,276.102390429133,278.786804975275,,,Fibroblast singlet,310,233,11842.397704637,18351.0456779907,158826,TRUE,84.1643994037394,48.0283799728583,10.3518810647981,14.0114872529044,10.0228519554344,1.39795412636837,0.698785719723883,179.803782342513,0.458503248445032,0.840105848576414,0.844263718775191,0.599311866695964,1.47682416967081,11844.325,18351.35,3241.29398157096,5021.99325910952,TRUE,28.0177299013416,24.0002416449939,5.97271141644203,6.02047542635133,5.99310962937011,1.00456620951802,0.0952378485575732,89.9999999844759,0.611239735993146,0.87530999951158,0.90247745323172,0.77651515123537,1.27906969710601,11840.65,18347.75,3240.28828851693,5021.00809040352,56.1466695023978,0.33289288697482,0.499009649987431,1.40782665772994,0.271994364347434,89.8037823580371,2.18958482417804,TRUE,TRUE,TRUE,TRUE,TRUE,TRUE,FALSE,,,,,,,-0.367460388812933,1.08826267218565,0,Fibroblast singlet,Fibroblast singlet,,0,6.04109920865976
PC1_cellid_000158829-1,PC1_A2,PASC,PC1,singlet,Fibroblast,Duct2,,FALSE,FALSE,451.352384235106,463.461677628709,,,Fibroblast singlet,597,492,11556.743968711,18643.1742277746,158829,TRUE,127.954061161744,55.991430296478,12.7638618991508,15.990830819036,10.0160273422757,1.59652427736222,0.779533401386561,89.7383772495816,0.512885965541688,0.888738042846125,0.831922628302868,0.798891029555708,1.39633489780085,11556.7650336622,18648.45,3162.60090381165,5103.29704315164,FALSE,43.8989992405477,31.9636418334476,7.47622510411265,10.0158818438931,5.99310962855574,1.67123287576726,0.801226887708586,90.0000000093314,0.539948044560003,0.846147739152719,0.911568407917587,0.731329690316931,1.36089310420782,11560.34375,18630.15,3163.58024807378,5098.28910222949,84.0550619211964,0.343084063440746,0.522264789674195,5.10280192281798,0.799570217092645,0.261622759749812,2.64381839751909,TRUE,TRUE,TRUE,TRUE,TRUE,TRUE,FALSE,,,,,,,-0.0434887733545465,0.979157434914576,0.134615803740299,Fibroblast singlet,Fibroblast singlet,,0,5.59473628697754
PC1_cellid_000158833-1,PC1_A2,PASC,PC1,singlet,Fibroblast,Myeloid,,FALSE,FALSE,259.900498390149,272.072914879204,,,Fibroblast singlet,212,192,11739.9379227254,18340.7971653041,158833,TRUE,71.9994811406657,48.0553122079325,9.57458023041789,14.113315184765,9.79583209135088,1.44074694719231,0.719893622040865,78.5696984168699,0.391792776358966,0.73472725326905,0.805791527305799,0.52078563193047,1.59761374245443,11738.3101092896,18337.2,3212.2821613772,5018.120998779,TRUE,35.9177374584239,27.99555371545,6.76253530042401,8.00909816560904,5.99304715095012,1.33639832296032,0.663383143927787,89.7383772638301,0.575891558035191,0.857144133663547,0.873903062553237,0.748303299774469,1.31773974060643,11738.2914965986,18340.8,3212.2770678659,5019.106167485,36.0817436822418,0.498861059613231,0.995454592349618,0.985181873123873,0.20579113597818,11.1686788469602,1.40602246499694,TRUE,TRUE,TRUE,TRUE,TRUE,TRUE,FALSE,,,,,,,-0.367460388812933,0.0873419664337381,0,Fibroblast singlet,Fibroblast singlet,,0,5.2453344628533
PC1_cellid_000158844-1,PC1_A2,PASC,PC1,doublet_certain,Duct2,Fibroblast,Duct2__Fibroblast,FALSE,FALSE,361.846887635726,396.925186567341,TRUE,spatially_supported_contact,Supported Duct2-Fibroblast doublet,521,439,11940.3136343435,18030.9063342233,158844,TRUE,119.917381751482,56.0183642448666,12.3565186256927,14.0112882655123,14.0112882634729,0.999999999950242,1.70619271725357e-05,8.33762214824674e-09,0.480209951088408,0.799380474200412,0.825545378638627,0.610837936274604,1.44306011122875,11941.8,18033.2,3267.9687925757,4934.92897471705,TRUE,12.0001631524009,16.0370126342324,3.90884666735734,4.02286529602042,4.00908963867111,1.00343610541168,0.0826858712343343,89.6102388046806,0.586340741654857,0.855754339073135,0.925311484010405,0.744056462903594,1.30594523054667,11934.512244898,18036.75,3265.97444028028,4935.90046052435,107.917218599081,0.100070256506012,0.111197854309703,2.21838358991855,0.359062880658843,89.610238796343,4.22383597916765,TRUE,TRUE,TRUE,TRUE,TRUE,FALSE,TRUE,PC1_A2,9.98392280566062,13.5759249572134,TRUE,TRUE,30,-0.0289628767168569,-0.25529799819894,0.140651564768821,Supported Duct2-Fibroblast,Supported Duct2-Fibroblast,13.5759249572134,0,4.57439432865609
PC1_cellid_000158854-1,PC1_A2,PASC,PC1,singlet,Fibroblast,Tcell,,FALSE,FALSE,157.528302668468,160.734262870297,,,Fibroblast singlet,133,106,11730.8529233182,18583.5490100432,158854,TRUE,56.0365831329877,35.9866950286415,8.44677415329423,10.009098848901,8.00458921568527,1.25042004977169,0.600358155344728,89.8044520298511,0.543747888087303,0.848863855507761,0.860171736356745,0.699419309768645,1.35612964032116,11728.2564846416,18585.75,3209.53090682581,5086.13868818886,TRUE,11.9724543383281,16.009460046184,3.90433122456271,4.02277221574559,3.99540641835719,1.00684931437947,0.116443828363025,5.79947619964918e-09,0.587002139418135,0.855468749954194,0.925182943640747,0.744897959300378,1.30520929396324,11735.5625,18585.65,3211.53025618597,5086.11132239147,44.0641287946596,0.213654253468277,0.271705231967778,1.99953663403643,0.473443848033317,89.8044520240516,2.27122146436576,TRUE,TRUE,TRUE,TRUE,TRUE,TRUE,FALSE,,,,,,,-0.367460388812933,0.855801267310047,0,Fibroblast singlet,Fibroblast singlet,,0,6.26779959009282
PC1_cellid_000158857-1,PC1_A2,PASC,PC1,singlet,Duct2,Fibroblast,,FALSE,FALSE,171.830924291444,174.985328158365,,,Duct2 singlet,163,156,11350.2253431255,18979.6729062436,158857,TRUE,27.9911444175758,24.0277317587945,5.96987704855389,8.01817863654888,4.02277221533791,1.99319727836512,0.865037920251463,89.9999999854305,0.60926323081709,0.933456538817668,0.95048643355617,0.867799679578183,1.28114272624278,11349.7126279863,18981.75,3105.93936198577,5194.50724584851,TRUE,7.98163622555678,11.9862192562961,3.18787309566576,3.99540641917256,1.99770320897451,1.99999999787275,0.866025403872842,89.9999999883002,0.698131700794181,0.999999999906174,0.999999999771689,1.00000000000871,1.19682684000919,11346.05,18985.4,3104.93705463192,5195.5060974532,20.0095081920191,0.285148620707825,0.398892173909171,1.41503517969543,0.474058398002558,2.86969736862375e-09,1.39100197644406,TRUE,TRUE,TRUE,TRUE,TRUE,TRUE,FALSE,,,,,,,-0.367460388812933,-0.750284296274999,0,Duct2 singlet,Duct2 singlet,,0,0
PC1_cellid_000158859-1,PC1_A2,PASC,PC1,singlet,Fibroblast,Duct2,,FALSE,FALSE,126.063351812991,129.19894815576,,,Fibroblast singlet,118,101,11504.3762524827,18749.7378578274,158859,TRUE,35.9450718290591,27.995725530659,6.76510804726014,8.01138392414019,6.00000960978614,1.33522851487096,0.662642933307574,89.8037823437101,0.576322753027792,0.856671158413096,0.903139571357727,0.747790365106549,1.31724669300927,11505.9998287671,18750.9,3148.70860069606,5131.33330257647,TRUE,20.0364681192245,24.027698627187,5.05086364359819,8.01822000123621,4.01373339820049,1.99769620955997,0.86569224095756,89.738377265585,0.43612068102684,0.768336109334137,0.887316254566541,0.622579303648526,1.51424678038027,11505.9667808219,18743.65,3148.69955686234,5129.34928226578,15.9086037098346,0.557419058972423,1.25947370819497,1.98404092300291,0.586551139546375,0.0654050781250959,0.857122201830977,TRUE,TRUE,TRUE,TRUE,TRUE,TRUE,FALSE,,,,,,,-0.367460388812933,0.312742140867766,0,Fibroblast singlet,Fibroblast singlet,,0,5.5421936541811
PC1_cellid_000158880-1,PC1_A2,PASC,PC1,singlet,Fibroblast,Bcell,,FALSE,FALSE,221.358670599473,223.808021871627,,,Fibroblast singlet,230,175,11701.3991886679,18609.5388592155,158880,TRUE,63.9354673597671,43.977085679716,9.02248110851886,12.0135850544989,9.98851604691193,1.20273972577955,0.55562191127944,90,0.415430919434276,0.761394293147951,0.832376781473777,0.532804942700849,1.5514957542277,11699.100170068,18611.35,3201.55204885355,5093.1443323204,TRUE,15.936686967337,19.9776880957369,4.50457767819348,6.02047542553596,3.99540641998842,1.50684931357491,0.748055329898624,90,0.501784739800491,0.799733177970274,0.88283443019751,0.662531133026735,1.41169629513992,11706.4123287671,18607.7,3203.55307938789,5092.1454807157,47.9987803924301,0.249262070380562,0.332022747947366,2.23647663246674,0.49575645559347,0,2.25895171516269,TRUE,TRUE,TRUE,TRUE,TRUE,TRUE,FALSE,,,,,,,-0.367460388812933,1.1598747717974,0,Fibroblast singlet,Fibroblast singlet,,0,6.60682643388542
PC1_cellid_000158959-1,PC1_A2,PASC,PC1,singlet,Duct2,Fibroblast,,FALSE,FALSE,183.086556161966,190.441091086241,,,Duct2 singlet,259,243,11004.4422919881,18306.7469859851,158959,TRUE,59.9450236904279,40.0367390474023,8.73638224167985,12.0136084821491,8.00458921394518,1.50084010021557,0.745689597019348,89.8044520228347,0.469943454925626,0.810718698717698,0.855550981258648,0.623362413620636,1.45873766648001,11007.3628845435,18307.05,3012.25262483411,5009.87021086628,TRUE,48.0545724639932,32.0458788797683,7.82208296852556,8.04554443230705,7.9908128387523,1.0068493145696,0.116443827061593,5.80656602326531e-09,0.588030981050257,0.857557148859537,0.903986033354165,0.747460627963676,1.3040669724129,11007.3671030511,18307.05,3012.25377926236,5009.87021086628,11.8904512264347,0.801644064804168,4.04144228914917,0.00115442824289858,0.00026428061600789,89.8044520170281,0.457149636577145,TRUE,TRUE,TRUE,TRUE,TRUE,TRUE,FALSE,,,,,,,-0.367460388812933,-0.983669293915148,0,Duct2 singlet,Duct2 singlet,,0,0
PC1_cellid_000158970-1,PC1_A2,PASC,PC1,singlet,Fibroblast,Acinar,,FALSE,FALSE,151.206749846574,151.150936076878,,,Fibroblast singlet,135,111,11913.6432620828,18430.7029948804,158970,TRUE,71.9451868428195,39.9825207893846,9.5709694880737,10.015881843486,9.98851604691144,1.00273972567115,0.0738716154879693,90,0.565550336795798,0.85704791088816,0.844716663783517,0.719136911498593,1.32973275627262,11914.05,18431.5,3260.37478380031,5043.92694571664,TRUE,15.9913557086092,20.0051476105109,4.51229724886644,6.00683906614833,4.00918271272913,1.49827021925853,0.744666855082457,89.6075692890401,0.502124748623638,0.79918784382644,0.882591259185192,0.664023482635336,1.41121825608881,11910.35,18424.2,3259.36224929692,5041.92924250726,55.9538311342104,0.222271376420541,0.285795545749039,2.2396527037299,0.468009578724624,0.392430710959914,2.52933611960363,TRUE,TRUE,TRUE,TRUE,TRUE,TRUE,FALSE,,,,,,,-0.367460388812933,1.57452449352136,0,Fibroblast singlet,Fibroblast singlet,,0,6.70418738657983
PC1_cellid_000158975-1,PC1_A2,PASC,PC1,singlet,Fibroblast,Duct2,,FALSE,FALSE,235.349109524288,243.666085761581,,,Fibroblast singlet,235,209,11973.673413243,18784.9804290405,158975,TRUE,171.90772914355,63.9551491036268,14.7945841033531,18.4024376295651,12.7392383659301,1.4445477113316,0.721649903528822,44.7383772508823,0.528146293043479,0.895101432035516,0.817616276651927,0.733291388988398,1.37601409309295,11973.8501276941,18785.75,3276.73956558333,5140.87028296646,TRUE,16.0183156358093,16.0092719870842,4.51609930222553,4.02286529602042,3.99550013564316,1.00684899429181,0.116441135189885,179.610238804688,0.785386704395099,0.999999999953119,0.999999999829063,0.996575501024853,1.12838739794563,11970.1748287671,18785.75,3275.73379072553,5140.87028296646,155.889413507741,0.0931797291179473,0.102754351782755,1.00577485780104,0.13596527613283,45.1281384461947,5.13924240056381,TRUE,TRUE,TRUE,TRUE,TRUE,TRUE,FALSE,,,,,,,-0.367460388812933,0.0306737941587568,0,Fibroblast singlet,Fibroblast singlet,,0,3.77398298395123
PC1_cellid_000158977-1,PC1_A2,PASC,PC1,doublet_certain,Fibroblast,Duct2,Duct2__Fibroblast,FALSE,FALSE,599.315394812729,645.040747574744,TRUE,spatially_supported_contact,Supported Duct2-Fibroblast doublet,990,808,11634.6143812204,18904.0877353708,158977,TRUE,176.035967996391,72.0279944820048,14.9711708209057,22.6401355531583,12.7423654418473,1.77676081035499,0.826578152733981,134.610238808003,0.426391591252249,0.830539704970202,0.803930795372973,0.610200183328608,1.53142482942773,11641.7253424658,18896.7,3185.85096977974,5171.23263516934,TRUE,47.9725693520949,31.9636574530062,7.81540609064157,8.0182200021773,7.99085448791192,1.00342460390949,0.0825480752793653,179.738377243345,0.590051485153707,0.85735413194064,0.879634068036594,0.748724059373585,1.30183230963818,11630.7668949772,18896.7,3182.85210324306,5171.23263516934,128.063398644296,0.272515724458954,0.374600157860839,2.99886653668409,0.400618838506644,45.1281384353422,3.57788236513207,TRUE,TRUE,TRUE,TRUE,TRUE,FALSE,TRUE,PC1_A2,10.6530575270494,19.8721513481381,TRUE,TRUE,30,0.372303126727134,-0.00754336719386484,0.307384522194249,Supported Duct2-Fibroblast,Supported Duct2-Fibroblast,19.8721513481381,0,4.71949044301739
PC1_cellid_000158985-1,PC1_A2,PASC,PC1,singlet,Duct2,Endothelium,,FALSE,FALSE,333.684883560297,334.136624560999,,,Duct2 singlet,423,391,11141.5879763219,18400.9100474351,158985,TRUE,75.9910481403028,39.9822980043766,9.83640216431328,12.0137097252472,8.00909816306056,1.50000780069743,0.745359093631202,89.7383772442376,0.597360903451679,0.883940938186396,0.894815851760823,0.789771911437095,1.2938430648143,11142.9248409312,18397.8,3049.35023515548,5034.70467199661,TRUE,36.0817436822352,28.0506605201077,6.77795713317958,8.00913982265487,6.02053761883569,1.33030309352394,0.659495635410576,89.739566413852,0.57625034263668,0.857136503516007,0.873858750752621,0.748283841354579,1.3173294516181,11139.2165909091,18394.2,3048.33544296776,5033.71950329062,39.9093044580676,0.47481571264643,0.904093523130806,1.41434103508971,0.28757283579666,0.00118916961440618,1.52922251556685,TRUE,TRUE,TRUE,TRUE,TRUE,TRUE,FALSE,,,,,,,0.520338553989129,-0.983669293915148,0,Duct2 singlet,Duct2 singlet,,0,0
PC1_cellid_000159019-1,PC1_A2,PASC,PC1,singlet,Duct2,Tcell,,FALSE,FALSE,350.383801544084,353.474183623151,,,Duct2 singlet,435,393,11354.4110916655,18104.3751348773,159019,TRUE,87.9354192211314,47.9454330765144,10.5812500743158,14.0059047448254,9.99946220156699,1.40066580168657,0.700200579038165,89.6860536647736,0.480705632366747,0.800247390636639,0.842915609849721,0.627879099781573,1.44231591105398,11353.724977169,18097.4,3107.03737333361,4952.49781664066,TRUE,47.9452349814569,31.9912106785706,7.81317919671695,8.00909816618082,8.0090981641409,0.999999999913017,2.25699423597211e-05,179.738377244612,0.58869990228653,0.856447232875501,0.878879390592824,0.747443239335043,1.30332587663006,11357.3918949772,18101.1,3108.04085463142,4953.51035114404,39.9901842396745,0.545232346654726,1.19892508326833,1.42555281754177,0.269448846749698,89.9476764201618,1.38403543879945,TRUE,TRUE,TRUE,TRUE,TRUE,TRUE,FALSE,,,,,,,-0.00956830918492884,-0.398390531032185,0.148710342673829,Duct2 singlet,Duct2 singlet,,0,3.17757478842262
PC1_cellid_000159036-1,PC1_A2,PASC,PC1,singlet,Fibroblast,Duct2,,FALSE,FALSE,115.3018859392,125.427831618128,,,Fibroblast singlet,123,117,11962.5017788737,18162.5854493807,159036,TRUE,51.9360530942333,31.9908045831014,8.13185320803584,8.00454251613617,8.00454251613617,0.999999999658122,2.58095682795179e-08,179.803782349228,0.637717713516947,0.927735341712947,0.926590244876985,0.810580050006897,1.25223477370769,11960.5126712329,18157.3,3273.08966427132,4968.88992927655,TRUE,8.00934503962048,12.0139592791092,3.19340176486975,4.02286529601942,1.99784314099943,2.01360417539916,0.867966966707292,89.6102388046805,0.697323909209631,0.999999999906584,0.999999999772217,0.996552368504855,1.19751985140339,11964.200170068,18157.3,3274.09877773126,4968.88992927655,43.9267080546128,0.154215512363754,0.182334288010824,1.00911345994155,0.248187819342943,89.8064564554526,2.46922572158305,TRUE,TRUE,TRUE,TRUE,TRUE,TRUE,FALSE,,,,,,,-0.367460388812933,-0.418248112224396,0,Fibroblast singlet,Fibroblast singlet,,0,0
PC1_cellid_000159041-1,PC1_A2,PASC,PC1,singlet,Fibroblast,Myeloid,,FALSE,FALSE,249.391255090342,255.875819705805,,,Fibroblast singlet,241,192,11588.3484171464,18673.4401318801,159041,TRUE,64.0728880998093,39.9820478697045,9.03217221237883,10.0158814358783,10.010408357095,1.00054673853953,0.0330542207500756,89.6860536683644,0.503679290730806,0.820443604832806,0.863263549862146,0.639047781262579,1.40903880075196,11593.3747260274,18673.85,3172.61943804898,5110.24795568839,TRUE,20.0091337485892,24.0277298659078,5.04741719541774,8.47553691691435,4.25711899936485,1.99090908962859,0.864703233721517,134.999999999995,0.43552457921767,0.76809302724506,0.852412920672719,0.554555832283915,1.51528269963341,11582.4378378378,18681.25,3169.62647138639,5112.27302469517,44.0637543512201,0.312287058362301,0.454095072892811,3.61368979376868,0.800181772622582,45.3139463316309,1.99237750848054,TRUE,TRUE,TRUE,TRUE,TRUE,TRUE,FALSE,,,,,,,-0.367460388812933,0.380500238375187,0,Fibroblast singlet,Fibroblast singlet,,0,5.52131152911094
PC1_cellid_000159044-1,PC1_A2,PASC,PC1,singlet,Fibroblast,Duct2,,FALSE,FALSE,388.073025469563,407.049401032731,,,Fibroblast singlet,396,336,11585.5503623067,18740.1747657922,159044,TRUE,112.10012619318,48.0003176271511,11.9469792683741,14.0182349460082,10.0091691373875,1.40053932047296,0.700134831544322,179.803782341805,0.611403250244632,0.917858785290412,0.87833137053248,0.798941055259929,1.27889864821811,11586.3081050228,18739.65,3170.68560086264,5128.25465037023,TRUE,15.9640213379744,15.9820005445998,4.50843911575891,3.99550013722975,3.9955001353551,0.999999999784274,3.06329749152771e-05,179.607569297781,0.785398163395153,0.999999999953089,0.999999999828771,0.999999999881783,1.12837916629884,11575.35,18736.05,3167.68682804444,5127.26948166423,96.136104855206,0.142408593805147,0.166056460893208,3.15645304011503,0.528410230557052,0.196213044024518,3.71927007630757,TRUE,TRUE,TRUE,TRUE,TRUE,TRUE,FALSE,,,,,,,0.169844067435654,0.789909073247835,0.223259285011153,Fibroblast singlet,Fibroblast singlet,,0,5.71712737745913
PC1_cellid_000159057-1,PC1_A2,PASC,PC1,singlet,Fibroblast,Myeloid,,FALSE,FALSE,220.328799203617,239.247644665697,,,Fibroblast singlet,178,156,11555.5370437462,18062.5584054803,159057,TRUE,59.9446492469926,36.0138104481946,8.73635495596131,9.98851604895084,8.01817863654987,1.24573378797155,0.596329550046191,0,0.580794023268236,0.856971559176903,0.881992919934566,0.748468838810868,1.31216645367762,11550.900170068,18063.75,3160.99593712335,4943.28922581933,TRUE,15.9906068217429,19.9771882898742,4.51219159054166,6.01141578167303,4.00448660303622,1.50117015574657,0.745820468488789,89.7383772644711,0.503507661225869,0.800273597781206,0.924218667880804,0.664264942749088,1.40927892770901,11554.5916666667,18063.8,3162.00614460315,4943.30290871802,43.9540424252497,0.266756199593203,0.363802870812149,1.01030014053106,0.231286421696684,89.7383772644711,2.11208168270983,TRUE,TRUE,TRUE,TRUE,TRUE,TRUE,FALSE,,,,,,,-0.367460388812933,0.56725889361132,0,Fibroblast singlet,Fibroblast singlet,,0,4.73056463067624
PC1_cellid_000159061-1,PC1_A2,PASC,PC1,singlet,Duct2,Fibroblast,,FALSE,FALSE,317.032534607112,330.51577203863,,,Duct2 singlet,388,345,11179.050650501,18798.2148332209,159061,TRUE,99.9089968897722,51.9964362203865,11.2786562016439,15.0145824069932,10.6773836134038,1.40620426752267,0.703056253839905,75.7792297019268,0.464373368661024,0.80630734083082,0.817253273803959,0.623198636533001,1.46746025365952,11180.9377998036,18796,3059.752784462,5143.67527719881,TRUE,7.98163622555024,11.9862192562931,3.18787309566445,3.99540641876438,1.99770321101391,1.99999999562667,0.866025403548649,90.0000000116998,0.698131700793958,0.999999999906174,0.999999999771689,0.999999999089179,1.19682684000938,11177.25,18788.7,3058.74358863963,5141.67757398943,91.9273606642219,0.0798890637802855,0.086825469229298,2.2381452858706,0.396881550760554,14.220770309773,4.04539155298972,TRUE,TRUE,TRUE,TRUE,TRUE,TRUE,FALSE,,,,,,,-0.367460388812933,-0.759944521237894,0,Duct2 singlet,Duct2 singlet,,0,0
PC1_cellid_000159069-1,PC1_A2,PASC,PC1,singlet,Duct2,Fibroblast,,FALSE,FALSE,395.187973121385,413.729465500458,,,Duct2 singlet,640,550,11559.3806141239,18862.5416329013,159069,TRUE,79.8448199564738,47.9729294400904,10.0827368412967,14.0113921102547,9.98853687496041,1.40274719729375,0.701279096156886,89.7383772634595,0.435977555010698,0.783739777629127,0.829071235868604,0.570510420960375,1.51449531466632,11564.8581050228,18863.95,3164.81563732274,5162.2703365245,TRUE,27.9903955307079,27.9680323661228,5.96979718771715,8.00449541752957,6.00665163352717,1.33260523537012,0.660972892245859,179.607569292357,0.449671199116327,0.737221022303719,0.820345592642275,0.582160359590564,1.49125689107415,11561.2,18864,3163.81456771392,5162.2840194232,51.8544244257659,0.350559942930059,0.539787989844158,1.00116311528876,0.198589555407679,89.8691920288971,2.05646982678977,TRUE,TRUE,TRUE,TRUE,TRUE,TRUE,FALSE,,,,,,,1.60334066882329,0.19531977256343,0.451661211897124,Duct2 singlet,Duct2 singlet,,2.81090758654192,0
PC1_cellid_000159092-1,PC1_A2,PASC,PC1,doublet_certain,Duct2,Fibroblast,Duct2__Fibroblast,FALSE,FALSE,443.144612838096,473.787859122938,TRUE,spatially_supported_contact,Supported Duct2-Fibroblast doublet,624,537,11686.9411514872,18059.9262592152,159092,TRUE,107.99959615442,51.9954891285344,11.726438361209,16.4685700724727,9.40451178983909,1.75113503344997,0.820909584272512,101.129189288358,0.501996465673815,0.818181560295074,0.879812377555194,0.69731656839303,1.41139856043854,11686.1487190284,18059.6,3198.00778100313,4942.15354522769,TRUE,19.9817993779517,24.0278254717597,5.04396839234472,6.0069327836651,6.00656046042985,1.00006198564069,0.0111337624712059,89.6102387799676,0.434926150286859,0.768667895806441,0.851933883266736,0.553803847952317,1.51632480448154,11689.762585034,18059.65,3198.99674425214,4942.16722812639,88.017796776468,0.185017352727238,0.227019990359765,0.989057900025369,0.168688542568949,11.5189505083904,3.34123498443216,TRUE,TRUE,TRUE,TRUE,TRUE,FALSE,TRUE,PC1_A2,20.574367757138,9.9979655719772,TRUE,TRUE,30,0.0481356542219862,-0.310388093403447,0.172687336467041,Supported Duct2-Fibroblast,Supported Duct2-Fibroblast,20.574367757138,0,4.17596393557503
PC1_cellid_000159113-1,PC1_A2,PASC,PC1,singlet,Duct2,Endothelium,,FALSE,FALSE,273.253279121031,279.386866623524,,,Duct2 singlet,295,274,11004.516011831,18400.6271025617,159113,TRUE,64.1002224704441,36.0137234570003,9.03409863105838,10.0090988471143,8.01822533409511,1.24829353462262,0.59853905058231,179.804452027579,0.621059701281045,0.914231393649931,0.925050534806982,0.798704813206053,1.2689173185693,11004.0748293515,18401.95,3011.35282231226,5035.84035258825,TRUE,19.9814249345202,19.9771882898713,5.04392113209438,6.00229394337707,4.00448660303622,1.49889225118752,0.744915018328744,89.7383772614271,0.629169402318339,0.909203980068558,0.941421814118385,0.831308748464007,1.26071291764383,11004.0416666667,18394.7,3011.34374707911,5033.85633227756,44.1187975359239,0.311721615952521,0.452900487909291,1.98404106637813,0.439233872245948,89.9339252338478,1.995088749482,TRUE,TRUE,TRUE,TRUE,TRUE,TRUE,FALSE,,,,,,,0.109096977850056,-0.983669293915148,0,Duct2 singlet,Duct2 singlet,,0,0
PC1_cellid_000159136-1,PC1_A2,PASC,PC1,singlet,Duct2,Myeloid,,FALSE,FALSE,408.931339458474,412.991232405134,,,Duct2 singlet,599,521,11195.945980466,18130.1217923102,159136,TRUE,111.88182567153,51.9686020091873,11.9353409998272,14.0182349439698,11.9863364035623,1.16951789677813,0.518540311731571,179.803782341805,0.520579833550444,0.874948755485386,0.851131540327112,0.665855126555391,1.38597797804879,11193.05,18127.25,3063.06738462706,4960.66650716122,TRUE,39.9905586831077,28.023231890527,7.13565419084928,8.01817863451046,5.99310962692401,1.33789954297308,0.664329013676781,0,0.639927677600032,0.909253441610884,0.915782878241819,0.832203469272122,1.25007063277192,11193.087244898,18134.55,3063.07757699037,4962.6642103706,71.8912669884219,0.357435700029962,0.556264485976935,1.99772921014058,0.334758630997122,0.196217658194769,2.39984340448898,TRUE,TRUE,TRUE,TRUE,TRUE,TRUE,FALSE,,,,,,,0.479614931648351,-0.983669293915148,0,Duct2 singlet,Duct2 singlet,,3.53773621179462,0
PC1_cellid_000159146-1,PC1_A2,PASC,PC1,singlet,Fibroblast,Myeloid,,FALSE,FALSE,172.262048079727,173.31153443063,,,Fibroblast singlet,178,140,11886.3601181769,18700.3455788146,159146,TRUE,51.9633874648722,35.9866014777763,8.13399285705801,10.0022340104028,8.01822533622305,1.2474373801648,0.59780246407843,89.8037823552139,0.504226480556026,0.837815973281167,0.882578291595173,0.647921194577617,1.40827404416886,11885.7875856164,18698.35,3252.64054874292,5116.95257604865,TRUE,7.98163622555678,11.9864066910663,3.18787309566576,4.00918271593902,1.99765635138077,2.00694313998288,0.867021792393444,89.607569288367,0.698109867206327,0.999999999906174,0.999999999771693,0.996587189880305,1.19684555541551,11878.5,18698.4,3250.64624282859,5116.96625894735,43.9817512393154,0.153601152915915,0.181476089487933,1.99435285284453,0.490374870740203,0.196213066846937,2.47305988069613,TRUE,TRUE,TRUE,TRUE,TRUE,TRUE,FALSE,,,,,,,-0.367460388812933,0.445960482226173,0,Fibroblast singlet,Fibroblast singlet,,0,5.97700660029142
PC1_cellid_000159149-1,PC1_A2,PASC,PC1,singlet,Fibroblast,Myeloid,,FALSE,FALSE,288.385001831391,305.619441128833,,,Fibroblast singlet,297,239,11728.1141914483,18979.0916318093,159149,TRUE,71.9725212134532,40.0092016013227,9.57278748031413,10.0159027659176,9.99774201372649,1.0018164851048,0.0601921574722234,89.7395664357155,0.565010879618692,0.857098265836746,0.844480065581504,0.718744758832188,1.3303674013422,11729.7582762557,18983.95,3209.94188407611,5195.10929339106,TRUE,19.9540905638843,24.0002728837147,5.04046993693686,8.01817863451096,3.99540641754183,2.00684931420625,0.867008404041493,90.0000000116563,0.435320825088978,0.769230769208575,0.886842613872911,0.622866894405718,1.51563727603806,11726.05,18969.4,3208.92708470936,5191.12756987099,52.0184306495689,0.277245957550005,0.383596550508655,4.10900717266853,0.858476629202036,0.260433575940837,2.26615877168864,TRUE,TRUE,TRUE,TRUE,TRUE,TRUE,FALSE,,,,,,,-0.367460388812933,0.982090283936002,0,Fibroblast singlet,Fibroblast singlet,,0,6.29105148471027
PC1_cellid_000159171-1,PC1_A2,PASC,PC1,singlet,Duct2,Fibroblast,,FALSE,FALSE,298.614569848112,303.224202171941,,,Duct2 singlet,351,318,11242.2207614734,18567.9651181274,159171,TRUE,72.0818586959955,56.0459926813263,9.58005599930155,17.2046450045909,8.33616817378943,2.06385531580779,0.874774595503351,123.508560911436,0.288367763586762,0.666246738049881,0.774399470724735,0.502589942286745,1.86220138450377,11242.187414966,18565.55,3076.51423004874,5080.61079711633,TRUE,36.0270749409652,32.01891945485,6.77282042401643,9.90747694397219,5.66970848551642,1.74744027219378,0.820068323033657,134.999999999998,0.441596399365844,0.782655733958329,0.816396044804979,0.641364921066526,1.5048292977724,11242.187414966,18565.55,3076.51423004874,5080.61079711633,36.0547837550304,0.499807796132324,0.999231479954344,0,0,11.4914390885624,1.40361778764256,TRUE,TRUE,TRUE,TRUE,TRUE,TRUE,FALSE,,,,,,,0.570112894275926,-0.792924113202702,0.0730729418394354,Duct2 singlet,Duct2 singlet,,0,3.38405218891788
PC1_cellid_000159201-1,PC1_A2,PASC,PC1,singlet,Fibroblast,Duct2,,FALSE,FALSE,225.749515242167,236.831799898933,,,Fibroblast singlet,215,172,11654.3229284614,18801.9040484359,159201,TRUE,43.9825001261831,31.9639323509686,7.48333204107473,10.0105583044597,5.99316960699692,1.67032788262851,0.800984674744389,89.6860536694676,0.540965253394943,0.880200527533087,0.916245975540935,0.733103081057875,1.35961301843212,11656.0102739726,18808.9,3189.76015519303,5147.20546506197,TRUE,15.9640213379725,15.9820005445988,4.50843911575864,3.99550013686757,3.99550013589557,0.999999999558358,2.2057816005584e-05,179.607569275431,0.785398163395157,0.999999999953036,0.999999999828771,0.999999999837036,1.12837916629883,11648.65,18794.25,3187.74595753043,5143.19637574451,28.0184787882106,0.362963025943115,0.569767597054271,4.48662338283506,1.19909776720257,89.921515605963,1.48744646265804,TRUE,TRUE,TRUE,TRUE,TRUE,TRUE,FALSE,,,,,,,0.0674033918159115,0.486383337923064,0.180693414341467,Fibroblast singlet,Fibroblast singlet,,0,5.78867921427462
PC1_cellid_000159202-1,PC1_A2,PASC,PC1,singlet,Fibroblast,Duct2,,FALSE,FALSE,147.914987219854,159.232120520417,,,Fibroblast singlet,148,141,11997.6218834587,18238.7539217034,159202,TRUE,59.9453981338565,35.9870831318989,8.73640952731266,10.0069055052212,8.00909816519751,1.24944223374433,0.59952353188242,89.7383772528392,0.581664312325122,0.882137071435351,0.869690081643494,0.747949770842609,1.31118445121143,11997.3832191781,18237.55,3283.17958371814,4990.85098168106,TRUE,12.0001631524015,16.0093656978761,3.90884666735743,4.02286529256989,3.99550013615045,1.00684899330037,0.11644112684796,179.607569313441,0.588367620500101,0.8574256895496,0.926903571879068,0.746587149774286,1.30369385209498,11993.7371575342,18241.15,3282.18180987602,4991.83615038706,47.945234981455,0.20018489365278,0.250288963116776,1.40218045176023,0.320996959715915,89.869192060602,2.41378142997762,TRUE,TRUE,TRUE,TRUE,TRUE,TRUE,FALSE,,,,,,,-0.367460388812933,-0.101024697737709,0,Fibroblast singlet,Fibroblast singlet,,0,0
PC1_cellid_000159214-1,PC1_A2,PASC,PC1,doublet_certain,Fibroblast,Duct2,Duct2__Fibroblast,FALSE,FALSE,268.187941967937,291.976359816705,TRUE,spatially_supported_contact,Supported Duct2-Fibroblast doublet,256,222,11413.1615478675,18813.8839507639,159214,TRUE,59.9176893197867,35.9862578601466,8.73439016022917,10.0090754204468,8.00454251409726,1.25042441830965,0.600361877155519,89.8037823391247,0.581422113731953,0.881739034594592,0.869703261683383,0.747867360276167,1.3114575178502,11414.8873287671,18817,3123.7749385502,5149.42209465046,TRUE,8.0363049668252,12.0136787710686,3.1987718388959,3.99540641876487,2.02506900677158,1.97297297030645,0.86203466972884,1.16926740468489e-08,0.6997038162656,0.999999999906812,0.999999999772211,0.993243243151204,1.19548155075107,11422.2,18820.65,3125.77610934349,5150.42094625515,51.8813843529615,0.13412241120637,0.15489765867856,2.23660212647314,0.512136985026344,89.803782327432,2.76780916066664,TRUE,TRUE,TRUE,TRUE,TRUE,FALSE,TRUE,PC1_A2,7.5976388975848,5.85594905963479,TRUE,TRUE,30,0.594250057596562,-0.0979974073159084,0.339293763630414,Supported Duct2-Fibroblast,Supported Duct2-Fibroblast,7.5976388975848,3.69044073468089,5.05783689558055
PC1_cellid_000159270-1,PC1_A2,PASC,PC1,singlet,Fibroblast,Duct2,,FALSE,FALSE,149.254516518571,154.0484268658,,,Fibroblast singlet,129,118,11992.723636392,18563.4960402622,159270,TRUE,39.9905586831088,31.9910293887577,7.13565419084937,10.0159192291997,6.00953658089954,1.66667081393146,0.800001119961447,89.843454543879,0.491033255422604,0.833144809604125,0.879736029508862,0.664393958534251,1.42706760259681,11994.9299180328,18566.4,3282.50821829738,5080.84340639413,TRUE,19.9814249345191,20.0045853193893,5.04392113209425,6.02047542635133,3.99540641876487,1.50684931424044,0.748055330158655,90,0.627447240244156,0.909203980068463,0.941502039139885,0.830681818043442,1.26244187912319,11991.3,18566.4,3281.51486228315,5080.84340639413,20.0091337485897,0.499653557927469,0.998615191221921,0.993356014232177,0.278420446080987,0.156545456121037,1.04586652937756,TRUE,TRUE,TRUE,TRUE,TRUE,TRUE,FALSE,,,,,,,-0.367460388812933,-0.0993175379246845,0,Fibroblast singlet,Fibroblast singlet,,0,5.05010443593936
PC1_cellid_000159323-1,PC1_A2,PASC,PC1,singlet,Duct2,Fibroblast,,FALSE,FALSE,406.786679124507,419.909324702857,,,Duct2 singlet,675,573,11248.0794241479,18183.9301852125,159323,TRUE,111.880702341227,51.9681270345175,11.9352810823036,14.016850899532,11.986189269852,1.16941678299602,0.518418380600345,89.6860536700321,0.520584122624402,0.835478007992411,0.856867881039888,0.665922362280261,1.38597226852555,11248.1047260274,18189.1,3078.13354940467,4977.59225284619,TRUE,55.9268712070164,35.9590951104933,8.43850129075558,10.0067805491501,7.99997632704588,1.25085126963397,0.600725237432323,89.7383772481008,0.543516682669852,0.848260430027061,0.860463795171147,0.698614259933168,1.35641805021881,11244.4084474886,18185.5,3077.12203330882,4976.60708414019,55.9538311342104,0.499879514801805,0.999518175312705,1.41199227740509,0.236608131019649,0.052323578068723,1.748389895774,TRUE,TRUE,TRUE,TRUE,TRUE,TRUE,FALSE,,,,,,,1.38620512980445,-0.827753189914139,0.0597302031796688,Duct2 singlet,Duct2 singlet,,2.7609471472243,0
PC1_cellid_000159329-1,PC1_A2,PASC,PC1,singlet,Duct2,Fibroblast,,FALSE,FALSE,232.643125484519,243.627290891297,,,Duct2 singlet,280,255,11607.99513409,18825.6111588302,159329,TRUE,51.9633874648646,39.9819922695631,8.13399285705741,11.3200367778751,7.06932391349196,1.60128987043421,0.781027566130805,134.738377256956,0.408487204371393,0.764074328966146,0.786491851542139,0.64933937040631,1.56462682318478,11608.55,18827.25,3176.77227277752,5152.22708888281,TRUE,35.9993661268967,31.9911794320349,6.77021539821034,11.3199334437098,5.65035794636269,2.00340112001476,0.866514925563432,134.607569291293,0.442022335036079,0.782060146571273,0.843150353513345,0.562827124646619,1.50410409125245,11604.9,18827.25,3175.77342117283,5152.22708888281,15.9640213379679,0.692783282158233,2.25503119434748,0.998851604690572,0.245599331051276,0.130807965663138,0.681888729423538,TRUE,TRUE,TRUE,TRUE,TRUE,TRUE,FALSE,,,,,,,-0.367460388812933,-0.291331409224076,0,Duct2 singlet,Duct2 singlet,,0,3.60316593583991
PC1_cellid_000159334-1,PC1_A2,PASC,PC1,singlet,Duct2,Fibroblast,,FALSE,FALSE,244.993557670711,255.798610740324,,,Duct2 singlet,276,260,11030.7375968346,18260.5936760177,159334,TRUE,71.8908925449882,43.9501266157437,9.56735738302825,14.0113344836789,7.99081283814713,1.75343044101748,0.821429119402454,89.6075692909327,0.467695809193596,0.800125023435273,0.845962577410488,0.642101103093433,1.46223865547062,11029.1,18255.75,3018.20115980812,4995.83155680582,TRUE,11.9724543383307,16.009460046186,3.90433122456313,4.02277221656195,3.99540641794901,1.00684931468666,0.116443830947622,90,0.587002139418115,0.855468749954312,0.925182943640716,0.744897959225473,1.30520929396327,11029.15,18270.35,3018.21484270682,4999.82696322459,59.9184382066575,0.166536454241031,0.199812523401224,3.99542984831737,0.83522119640952,0.392430709067298,2.83151307923256,TRUE,TRUE,TRUE,TRUE,TRUE,TRUE,FALSE,,,,,,,-0.367460388812933,-0.575516035378369,0,Duct2 singlet,Duct2 singlet,,0,3.61716549251262
PC1_cellid_000159342-1,PC1_A2,PASC,PC1,doublet_certain,Duct2,Fibroblast,Duct2__Fibroblast,FALSE,FALSE,342.015109341511,384.034121152494,TRUE,spatially_supported_contact,Supported Duct2-Fibroblast doublet,486,416,11583.6605824962,18808.0873038764,159342,TRUE,99.9636656310399,55.9638208464421,11.2817415374632,14.0114545413863,12.0135850540973,1.16630085649711,0.514631107839984,179.738973202331,0.401085832665699,0.745567219904777,0.799268227102137,0.593863076195159,1.57899712379162,11582.8921232877,18801.9,3169.75079022216,5145.28985924475,TRUE,60.0547356163973,31.9910230912917,8.74437329003127,8.01822533394786,7.99779482507081,1.0025545174114,0.0713409089681084,89.8037823305555,0.737396148345138,0.967841991865853,0.964021203208225,0.936480511237981,1.1645270138449,11582.9562851622,18812.8,3169.76834863073,5148.27273116013,39.9089300146426,0.600765640508304,1.50479443020184,2.98292359293196,0.5288055177897,89.9351908717751,1.26868412371598,TRUE,TRUE,TRUE,TRUE,TRUE,FALSE,TRUE,PC1_A2,8.69775500329029,16.2778365128644,TRUE,TRUE,30,0.428817249221532,0.245861918338413,0.330867116530475,Supported Duct2-Fibroblast,Supported Duct2-Fibroblast,16.2778365128644,0,3.74128838109599
PC1_cellid_000159353-1,PC1_A2,PASC,PC1,singlet,Duct2,Fibroblast,,FALSE,FALSE,331.461064525931,333.670619568288,,,Duct2 singlet,468,401,11296.2978695938,18121.7367961391,159353,TRUE,107.999596154422,52.0786715183872,11.7264383612091,14.1453112207088,11.3395486008668,1.24743159672281,0.59779747997993,44.6075692919861,0.50039412382419,0.842961897826187,0.810232155592795,0.673308128774899,1.41365651602775,11295.35,18119.6,3091.0625953558,4958.57302366097,TRUE,52.0184306495705,32.0186520412051,8.13829975843215,10.0069055051804,6.02053762030522,1.66212822371245,0.798768649549552,179.738377247212,0.637618663631952,0.927835326949327,0.926395211942428,0.863420135566703,1.25233203316801,11299.0246575342,18119.5,3092.06819469135,4958.54565786358,55.9811655048512,0.481653936653394,0.929213069630903,1.00597162511394,0.171573259059791,44.8691920447742,1.7940693013885,TRUE,TRUE,TRUE,TRUE,TRUE,TRUE,FALSE,,,,,,,0.0881437542976996,-0.770710449873903,0.0815828172785071,Duct2 singlet,Duct2 singlet,,0,3.77814967400734
PC1_cellid_000159356-1,PC1_A2,PASC,PC1,singlet,Fibroblast,Myeloid,,FALSE,FALSE,161.715773855551,163.619079685942,,,Fibroblast singlet,146,113,11724.7411540458,18830.3117663001,159356,TRUE,75.9910481402994,43.9500485245138,9.83640216431306,11.9953410951182,10.0160273433935,1.19761465105752,0.550260376211809,89.7383772514908,0.494371676189698,0.844987384139408,0.857519472581862,0.632490972670821,1.4222410496633,11721.8685787671,18834.15,3207.7828054468,5154.11532890264,TRUE,16.0460244498813,19.9775631462252,4.520003635549,6.01141578117062,4.01373339616106,1.49771177697593,0.744443727243562,89.7383772387911,0.505233674866004,0.800825998362996,0.924825491174976,0.665031413994771,1.40686963099176,11710.9333333333,18837.9,3204.79028833742,5155.14154630472,59.9450236904181,0.211156772283817,0.267679007519842,3.1635866996589,0.643240615904083,1.26996155813686e-08,2.65819926438203,TRUE,TRUE,TRUE,TRUE,TRUE,TRUE,FALSE,,,,,,,-0.367460388812933,0.891068149009722,0,Fibroblast singlet,Fibroblast singlet,,0,6.86683339362821
PC1_cellid_000159386-1,PC1_A2,PASC,PC1,doublet_certain,Fibroblast,Duct2,Duct2__Fibroblast,FALSE,FALSE,365.093854021711,412.724327829078,TRUE,spatially_supported_contact,Supported Duct2-Fibroblast doublet,477,408,11576.9235930588,18775.9722721518,159386,TRUE,104.200493079522,44.031979449801,11.5183413897032,12.0136897514936,10.0159192288819,1.19945952774545,0.552204297771488,179.843454541159,0.675372260646469,0.928624820629819,0.912281811579165,0.865969404305253,1.2168257467841,11575.5376712329,18779.9,3167.73818577379,5139.26938381922,TRUE,20.0091337485869,20.0322003926937,5.04741719541745,6.01141578117226,4.00448660507516,1.50117015485718,0.745820468136281,89.7383772582293,0.626586219445374,0.908190145960718,0.940207233797707,0.831198354538428,1.26330897092817,11582.8418367347,18779.9,3169.73702890596,5139.26938381922,84.1913593309356,0.192025326899329,0.23766255712251,1.9988431321699,0.34707134665865,89.8949227170703,3.23546209714289,TRUE,TRUE,TRUE,TRUE,TRUE,FALSE,TRUE,PC1_A2,11.1737002668161,14.0729048120315,TRUE,TRUE,30,0.0896640698043029,0.3562554843519,0.189943110661225,Supported Duct2-Fibroblast,Supported Duct2-Fibroblast,14.0729048120315,3.08942116646462,4.84250191556019
PC1_cellid_000159407-1,PC1_A2,PASC,PC1,singlet,Duct2,Fibroblast,,FALSE,FALSE,177.836517196309,184.993083086636,,,Duct2 singlet,161,151,11091.7424280678,18128.2651609235,159407,TRUE,43.8997481274084,27.96811046517,7.4762888734806,7.99997632801501,5.99317210697993,1.33484842109656,0.662401826828923,179.738377242723,0.705254133051134,0.956522448564424,0.958158508758064,0.915622754585413,1.19076806766149,11090.7582762557,18131.25,3035.07443876168,4961.76113905677,TRUE,16.0183156358092,16.0092719870837,4.51609930222552,4.02286529601942,3.9955001293167,1.0068489958858,0.116441148601669,89.6102388046805,0.785386704395144,0.999999999953388,0.999999999829063,0.996575502603068,1.1283873979456,11090.750170068,18131.3,3035.07222043879,4961.77482195546,27.8814324915992,0.364883998552135,0.57451551798461,0.0138615537782947,0.00370813754679333,89.8718615619574,1.48009478562754,TRUE,TRUE,TRUE,TRUE,TRUE,TRUE,FALSE,,,,,,,0.240221133448212,-0.983669293915148,0,Duct2 singlet,Duct2 singlet,,0,0
PC1_cellid_000159414-1,PC1_A2,PASC,PC1,singlet,Fibroblast,Myeloid,,FALSE,FALSE,192.752373915803,201.002286793695,,,Fibroblast singlet,192,162,11058.6432394142,18928.0099432982,159414,TRUE,79.8171111424051,47.946017221213,10.0809871665939,14.0045521280146,9.98864490984134,1.4020472497105,0.700917125266862,179.80378234201,0.436315654304047,0.815862396270474,0.818999318624826,0.570584810513795,1.51390841270041,11060.85,18931.65,3026.88980047907,5180.79698135672,TRUE,40.0182674971744,35.9866795747775,7.13812585271459,12.5088847340861,5.38374335800005,2.32345487069699,0.902641339971573,26.3299125100077,0.388315380929877,0.740140030599858,0.840252333437932,0.594231053115965,1.60475117850656,11053.5498287671,18928.05,3024.89205041044,5179.81181265072,39.7988436452307,0.501374541365728,1.00551332204133,2.22745655759377,0.441912387420931,26.5261301679975,1.47143065693968,TRUE,TRUE,TRUE,TRUE,TRUE,TRUE,FALSE,,,,,,,-0.367460388812933,0.667373693985519,0,Fibroblast singlet,Fibroblast singlet,,0,6.51927019090866
PC1_cellid_000159423-1,PC1_A2,PASC,PC1,singlet,Fibroblast,Acinar,,FALSE,FALSE,130.579864650629,132.174297747979,,,Fibroblast singlet,112,96,11509.179466153,18771.2767790813,159423,TRUE,27.9907699741437,24.0004596809654,5.96983711826926,8.00458976893665,4.02286529602042,1.98977325226623,0.864536620918299,89.6102387739665,0.610640478396276,0.933444051773121,0.95123688223047,0.869241144905914,1.27969715655294,11509.6873287671,18769.2,3149.71771447478,5136.34124349862,TRUE,8.03667941025944,12.0140510948407,3.19884635978366,4.00899528096784,2.02520893888293,1.97954650435324,0.863022075950866,89.6075692901248,0.69969304829,0.999999999906746,0.999999999772218,0.989854276276266,1.1954907496896,11506.0248287671,18765.55,3148.71544214541,5135.34239189392,19.9540905638843,0.287118911513048,0.402758491072389,1.41501037112875,0.474053257519512,0.00266948384167165,1.3854953792428,TRUE,TRUE,TRUE,TRUE,TRUE,TRUE,FALSE,,,,,,,-0.367460388812933,0.733506647759686,0,Fibroblast singlet,Fibroblast singlet,,0,5.59418017109001
PC1_cellid_000159427-1,PC1_A2,PASC,PC1,singlet,Fibroblast,Duct2,,FALSE,FALSE,177.318577685933,177.375716592014,,,Fibroblast singlet,186,152,11702.6342460404,18680.3742052211,159427,TRUE,71.9178524721957,44.0047737117612,9.56915115044323,14.0113778227111,6.00958883884162,2.33150356739406,0.903348284699695,89.6860536642179,0.466709875380924,0.899488591651815,0.855392419569101,0.854104690083569,1.46378234462584,11703.0111433447,18673.45,3202.62231787638,5110.13849249884,TRUE,23.9726174907301,24.0274506154087,5.52475199262441,6.02047542431241,5.99310962692401,1.00456620958782,0.0952378492805867,90.0000000116395,0.521807038915624,0.799455558033003,0.88685106048099,0.664404317400912,1.38434722074063,11706.7,18684.4,3203.63180291463,5113.13504731291,47.9452349814656,0.333333333286959,0.499999999895657,3.16202479373554,0.660878846496283,0.313946347421677,2.02219957890941,TRUE,TRUE,TRUE,TRUE,TRUE,TRUE,FALSE,,,,,,,-0.367460388812933,1.08021744962019,0,Fibroblast singlet,Fibroblast singlet,,0,6.6249787175367
PC1_cellid_000159431-1,PC1_A2,PASC,PC1,singlet,Duct2,Myeloid,,FALSE,FALSE,244.616936204568,244.841277494899,,,Duct2 singlet,370,337,11110.0474365884,18310.2546246698,159431,TRUE,79.8991142543089,48.0007019634778,10.0861643778941,13.9206282038619,9.47603331094961,1.46903538042194,0.732544822393824,108.121860250369,0.435769320931168,0.769001506420233,0.80179310568291,0.605698574765046,1.51485712521224,11106.0418949772,18314,3039.25692289468,5011.7721337848,TRUE,20.0364681192215,20.0046471671278,5.05086364359782,6.0114157832097,4.00448660303658,1.50117015613018,0.745820468640829,179.738377258228,0.629171789855951,0.909430819663546,0.941502219996191,0.83233385030816,1.26071052560955,11109.7371575342,18324.85,3040.26816095903,5014.74132280148,59.8626461350874,0.250772093079032,0.334707357751271,3.13666795175969,0.621974385508649,71.6165170078584,2.51765036714812,TRUE,TRUE,TRUE,TRUE,TRUE,TRUE,FALSE,,,,,,,-0.367460388812933,-0.983669293915148,0,Duct2 singlet,Duct2 singlet,,0,0
PC1_cellid_000159433-1,PC1_A2,PASC,PC1,singlet,Fibroblast,Tcell,,FALSE,FALSE,140.319177009343,146.793422822766,,,Fibroblast singlet,110,101,11587.4817766352,18557.8788917452,159433,TRUE,31.89921053158,31.9634075461679,6.37301626348466,9.98851604487302,5.99310962896292,1.66666666533856,0.799999999846891,179.999999988304,0.392359032009939,0.69547079855837,0.826560883430857,0.532876712358373,1.59646048155885,11585.65,18557,3170.50550517549,5078.27102143958,TRUE,11.9451199676938,15.9819068206206,3.89987167859064,3.99540641794901,3.99540641754183,0.999999999416982,1.4276782243375e-05,179.999999970761,0.587683085689086,0.856862745052111,0.925559652786182,0.748287671579546,1.3044529041422,11585.65,18560.65,3170.50550517549,5079.26987304427,19.9540905638862,0.374464438614353,0.598630136686176,0.998851604691481,0.313462749900688,1.75433001459169e-08,1.23657229244701,TRUE,TRUE,TRUE,TRUE,TRUE,TRUE,FALSE,,,,,,,-0.367460388812933,0.2606298126816,0,Fibroblast singlet,Fibroblast singlet,,0,5.20849211697428
PC1_cellid_000159436-1,PC1_A2,PASC,PC1,singlet,Fibroblast,Bcell,,FALSE,FALSE,291.858311160009,292.306544602184,,,Fibroblast singlet,282,188,11708.4558349438,18173.0574189594,159436,TRUE,68.0090374713116,40.036770570113,9.30547128886277,10.0160217809164,10.0021517692585,1.00138670250537,0.0526084344250637,89.6075692980392,0.533161048911168,0.849728885075801,0.844080283774168,0.678856417554493,1.36952761266725,11712.1376712329,18176.5,3205.11986500689,4974.1441623752,TRUE,8.03630496682194,12.0136787710676,3.19877183889525,3.99540641795001,2.02506900758645,1.97297296911016,0.862034669548144,89.9999999707612,0.699703816265432,0.999999999906812,0.999999999772211,0.993243242953701,1.19548155075122,11708.425,18165.5,3204.10386291959,4971.13392466243,59.9727325044896,0.118165250743774,0.133999313185877,3.17707276101288,0.682839730640394,0.392430672721972,3.05334972498376,TRUE,TRUE,TRUE,TRUE,TRUE,TRUE,FALSE,,,,,,,-0.367460388812933,1.48725510943529,0,Fibroblast singlet,Fibroblast singlet,,0,6.70515285289295
PC1_cellid_000159491-1,PC1_A2,PASC,PC1,singlet,Fibroblast,Myeloid,,FALSE,FALSE,384.000212189771,384.716780211174,,,Fibroblast singlet,523,332,11787.985384603,18831.4966562473,159491,TRUE,131.889836089819,52.050824031834,12.9586787466237,13.9977573362852,11.9931543033876,1.16714560481703,0.515663613487684,89.8044520201102,0.611738725384894,0.904064619123435,0.872534529127115,0.785632510520527,1.27854792862989,11787.649936299,18826.6,3225.78439846858,5152.04921119979,TRUE,27.9911444175769,27.9956793024796,5.969877048554,8.01817863450997,5.99310962773938,1.33789954279097,0.664329013562317,90,0.4487955056529,0.777529305289445,0.861775846518108,0.582495675407417,1.49271105839896,11793.1746575343,18837.55,3227.29628248811,5155.04576601386,103.898691672242,0.212231247269063,0.269408054753793,3.35635725783789,0.518009176442047,0.19554797988981,3.49440084903484,TRUE,TRUE,TRUE,TRUE,TRUE,TRUE,FALSE,,,,,,,-0.367460388812933,1.17264293265721,0,Fibroblast singlet,Fibroblast singlet,,0,6.78053661507651
PC1_cellid_000159494-1,PC1_A2,PASC,PC1,doublet_certain,Duct2,Fibroblast,Duct2__Fibroblast,FALSE,FALSE,277.450707079753,299.390579126343,TRUE,spatially_supported_contact,Supported Duct2-Fibroblast doublet,300,268,11709.7156640043,18054.4785063175,159494,TRUE,51.9903473920744,40.009607342867,8.13610264463937,12.0409508522955,7.99081283916048,1.50684931439802,0.748055330018597,89.9999999961178,0.408135155297901,0.764773922757988,0.832163125917776,0.540344800577823,1.56530148534626,11708.05,18059.55,3204.00124117938,4942.139862329,TRUE,8.00897059619044,16.0095537569769,3.19332711692536,4.02276966775639,3.99540643563318,1.00684867229623,0.116438425898627,179.215175400854,0.392670350168433,0.667425968067728,0.852592634688686,0.498299633270202,1.59582749983456,11708,18052.25,3203.98755828068,4940.14215911962,43.9813767958839,0.154047260624208,0.182099133265855,1.9977500680755,0.491082807191704,89.2151754047359,2.471387763857,TRUE,TRUE,TRUE,TRUE,TRUE,FALSE,TRUE,PC1_A2,15.6140704191783,8.00451052240797,TRUE,TRUE,30,0.72380246995271,0.075636968420307,0.405811693950376,Supported Duct2-Fibroblast,Supported Duct2-Fibroblast,15.6140704191783,0,4.61512051684126
PC1_cellid_000159513-1,PC1_A2,PASC,PC1,singlet,Fibroblast,Myeloid,,FALSE,FALSE,214.179258914616,215.378798811116,,,Fibroblast singlet,255,211,11728.571714416,18134.2743180728,159513,TRUE,52.0176817627077,32.018357648738,8.13824117642925,8.01831873254196,7.99085969763054,1.00343630512917,0.0826882577617424,179.804452028798,0.637621209153509,0.928746205980462,0.926294591208682,0.811846966425124,1.25232953337556,11726.5876712329,18129,3209.07422272957,4961.14540861552,TRUE,7.98163622555242,11.9864066910653,3.18787309566489,4.00918271566443,1.9976563534202,2.00694313779651,0.867021792081492,89.6075693170523,0.698109867206062,0.999999999906174,0.999999999771693,0.996587188930591,1.19684555541574,11730.2,18128.9,3210.062765301,4961.11804281813,44.0360455371553,0.15344082922473,0.181252338314652,0.988921282202369,0.243030713475602,89.8031172882539,2.47518404038218,TRUE,TRUE,TRUE,TRUE,TRUE,TRUE,FALSE,,,,,,,-0.367460388812933,0.621941576782744,0,Fibroblast singlet,Fibroblast singlet,,0,6.23598580143633
PC1_cellid_000159568-1,PC1_A2,PASC,PC1,singlet,Duct2,Myeloid,,FALSE,FALSE,591.202303393138,592.53443007463,,,Duct2 singlet,954,762,11337.7579273788,18507.8294178789,159568,TRUE,187.926793666235,63.9546960391487,15.4685430862488,16.0091370211658,15.9908725645536,1.00114217994039,0.0477540830605187,179.738973198439,0.577369302597841,0.878820564989665,0.881398203103177,0.734088837103899,1.31605231982374,11336.9542237443,18503.1,3102.44792293085,5063.52085664702,TRUE,55.9542055776435,31.9636105947258,8.44056320607201,8.0182200032745,7.99085449005928,1.00342460377714,0.0825480736925331,89.7383772510143,0.688225778802301,0.933425364312392,0.927379106360876,0.873296145858759,1.20540928350302,11340.65,18506.7,3103.45930157293,5064.50602535302,131.972588088591,0.297744693468473,0.423983543732903,1.41189381220098,0.182550328431463,89.9994040525751,3.5139899400884,TRUE,TRUE,TRUE,TRUE,TRUE,TRUE,FALSE,,,,,,,0.880699778024289,-0.983669293915148,0,Duct2 singlet,Duct2 singlet,,0,0
PC1_cellid_000159603-1,PC1_A2,PASC,PC1,singlet,Fibroblast,Myeloid,,FALSE,FALSE,135.610817034207,147.445568921816,,,Fibroblast singlet,101,95,11780.1056437952,18367.6662763078,159603,TRUE,39.9358899418387,36.0413524069147,7.13077515619027,12.0135850565378,5.99310962896292,2.00456620933381,0.866681980314866,90,0.386341243109696,0.767731300512249,0.871444392601515,0.55467490435422,1.60884595659626,11778.645,18369.9,3223.320125846,5027.06961452514,TRUE,3.99081811277839,7.99081283753174,2.25416668350741,1.99770321101292,1.99770320815964,1.00000000005842,5.34468052155765e-05,5.84776469558042e-08,0.785398163388141,0.999999999812348,0.999999999657534,0.999999999608648,1.1283791655022,11774.95,18366.25,3222.30895963248,5026.07076292045,35.9450718290603,0.0999306167357526,0.111025459363297,1.42132390381324,0.398644991237153,89.9999999415224,2.43830423634143,TRUE,TRUE,TRUE,TRUE,TRUE,TRUE,FALSE,,,,,,,-0.367460388812933,0.377558192840694,0,Fibroblast singlet,Fibroblast singlet,,0,5.29340432721214
PC1_cellid_000159607-1,PC1_A2,PASC,PC1,singlet,Duct2,Fibroblast,,FALSE,FALSE,221.127805909812,235.629081506791,,,Duct2 singlet,246,234,11337.3412410629,18149.7349787617,159607,TRUE,52.1277681321129,36.0418276533318,8.14684821047941,10.0228283663169,8.01822533413437,1.25000582363631,0.600004969811719,179.804452036169,0.504272614589445,0.812871506804539,0.850136986894493,0.648635300489143,1.40820962380865,11339.3253424658,18152.3,3103.09679847601,4967.52163940711,TRUE,24.0269117885629,20.0044603698751,5.53100481170119,5.99310962692351,4.02277221859987,1.48979591614374,0.741246534216879,179.999999980507,0.754491127156809,0.999999999968889,0.999999999863202,0.996598639022114,1.15125871638503,11335.65,18152.3,3102.09101170349,4967.52163940711,28.10085634355,0.460923470252165,0.855024184539756,1.00578677252224,0.246914326637224,0.195547944338557,1.30792169938911,TRUE,TRUE,TRUE,TRUE,TRUE,TRUE,FALSE,,,,,,,0.461205997915562,-0.56286176039954,0.1612079755165,Duct2 singlet,Duct2 singlet,,0,3.72931112856679
PC1_cellid_000159618-1,PC1_A2,PASC,PC1,singlet,Fibroblast,Duct2,,FALSE,FALSE,231.070669629813,231.947997899141,,,Fibroblast singlet,265,195,11835.33306772,18816.4552118308,159618,TRUE,120.109096789369,55.9916082278089,12.366392024946,14.1453112192584,12.7424299100624,1.11009527351218,0.434185300891801,44.6075692861074,0.481437462761604,0.822228602037669,0.791518759065689,0.666363407974493,1.44121926603176,11835.1,18819.05,3238.76948676185,5149.98309349693,TRUE,16.0729843770804,20.0047408779192,4.52379921203509,6.01129082717973,4.0228552352955,1.49428464896002,0.743067443430063,89.7383772402787,0.504708391955475,0.801093630412446,0.92492762059735,0.664652095505667,1.4076015510515,11827.7666666667,18808.2,3236.76266162,5147.01390448025,104.036112412289,0.133819875474785,0.154494280907376,3.58377323037498,0.579598838100823,45.1308079541712,3.92129640645545,TRUE,TRUE,TRUE,TRUE,TRUE,TRUE,FALSE,,,,,,,-0.367460388812933,0.768962706882539,0,Fibroblast singlet,Fibroblast singlet,,0,6.27155894355144
PC1_cellid_000159629-1,PC1_A2,PASC,PC1,singlet,Fibroblast,Myeloid,,FALSE,FALSE,531.454955172394,536.403302313093,,,Fibroblast singlet,790,542,11769.9052601669,18901.3179221936,159629,TRUE,207.989847269216,72.0275384771772,16.273318605822,22.0157958721904,14.0113934538509,1.5712781130873,0.771338942884816,179.804452024177,0.503796160987286,0.838733739512578,0.868290820669331,0.674258480481843,1.40887535761033,11773.2620748299,18899.75,3221.84704545037,5172.06729198969,TRUE,71.8354749168468,35.9588764444204,9.56366913788637,10.0022340083639,7.9840182880433,1.25278195065193,0.602361383271242,179.803782343534,0.698130487802424,0.947368940851036,0.934913013784063,0.899539903395622,1.19682788054298,11762.3,18896.15,3218.8471862628,5171.0821232837,136.154372352369,0.345379718561028,0.527603143920048,3.15748515824016,0.388056699538835,0.000669680643170523,3.35482473396781,TRUE,TRUE,TRUE,TRUE,TRUE,TRUE,FALSE,,,,,,,-0.367460388812933,1.39192851641919,0,Fibroblast singlet,Fibroblast singlet,,0,6.43173867125213
PC1_cellid_000159662-1,PC1_A2,PASC,PC1,singlet,Duct2,Fibroblast,,FALSE,FALSE,318.890815950085,322.167982094527,,,Duct2 singlet,357,313,11131.6397662949,18004.4028632323,159662,TRUE,76.0726768087719,40.0095742090828,9.84168381867584,10.0160273402368,10.0159023842068,1.00001247549033,0.00499510362143261,179.738377264002,0.597187492393976,0.883489741418836,0.853830498773493,0.758303592894937,1.29403090398707,11130.4835616438,18006.9,3045.94557987312,4927.7317700038,TRUE,11.9997887089673,16.009366335395,3.90878568262877,4.00918271524409,3.99550013614995,1.00342449652908,0.0825467918401943,89.6075692863213,0.588349214692305,0.857421874954125,0.9256873340305,0.749111734169625,1.30371424419391,11134.1125,18003.25,3046.93866779103,4926.7329183991,64.0728880998046,0.157741112982713,0.187283405867436,1.4085198404344,0.286235539268027,89.869192022319,2.96644906802353,TRUE,TRUE,TRUE,TRUE,TRUE,TRUE,FALSE,,,,,,,0.0118435887684116,-0.79384682721192,0.0727194575370893,Duct2 singlet,Duct2 singlet,,0,3.36768211680924
PC1_cellid_000159667-1,PC1_A2,PASC,PC1,singlet,Fibroblast,Duct2,,FALSE,FALSE,216.160634313886,223.146267197588,,,Fibroblast singlet,226,193,11953.6012332105,18228.1383879055,159667,TRUE,123.963243048961,59.9872329665363,12.5632361731981,17.1404717579667,10.627904436302,1.61278000346015,0.784564375176314,148.805956204783,0.432897556183356,0.794636813576012,0.792785589963416,0.680491207156668,1.51987346492429,11953.4621575342,18226.75,3271.16023497768,4987.89547556307,TRUE,11.9997887089671,15.9819068206206,3.90878568262873,4.02277221656096,3.99540641794901,1.00684931468641,0.116443830945525,90,0.590372710795331,0.857421874954108,0.927981151949974,0.746598639497921,1.30147809319331,11958.9750000001,18230.35,3272.66886827724,4988.88064426907,111.963454339994,0.0968011840675992,0.10717594217356,1.8018134786421,0.286839067726454,58.8059562047834,4.3272252452847,TRUE,TRUE,TRUE,TRUE,TRUE,TRUE,FALSE,,,,,,,-0.367460388812933,-0.0227436229690218,0,Fibroblast singlet,Fibroblast singlet,,0,5.40375310061583
PC1_cellid_000159706-1,PC1_A2,PASC,PC1,doublet_certain,Duct2,Fibroblast,Duct2__Fibroblast,FALSE,FALSE,434.907874035393,466.306451486752,TRUE,spatially_supported_contact,Supported Duct2-Fibroblast doublet,569,491,11515.1674797335,18631.3135406307,159706,TRUE,88.0997998883837,52.0236458283227,10.5911354018889,16.4935381788695,9.69112410617423,1.70192208803765,0.809172641520719,165.825805476466,0.40905642382587,0.772158171615586,0.799657737864742,0.551171733050926,1.5635378218797,11520.1246575342,18630.3,3152.57397271799,5098.33015092557,TRUE,44.0087111665188,27.9953822611838,7.4855615267019,8.01138392210176,5.99991589284598,1.33524937041203,0.662656154194401,179.803782343714,0.705627844919347,0.956625427300045,0.958199268787813,0.915558171353649,1.19045270092998,11516.4831050228,18633.9,3151.57743283591,5099.31531963157,44.0910887218649,0.499532475865773,0.998131650460094,1.40130264962725,0.264618021356076,13.9779768672474,1.55278693759351,TRUE,TRUE,TRUE,TRUE,TRUE,FALSE,TRUE,PC1_A2,13.4687188579895,8.53909069872226,TRUE,TRUE,30,-0.367460388812933,-0.284119466419364,0,Supported Duct2-Fibroblast,Supported Duct2-Fibroblast,13.4687188579895,0,0
PC1_cellid_000159710-1,PC1_A2,PASC,PC1,singlet,Fibroblast,Duct2,,FALSE,FALSE,413.053505416865,414.983502063585,,,Fibroblast singlet,465,366,11686.8724592098,18126.9852163895,159710,TRUE,111.908785598725,55.9641483595046,11.9367789301631,16.9705125311021,9.90755037425977,1.71288682725295,0.811890507835732,134.738377250757,0.449008175329143,0.823084719058151,0.796673752183837,0.665584094446727,1.49235751069514,11690,18125.4,3199.0617147507,4960.16023990952,TRUE,15.9906068217445,20.0045853193893,4.51219159054189,5.99310962692401,3.99540641998792,1.49999999820726,0.745355992195687,90.0000000116927,0.502129460386978,0.800273597781244,0.88203073937661,0.667808219089145,1.41121163494566,11682.7,18125.45,3197.06401154132,4960.17392280822,95.9181787769801,0.14288964655245,0.166710909485232,1.99775006807458,0.334721799978929,44.7383772390643,3.71229366981059,TRUE,TRUE,TRUE,TRUE,TRUE,TRUE,FALSE,,,,,,,0.254798248387605,1.2998508117369,0.258559215018184,Fibroblast singlet,Fibroblast singlet,,0,6.01518632404754
PC1_cellid_000159711-1,PC1_A2,PASC,PC1,singlet,Fibroblast,Duct2,,FALSE,FALSE,188.262534768893,196.393738884751,,,Fibroblast singlet,217,195,11708.7092892805,18087.5613871999,159711,TRUE,47.9733182389612,31.9641104005895,7.81546709250381,10.0160105453915,6.00000961182456,1.66933241591548,0.800717707425816,89.8037823429634,0.590043973491104,0.889060830209845,0.890761992695573,0.798275939793659,1.30184059621884,11708.1062214612,18088.8,3204.01662663054,4950.14435806522,TRUE,3.9908181127773,7.99081283752975,2.2541666835071,1.99770321101342,1.99770320856682,0.99999999985484,4.94914763711463e-05,5.84776469557896e-08,0.785398163388318,0.999999999812348,0.999999999657534,0.999999999404299,1.12837916550208,11715.45,18081.45,3206.02631018615,4948.13297195714,43.9825001261839,0.0831882858731315,0.0907364997537759,2.84332588168715,0.727615084487571,89.8037822844857,2.78065020449836,TRUE,TRUE,TRUE,TRUE,TRUE,TRUE,FALSE,,,,,,,-0.367460388812933,0.344588188814217,0,Fibroblast singlet,Fibroblast singlet,,0,5.77944837239834
PC1_cellid_000159736-1,PC1_A2,PASC,PC1,singlet,Fibroblast,Endothelium,,FALSE,FALSE,272.04722326421,274.86461245253,,,Fibroblast singlet,246,202,11579.35477061,18311.2231837354,159736,TRUE,75.991048140299,47.9730237883992,9.83640216431303,14.0113921082165,9.99778366604611,1.40144981851988,0.70060759235427,89.7383772467848,0.414933129968136,0.759978879483774,0.819258051631057,0.542472107271555,1.55242612918344,11577.4081050228,18304.8,3168.25004489504,5009.25448042503,TRUE,27.9634356035061,24.0000072052035,5.96692148574448,8.01822533409511,3.99547654871996,2.00682577680805,0.867005045124001,89.8044520237284,0.610067160507553,0.933394993040001,0.95124053759412,0.872858177700525,1.28029832067918,11573.7438566553,18301.25,3167.24729411095,5008.28299461773,48.0276125367929,0.367983285981246,0.582236636815156,1.39617112445813,0.283878413732355,0.0660747769436796,1.93474033928428,TRUE,TRUE,TRUE,TRUE,TRUE,TRUE,FALSE,,,,,,,-0.367460388812933,0.937171116988878,0,Fibroblast singlet,Fibroblast singlet,,0,5.78752065958087
PC1_cellid_000159763-1,PC1_A2,PASC,PC1,singlet,Fibroblast,Myeloid,,FALSE,FALSE,183.832172285228,187.180335442908,,,Fibroblast singlet,160,130,11821.9556569849,18639.9129871872,159763,TRUE,67.9266599159765,40.0091706461955,9.29983384511778,10.0090754204463,9.98855119031501,1.00205477521194,0.0640071814645469,179.803782339119,0.533250198962428,0.871014207442468,0.873220884769996,0.679428559942976,1.36941312742111,11823.4564212329,18636.55,3235.58312858763,5100.04051326237,TRUE,11.9185344839254,15.9821879661816,3.89552941462692,3.99550013614995,3.99550013462194,0.999999999697517,2.76561898701174e-05,179.607569290665,0.586354487435401,0.856589251548372,0.925560962279834,0.746587231099051,1.3059299229585,11819.7878424658,18636.55,3234.57919275517,5100.04051326237,56.0081254320511,0.175461806850414,0.212800096233483,1.00393583245977,0.215904035925928,0.196213048454098,2.70215221524543,TRUE,TRUE,TRUE,TRUE,TRUE,TRUE,FALSE,,,,,,,-0.367460388812933,0.78339101123195,0,Fibroblast singlet,Fibroblast singlet,,0,6.53451531816871
PC1_cellid_000159770-1,PC1_A2,PASC,PC1,doublet_certain,Fibroblast,Duct2,Duct2__Fibroblast,FALSE,FALSE,444.991913225621,478.848439951374,TRUE,spatially_supported_contact,Supported Duct2-Fibroblast doublet,588,505,11858.936921873,18046.8946828516,159770,TRUE,115.954272452782,55.9641019788169,12.1506199458249,16.9705236643966,9.91243846391668,1.71204327991419,0.811683587944402,44.8044520216681,0.465240528835265,0.853005908516502,0.805438735336155,0.689304331197739,1.46609201884466,11857.7980371531,18044.4,3244.98098562039,4937.99394402459,TRUE,32.009296900982,28.0230419363633,6.38400365080558,8.01817927325208,6.00693278408554,1.33482087411435,0.662384341417799,89.6102387864224,0.512218718605974,0.799867133244748,0.861484043321155,0.664580509414977,1.3972440764056,11854.1373287671,18044.4,3243.9792035805,4937.99394402459,83.9449755517998,0.276051034784045,0.381312838401114,1.00178203988889,0.16489397951817,44.8057867647543,2.88330814750964,TRUE,TRUE,TRUE,TRUE,TRUE,FALSE,TRUE,PC1_A2,8.93959854674503,15.6358371520167,TRUE,TRUE,30,-0.367460388812933,0.0112802068917049,0,Supported Duct2-Fibroblast,Supported Duct2-Fibroblast,15.6358371520167,0,5.54557596199968
PC1_cellid_000159783-1,PC1_A2,PASC,PC1,singlet,Fibroblast,Duct2,,FALSE,FALSE,116.993833668861,117.715367520563,,,Fibroblast singlet,109,96,11842.848171688,18402.5212522654,159783,TRUE,44.0087111665202,32.018669909356,7.48556152670202,10.0069467800635,6.00225248613507,1.66719857230543,0.800143533130209,179.739566461456,0.539438501563835,0.84603368844161,0.878597284469451,0.73269427780148,1.36153568892779,11840.8630136986,18402.6,3240.3465814141,5036.01823027127,TRUE,3.99081811277512,7.99081283752875,2.25416668350649,1.99770320978937,1.99770320897451,0.999999999038039,2.85622883010525e-05,89.9999999883073,0.785398163388085,0.999999999812348,0.999999999657534,0.999999999812403,1.12837916550224,11840.85,18402.55,3240.3430201117,5036.00454737258,40.0178930537451,0.0906824582244145,0.0997258427978225,0.0141387620191489,0.00377760891576081,89.7395664731482,2.61569742159777,TRUE,TRUE,TRUE,TRUE,TRUE,TRUE,FALSE,,,,,,,-0.367460388812933,0.83836426824742,0,Fibroblast singlet,Fibroblast singlet,,0,4.52983351292491
PC1_cellid_000159800-1,PC1_A2,PASC,PC1,singlet,Fibroblast,Myeloid,,FALSE,FALSE,280.001221878963,286.760038681719,,,Fibroblast singlet,299,256,11573.1784145813,18507.1742840003,159800,TRUE,111.936494412799,47.9729454067622,11.9382566225309,14.0113298710472,9.99776279277649,1.40144651934885,0.700605881553652,89.7389732111152,0.611207673736344,0.903377000130501,0.892110009091165,0.799078628223052,1.27910324522902,11570.8087129841,18502.3,3166.44406864081,5063.30193026791,TRUE,40.0175186103082,28.0232012893242,7.13805906229556,7.99081283793793,6.02047542553596,1.32727272673725,0.657534246619462,90,0.640360488056428,0.908744600508297,0.91549438304977,0.831818181762712,1.24964810897262,11578.125,18505.85,3168.44622892198,5064.27341607521,71.918975802491,0.357501981964494,0.556425034675729,2.2254056855483,0.37281920672071,0.261026788884791,2.40009878011766,TRUE,TRUE,TRUE,TRUE,TRUE,TRUE,FALSE,,,,,,,-0.367460388812933,0.524108719178841,0,Fibroblast singlet,Fibroblast singlet,,0,5.5930688731665
PC1_cellid_000159817-1,PC1_A2,PASC,PC1,singlet,Fibroblast,Endothelium,,FALSE,FALSE,169.554146401957,176.908046085183,,,Fibroblast singlet,123,95,11864.7275903483,18435.3437376195,159817,TRUE,64.0178449151128,43.9773049775376,9.02829173845442,11.3136456684986,8.49490949824595,1.33181473766024,0.660466874953298,44.8694859265827,0.415962032253638,0.77988878801968,0.779561590836159,0.666100440193557,1.5505049396566,11862.9,18435.35,3246.37717843593,5044.98052891611,TRUE,11.9185344839259,15.9821879661811,3.89552941462699,3.99550013631448,3.99550013611447,0.999999999365142,1.00057386201511e-05,179.607569291166,0.58635448743546,0.856589251548269,0.92556096227981,0.746587230789444,1.30592992295844,11870.2251712329,18435.35,3248.38176995391,5044.98052891611,52.0993104311869,0.186175190649857,0.228765685821894,2.00459151797122,0.44406883862477,45.2619166354162,2.56638116191372,TRUE,TRUE,TRUE,TRUE,TRUE,TRUE,FALSE,,,,,,,-0.367460388812933,0.141021996669698,0,Fibroblast singlet,Fibroblast singlet,,0,6.01005090819104
PC1_cellid_000159818-1,PC1_A2,PASC,PC1,singlet,Duct2,Fibroblast,,FALSE,FALSE,386.461734100196,393.204882729251,,,Duct2 singlet,588,491,11086.3871564045,18164.3660992769,159818,TRUE,171.826474918517,64.0102637365038,14.7910872723644,18.0068702414398,13.9908693078719,1.28704441744633,0.629532733830618,179.803782344169,0.526987982140714,0.859563779129091,0.810110516558205,0.682035759726806,1.37752549119529,11087.2329908676,18160.45,3034.10971630499,4969.7519518943,TRUE,28.0454387154086,24.000147650212,5.97566411555274,6.02053762020877,6.011332862507,1.00153123361683,0.0552761109859356,179.73956643219,0.611849028860522,0.875428077167758,0.903282846460449,0.774918781629039,1.27843267545454,11087.1751712329,18153.25,3034.09389350091,4967.7816144823,143.781036203108,0.163219543013241,0.195056590591268,1.97040094352154,0.266430845085841,0.0642159119781809,4.40771157840583,TRUE,TRUE,TRUE,TRUE,TRUE,TRUE,FALSE,,,,,,,0.0563500362948162,-0.820422989784971,0.062538343787518,Duct2 singlet,Duct2 singlet,,0,0
PC1_cellid_000159821-1,PC1_A2,PASC,PC1,singlet,Fibroblast,Myeloid,,FALSE,FALSE,259.873968226909,267.276917147053,,,Fibroblast singlet,276,242,11692.1075186911,18530.649979478,159821,TRUE,124.072580531504,56.0187398628052,12.5687754355804,16.0090744911874,12.0045878881515,1.33357968109334,0.661594890085772,179.738377255994,0.49684280923307,0.837762944979543,0.815580008877064,0.645598234516986,1.4186997609087,11695.1506849315,18531,3200.47124075319,5071.1559141185,TRUE,80.0915781790556,44.0053398646446,10.0983050329162,12.0137020396591,10.0228519574753,1.19863109695229,0.551333349438434,179.803782348989,0.519739777758784,0.850507572828824,0.832534096235075,0.665148596786406,1.38709760437229,11695.1753424658,18527.4,3200.47798848405,5070.1707454125,43.9810023524486,0.645521982612941,1.8210494049003,0.98519181439265,0.156768146248525,0.0654050929953769,1.23523520133208,TRUE,TRUE,TRUE,TRUE,TRUE,TRUE,FALSE,,,,,,,-0.367460388812933,0.611371101720953,0,Fibroblast singlet,Fibroblast singlet,,0,5.8952807974468
PC1_cellid_000159835-1,PC1_A2,PASC,PC1,singlet,Duct2,Fibroblast,,FALSE,FALSE,301.468139662764,305.883158373044,,,Duct2 singlet,410,357,11181.7915949522,18051.3527231156,159835,TRUE,91.9820294054781,48.0001019152311,10.8219756626989,16.0228608476935,7.99081283814813,2.00516032182773,0.866767041843439,179.607569283191,0.50168201518092,0.867941461202386,0.880327468004942,0.718409335969047,1.41184081808803,11185.4253409091,18046.95,3060.98083586865,4938.69177185801,TRUE,11.9724543383293,15.9821879661811,3.90433122456292,4.00918271476709,3.99550013538467,1.00342449660189,0.0825467927132145,89.6075692824045,0.589007175031739,0.85711987985975,0.926772401603813,0.747405329540113,1.30298587279952,11187.3001712329,18050.55,3061.49389813644,4939.67694056401,80.0095750671487,0.13016079786901,0.149637769314297,1.11076112189202,0.205278805730046,89.9999999992138,3.45882221906799,TRUE,TRUE,TRUE,TRUE,TRUE,TRUE,FALSE,,,,,,,0.471015599774819,-0.801018354536569,0.0699721032021767,Duct2 singlet,Duct2 singlet,,0,0
PC1_cellid_000159846-1,PC1_A2,PASC,PC1,singlet,Duct2,Fibroblast,,FALSE,FALSE,285.565578346775,300.452398902283,,,Duct2 singlet,330,295,11441.7630062112,18478.4018486796,159846,TRUE,67.9813286572475,39.9818423287134,9.30357543904736,12.0136149396624,8.01275037822158,1.49931226713515,0.745082364577378,179.843025654782,0.534409177914175,0.871104564398542,0.853935611876833,0.706210754961632,1.36792739093648,11439.2,18480.75,3130.42829489959,5057.40460093062,TRUE,43.9544168686796,31.9637511637981,7.48094256915378,10.0159023862456,5.99317210698058,1.6712188809005,0.801223145665261,179.738377241565,0.540625970823818,0.846318005495957,0.854157266018191,0.732243777608665,1.36003958011635,11439.1753424658,18477.1,3130.42154716873,5056.40574932593,24.0269117885679,0.646566016439986,1.82938270374387,0.998874396541701,0.214729143851966,0.104648413216779,0.911316434946789,TRUE,TRUE,TRUE,TRUE,TRUE,TRUE,FALSE,,,,,,,0.142086943185992,-0.319235658584835,0.211725720303329,Duct2 singlet,Duct2 singlet,,3.44371490765316,3.44371490765316
PC1_cellid_000159870-1,PC1_A2,PASC,PC1,singlet,Fibroblast,Tcell,,FALSE,FALSE,120.52531397443,121.783608691865,,,Fibroblast singlet,115,100,11888.2953682612,18274.0676031384,159870,TRUE,35.9993661268956,31.9637824025183,6.77021539821024,8.01817863451046,7.99081283793793,1.00342465708828,0.0825487129194799,0,0.44278039856906,0.75042149301028,0.838948293607937,0.561860068252671,1.50281598669005,11891.55,18278.1,3254.21747938782,5001.94781252222,TRUE,20.063802489859,20.0320133114505,5.05430774170353,6.02047542349705,4.02277221574659,1.49659863808226,0.743998022604345,179.999999980596,0.628309907164616,0.90954304722607,0.94158213501347,0.82843228234248,1.26157491768302,11884.225,18270.85,3252.2129347291,4999.96379221153,15.9355636370366,0.557337660156623,1.25905822563044,2.82037867706892,0.833172507179841,1.94039557754877e-08,0.857953828253353,TRUE,TRUE,TRUE,TRUE,TRUE,TRUE,FALSE,,,,,,,-0.367460388812933,0.319019333368198,0,Fibroblast singlet,Fibroblast singlet,,0,5.16428895602064
PC1_cellid_000159873-1,PC1_A2,PASC,PC1,singlet,Duct2,Fibroblast,,FALSE,FALSE,353.244034188014,355.312657549988,,,Duct2 singlet,474,414,11049.6161527008,18462.884204459,159873,TRUE,108.054264895694,48.0276518509177,11.7294059117453,12.0068838230122,12.0067904234896,1.0000077786638,0.00394431260290188,179.804452018353,0.588666158412478,0.871087512333302,0.880959596462916,0.749522499960559,1.3033632312855,11048.0935568517,18456.65,3023.39889809307,5050.80944375992,TRUE,27.9087668622345,24.0275736776748,5.9610859424933,6.0022939440756,6.00229394401109,0.999999999554826,4.63646463769617e-06,179.738377249683,0.607478170764913,0.872640846698993,0.93471164693266,0.774651075296204,1.2830236490988,11044.4917237443,18460.35,3022.41322774263,5051.82197826331,80.1454980334592,0.25828473208894,0.348226257788065,1.41307188786945,0.240945175926602,0.0660747686702337,2.884159984626,TRUE,TRUE,TRUE,TRUE,TRUE,TRUE,FALSE,,,,,,,0.435001741217989,-0.983669293915148,0,Duct2 singlet,Duct2 singlet,,0,0
PC1_cellid_000159878-1,PC1_A2,PASC,PC1,singlet,Fibroblast,Duct2,,FALSE,FALSE,217.206597111105,234.668859717265,,,Fibroblast singlet,258,241,11872.5560983688,18914.2913384287,159878,TRUE,104.009526928507,64.0100995244058,11.5077818329412,19.4046608801217,8.87672270547533,2.18601633936029,0.889233738091229,146.129189289681,0.318996545643267,0.752873033594161,0.756608106102742,0.603829616381099,1.77054516538252,11875.65,18914,3249.86631760301,5175.9669181176,TRUE,20.0364681192258,20.0046471671288,5.05086364359836,6.0114157832092,4.00448660303607,1.50117015613024,0.745820468640854,89.7383772582278,0.629171789856024,0.909430819663472,0.941502219996194,0.832333850308514,1.26071052560948,11868.3418367347,18910.4,3247.86638045098,5174.9817494116,83.973058809281,0.192640700414606,0.238605910049632,2.22941830784012,0.387462733710114,56.390812031453,3.22845909467142,TRUE,TRUE,TRUE,TRUE,TRUE,TRUE,FALSE,,,,,,,-0.367460388812933,-0.278569310912142,0,Fibroblast singlet,Fibroblast singlet,,0,4.36334547132513
PC1_cellid_000159882-1,PC1_A2,PASC,PC1,singlet,Fibroblast,Myeloid,,FALSE,FALSE,274.641657216631,281.377214571468,,,Fibroblast singlet,322,227,11492.8218160241,18285.1766772366,159882,TRUE,100.017959928876,44.0046142390224,11.2848049059424,12.0273607098779,10.0021517689108,1.20247732532626,0.555350318293871,179.607569288028,0.649069825395951,0.909069560860877,0.933729568418891,0.83140803220779,1.24123579120609,11493.2812719155,18286.9,3145.22806619726,5004.35600269243,TRUE,16.0183156358115,16.0092719870842,4.51609930222585,4.02286529602042,3.99550013337394,1.00684899486364,0.116441140001277,179.610238804688,0.78538670439521,0.999999999953396,0.999999999829063,0.996575501590993,1.12838739794555,11493.2748287671,18283.25,3145.22630297834,5003.35715108774,83.9996442930648,0.160154392727074,0.190695041255396,0.998853160947952,0.177026216669764,0.00266951665921056,3.38435280185829,TRUE,TRUE,TRUE,TRUE,TRUE,TRUE,FALSE,,,,,,,-0.367460388812933,0.797844786649431,0,Fibroblast singlet,Fibroblast singlet,,0,6.43312980532518
PC1_cellid_000159908-1,PC1_A2,PASC,PC1,singlet,Fibroblast,Myeloid,,FALSE,FALSE,243.200144578407,243.856115293003,,,Fibroblast singlet,328,231,11773.3513704115,18867.4335868788,159908,TRUE,75.9090450284017,43.9779984601808,9.8310934251101,12.0136899162269,10.004972949353,1.20077185353289,0.553577495705642,179.843025648682,0.493210680149822,0.843819069533959,0.832171078609637,0.631540477043283,1.42391401185996,11773.125,18863.15,3221.80953383014,5162.05141014539,TRUE,28.0454387154106,24.0000848246144,5.97566411555295,6.00683906462485,6.00683906411034,0.999999999630076,1.30884203235473e-05,179.607569278969,0.611852232168508,0.875428077167791,0.902481390691199,0.777267028029059,1.27842932887938,11769.500085034,18870.55,3220.81754694503,5164.07647915217,47.8636063129911,0.369461092564432,0.585944956302615,2.25498169890957,0.458744840845994,0.235456369712068,1.92771465477858,TRUE,TRUE,TRUE,TRUE,TRUE,TRUE,FALSE,,,,,,,-0.367460388812933,1.51196988582735,0,Fibroblast singlet,Fibroblast singlet,,0,6.19196338744912
PC1_cellid_000159948-1,PC1_A2,PASC,PC1,singlet,Duct2,Fibroblast,,FALSE,FALSE,323.848173014159,337.733995921903,,,Duct2 singlet,388,348,11332.1564015275,18123.3028223355,159948,TRUE,59.9453981338627,35.9866013178501,8.73640952731312,9.99546272758126,8.01822533409561,1.24659289402438,0.59707353612126,89.8044520169396,0.581679887895159,0.882496913026145,0.892353711230132,0.747953653595978,1.3111668963824,11331.9251141553,18126.7,3101.07166699025,4960.51599527558,TRUE,27.936101232871,24.0001476502125,5.96400442785014,6.02053762020877,5.98396734256149,1.0061113760822,0.110052770997856,89.7395664321857,0.609463684377655,0.875001465997127,0.901670349130566,0.775427692280469,1.28093202399077,11328.2251136364,18119.45,3100.05913234486,4958.53197496489,32.0092969009917,0.466025785095751,0.872749604921124,2.22745662164794,0.509924954773439,0.0648855847539096,1.38620254973149,TRUE,TRUE,TRUE,TRUE,TRUE,TRUE,FALSE,,,,,,,0.363012024910267,-0.285602406881565,0.267423799886926,Duct2 singlet,Duct2 singlet,,0,3.96169643183666
PC1_cellid_000159964-1,PC1_A2,PASC,PC1,singlet,Duct2,Fibroblast,,FALSE,FALSE,87.2000464388363,89.1184063590065,,,Duct2 singlet,119,116,11075.3942206749,18351.0708958222,159964,TRUE,27.9634356035079,24.0003796889033,5.96692148574468,8.01138392414068,4.00231811755888,2.00168594383229,0.866268407565761,179.803782343714,0.61004822428136,0.932532497510508,0.950894559703309,0.872110225303051,1.28031819110048,11073.3244909293,18350.55,3030.30354439206,5021.77433273041,TRUE,15.9632724511081,15.9818131098306,4.50833336701405,4.02286529340106,3.99531270367157,1.00689622790945,0.116837853275831,89.6075692919904,0.785379741197296,0.999999999953087,0.999999999828769,0.993197595361793,1.1283924000896,11069.65,18350.6,3029.29799064928,5021.7880156291,12.0001631523998,0.570862345805497,1.33025461696437,1.00564683230858,0.337073927096372,89.8037869482768,0.729294059365312,TRUE,TRUE,TRUE,TRUE,TRUE,TRUE,FALSE,,,,,,,-0.367460388812933,-0.983669293915148,0,Duct2 singlet,Duct2 singlet,,0,0
PC1_cellid_000159967-1,PC1_A2,PASC,PC1,singlet,Duct2,Fibroblast,,FALSE,FALSE,240.316892462453,249.972178991119,,,Duct2 singlet,324,297,11320.7775668987,18342.5964385257,159967,TRUE,59.9176893197899,36.0138886093578,8.7343901602294,9.99761762712015,7.99085467814147,1.25113245408457,0.600964274682168,179.739566421208,0.580530293023489,0.857256124664664,0.859061754268473,0.750006973753802,1.31246447316954,11321.75,18345.95,3098.28716586644,5020.51550605052,TRUE,8.00897059618807,12.0137724818595,3.19332711692489,4.02277221656195,1.99770321019805,2.01369862676072,0.867980294211426,89.9999999883798,0.697312992711508,0.999999999906333,0.999999999772213,0.996598638854733,1.1975292250076,11321.75,18342.4,3098.28716586644,5019.54402024322,51.9087187236018,0.133666212528763,0.154289506494863,0.971485807301178,0.222450746361245,89.7395664328281,2.77053152165226,TRUE,TRUE,TRUE,TRUE,TRUE,TRUE,FALSE,,,,,,,-0.367460388812933,-0.593082911530964,0,Duct2 singlet,Duct2 singlet,,0,3.46148304504618
PC1_cellid_000159986-1,PC1_A2,PASC,PC1,singlet,Duct2,Epithelium,,FALSE,FALSE,205.646780389604,207.018285049195,,,Duct2 singlet,237,213,11070.2634902915,18438.0120791561,159986,TRUE,51.990721835507,36.0138886093593,8.1361319433926,10.0158818455244,7.99081283793793,1.25342465719407,0.602903383770429,1.16635744009192e-08,0.503727518939859,0.812475496640492,0.855764783299144,0.649599520803605,1.40897134652611,11069.9914772727,18441.95,3029.39143862786,5046.78667154377,TRUE,8.00897059618718,12.013772481858,3.19332711692471,4.02277221656146,1.997703208975,2.01369862799332,0.867980294385337,0,0.697312992711603,0.999999999906494,0.999999999772213,0.996598639464889,1.19752922500752,11069.975,18434.65,3029.38692949079,5044.78896833439,43.9817512393198,0.154046151157244,0.18209758294495,1.99770829829804,0.491070771046106,1.16635744009192e-08,2.47140241323394,TRUE,TRUE,TRUE,TRUE,TRUE,TRUE,FALSE,,,,,,,0.690621411587553,-0.983669293915148,0,Duct2 singlet,Duct2 singlet,,3.76570374578464,0
PC1_cellid_000159992-1,PC1_A2,PASC,PC1,singlet,Duct2,Fibroblast,,FALSE,FALSE,284.88016232591,286.05249968091,,,Duct2 singlet,357,330,11061.1348096555,18384.2981094532,159992,TRUE,75.9629648828009,52.0230043308571,9.8345844255927,16.0089914724484,8.01817863654987,1.99658702962909,0.865531379286549,179.999999992703,0.35271255020056,0.774309160299465,0.801627638134876,0.591782619986378,1.6837962709478,11055.15,18387.15,3025.3299500279,5031.79021457471,TRUE,35.9724061996929,32.0184196489883,6.76767981606144,7.9999763268941,6.0205376194543,1.32878105393898,0.658512910996794,179.738377261304,0.440940071353415,0.781468104823978,0.837557031534289,0.746870855239997,1.5059488312779,11062.4625570776,18383.5,3027.33108958171,5030.79136297002,39.990558683108,0.473551897960503,0.899522471685109,2.23657417538298,0.454838572540864,0.261622731399171,1.53345230476563,TRUE,TRUE,TRUE,TRUE,TRUE,TRUE,FALSE,,,,,,,0.186273483611852,-0.793489675411894,0.0728562795139995,Duct2 singlet,Duct2 singlet,,0,0
PC1_cellid_000160001-1,PC1_A2,PASC,PC1,singlet,Duct2,Fibroblast,,FALSE,FALSE,380.844909685833,389.122181982427,,,Duct2 singlet,488,437,11338.7729585236,18420.8605091161,160001,TRUE,95.9994330020278,47.9730392476351,11.0557801339542,12.0136084846381,12.0068838209738,1.00056006712704,0.033454362735836,89.8044520282524,0.524184367936267,0.827517534539314,0.847158000697422,0.665525783078362,1.38120444449787,11340.3061865912,18426.3,3103.36521429209,5042.50392425242,TRUE,48.0819068346359,32.01884155145,7.8243073283282,8.01822533409511,8.00458921595571,1.00170353718726,0.0582957002875362,89.8044520237284,0.589359538308187,0.889271319535071,0.890344738143843,0.749142396908339,1.30259630382007,11333.0189419795,18419.1,3101.37100169642,5040.53358684043,47.9175261673919,0.500856154313034,1.003430491312,2.80341102834148,0.507139431013165,4.52398296602041e-09,1.61573640281299,TRUE,TRUE,TRUE,TRUE,TRUE,TRUE,FALSE,,,,,,,-0.367460388812933,-0.637519754932658,0,Duct2 singlet,Duct2 singlet,,0,3.06767161959039
PC1_cellid_000160009-1,PC1_A2,PASC,PC1,singlet,Duct2,Myeloid,,FALSE,FALSE,852.195466515646,862.148318288883,,,Duct2 singlet,1597,1218,11221.2556070067,18832.9670153984,160009,TRUE,304.044323455949,83.9596093552119,19.6753972253768,23.2628961257008,18.7956282666383,1.23767589953909,0.589229159913833,153.121860248425,0.542008309870186,0.883688989881213,0.801507389784649,0.695370513515109,1.35830414946338,11221.2499257991,18832.35,3070.78451918503,5153.62274454964,TRUE,48.054572463997,31.9909607717328,7.82208296852587,8.01817863451096,8.01817863451046,0.999999999658765,3.52310848758724e-07,89.9999999854305,0.590051631067856,0.857144765391749,0.879647008528916,0.747451921464121,1.30183214867326,11224.925,18839.6,3071.79023254474,5155.60676486033,255.989750991952,0.158051207521981,0.187720689113177,2.22436416872786,0.226106150842828,63.1218602629942,5.92665712842544,TRUE,TRUE,TRUE,TRUE,TRUE,TRUE,FALSE,,,,,,,0.656853885092807,-0.57526019027533,0.156458236928977,Duct2 singlet,Duct2 singlet,,1.98261957474169,2.6044275469224
PC1_cellid_000160029-1,PC1_A2,PASC,PC1,singlet,Fibroblast,Tcell,,FALSE,FALSE,287.605295604128,294.941179264444,,,Fibroblast singlet,270,217,11481.2823473313,18795.9084230209,160029,TRUE,99.9906255582345,47.9454589539445,11.2832627623197,16.0012643305627,8.01040559123974,1.99755981677075,0.865672476215588,179.775751524112,0.546605741240852,0.89284985872984,0.892453585625559,0.780100362256223,1.35257982551996,11480.525456621,18791.35,3141.73733562849,5142.40276762023,TRUE,20.0364681192261,24.0278254717606,5.0508636435984,8.4755369169147,4.25711899936415,1.99090908962901,0.864703233721577,134.999999999998,0.436116076415786,0.769153370683688,0.852744245564947,0.555313408041584,1.51425477423722,11480.562585034,18791.25,3141.74749611477,5142.37540182285,79.9541574390084,0.200383466003551,0.250599452967841,0.0291911347517381,0.00517423644470624,44.7757515241148,3.11619955936066,TRUE,TRUE,TRUE,TRUE,TRUE,TRUE,FALSE,,,,,,,-0.367460388812933,1.01379344202743,0,Fibroblast singlet,Fibroblast singlet,,0,5.81213849929383
PC1_cellid_000160035-1,PC1_A2,PASC,PC1,singlet,Duct2,Fibroblast,,FALSE,FALSE,265.770682829243,273.246411745692,,,Duct2 singlet,314,281,11220.992496301,18455.4474693031,160035,TRUE,51.9637619083037,35.9867262673623,8.13402216341061,10.0090988497504,8.0045892138872,1.25042005015868,0.600358155674433,179.804452019555,0.504226616979005,0.838556080572838,0.837400796565611,0.648584486418704,1.40827385365834,11223.5001712329,18452.35,3071.40031679119,5049.6327144722,TRUE,23.9729919341607,23.9730945145023,5.52479513974867,6.02047542553596,5.99310962896243,1.0045662094503,0.0952378478562196,90,0.524184178038376,0.800187476545367,0.853547290136894,0.664414694789929,1.38120469428575,11227.15,18455.95,3072.39912153664,5050.6178831782,27.9907699741431,0.461340577532675,0.856460609970413,1.40291421648182,0.344949690288052,89.8044520195554,1.30461351183097,TRUE,TRUE,TRUE,TRUE,TRUE,TRUE,FALSE,,,,,,,0.149211368760859,-0.653579359395793,0.126454794280116,Duct2 singlet,Duct2 singlet,,3.49186448870265,0
PC1_cellid_000160038-1,PC1_A2,PASC,PC1,singlet,Fibroblast,Myeloid,,FALSE,FALSE,138.122813600359,139.730998629134,,,Fibroblast singlet,130,116,11749.4880926101,18552.8968786135,160038,TRUE,75.9910481403077,48.0005457674294,9.8364021643136,14.1452454018535,8.49488745695579,1.66514806334653,0.799589310755249,135.000000002335,0.414457447583716,0.775024345528825,0.782489944266794,0.632403578670855,1.55331675137056,11750.05,18549.15,3215.49487608267,5076.12280634456,TRUE,15.9906068217429,20.0045853193883,4.51219159054166,6.02047542512878,3.99540641917256,1.5068493137807,0.748055329979027,89.9999999961202,0.502129460386976,0.800273597781293,0.883004078416569,0.66477272722917,1.41121163494567,11750.1,18563.65,3215.50855898137,5080.09084696594,60.0004413185648,0.210427507067859,0.266508153401367,3.96806421251105,0.806812112428473,45.0000000062152,2.66210528688597,TRUE,TRUE,TRUE,TRUE,TRUE,TRUE,FALSE,,,,,,,-0.367460388812933,0.276937541748753,0,Fibroblast singlet,Fibroblast singlet,,0,4.35572214678715
PC1_cellid_000160063-1,PC1_A2,PASC,PC1,singlet,Fibroblast,Myeloid,,FALSE,FALSE,298.842672122868,314.9098897812,,,Fibroblast singlet,294,238,11711.2891152034,18364.3665194431,160063,TRUE,96.0544761867301,44.0320264680106,11.0589492054972,12.0204497327624,10.0023277271935,1.20176523478564,0.554611713180834,179.803782348155,0.622572775484331,0.905671435222599,0.885103279244491,0.798906236145931,1.2673744194858,11712.7999988352,18362.8,3205.30111623657,5025.12664291053,TRUE,16.0183156358104,20.0048658274304,4.5160993022257,5.99310962814706,4.02277221615377,1.48979591735378,0.741246534710573,0,0.502985453428809,0.800550180556544,0.882993606192374,0.664414624276523,1.4100103062448,11714.6253424658,18362.85,3205.80063607619,5025.14032580923,80.0361605509196,0.16676282324421,0.200138481450745,0.499707206161534,0.0903715526624218,0.196217651844847,3.27142495163574,TRUE,TRUE,TRUE,TRUE,TRUE,TRUE,FALSE,,,,,,,-0.367460388812933,0.230192641717924,0,Fibroblast singlet,Fibroblast singlet,,0,5.32340810793833
PC1_cellid_000160074-1,PC1_A2,PASC,PC1,singlet,Fibroblast,Duct2,,FALSE,FALSE,148.307247551804,157.531035195509,,,Fibroblast singlet,112,102,11254.644457446,18974.775076059,160074,TRUE,23.9999518613659,20.004616281935,5.52790084766644,6.02053762020877,3.99548953262287,1.50683353489678,0.748049164856722,89.7395664321857,0.753632786248775,0.999999999968796,0.999999999863203,0.997711777466976,1.15191413588298,11254.6498863636,18974.75,3079.92468472106,5192.59164003129,TRUE,4.01815248341206,8.01836606309464,2.2618732587517,2.02506900717927,1.99770321060573,1.01369862833187,0.163842641518873,179.999999965382,0.785352298502392,0.999999999813624,0.999999999658711,0.993243242250964,1.12841211392206,11250.975,18967.45,3078.91902276452,5190.59393682191,19.9817993779539,0.167423355886229,0.20109062279118,2.23655406454105,0.809187472091983,89.7395664668038,1.63301379445737,TRUE,TRUE,TRUE,TRUE,TRUE,TRUE,FALSE,,,,,,,0.633117844512818,0.200407426791389,0.415757543739183,Fibroblast singlet,Fibroblast singlet,,0,5.19057305953493
PC1_cellid_000160098-1,PC1_A2,PASC,PC1,singlet,Fibroblast,Bcell,,FALSE,FALSE,451.110224403267,461.937365375801,,,Fibroblast singlet,647,459,11563.2029970535,18200.4387469264,160098,TRUE,176.090636737645,68.0600786326098,14.9734953217999,22.0218160502782,11.9979933587458,1.83545826262712,0.838551027545224,89.7761894996318,0.477706592625927,0.838037279917179,0.831811874185389,0.666460655630816,1.44683625386115,11566.0320192102,18202.55,3165.13688830077,4981.27295259498,TRUE,83.9719354789938,48.0556045628341,10.3400381478892,15.5674100823388,8.51430335974909,1.82838330038009,0.837177511882499,44.6075692869557,0.456936590602221,0.838880784043361,0.820976859964443,0.633532177273143,1.47935373113712,11566.0127133106,18195.35,3165.1316050874,4979.30261518299,92.1187012586515,0.476867691717951,0.911562303012731,1.97034449511882,0.263177628221303,45.1686202126761,2.31672858695535,TRUE,TRUE,TRUE,TRUE,TRUE,TRUE,FALSE,,,,,,,-0.367460388812933,1.25666086878693,0,Fibroblast singlet,Fibroblast singlet,,0,5.9985759859418
PC1_cellid_000160123-1,PC1_A2,PASC,PC1,singlet,Duct2,Fibroblast,,FALSE,FALSE,368.133754697327,384.696500011067,,,Duct2 singlet,558,485,11450.3742680743,18919.7016853187,160123,TRUE,92.1452867424288,47.9729206284108,10.8315752751583,13.9977248890495,10.0068170662981,1.39881890440111,0.699238136252697,179.869485924518,0.503142114913687,0.821990927851587,0.887840673334232,0.65783914323136,1.40979077490857,11451.7747945205,18915.5,3133.86948769014,5176.37740507843,TRUE,28.0458131588415,23.9729383262678,5.97570400690084,6.01141578117062,6.01141578117062,0.99999999954477,2.58095682795179e-08,89.7383772387959,0.613246903887492,0.875429533161612,0.937354216799233,0.776094315088252,1.27697477272107,11448.1331050228,18919.2,3132.87291032067,5177.38993958182,64.0994735835873,0.304365140608803,0.437535779726704,1.42070143728197,0.262325912633782,89.8688913142781,2.42793563412874,TRUE,TRUE,TRUE,TRUE,TRUE,TRUE,FALSE,,,,,,,0.469830343184502,-0.297609701377737,0.262823902111839,Duct2 singlet,Duct2 singlet,,0,4.50651750869501
PC1_cellid_000160129-1,PC1_A2,PASC,PC1,singlet,Duct2,Fibroblast,,FALSE,FALSE,190.704071940698,206.037687312112,,,Duct2 singlet,146,123,11890.6434613267,18804.6227715079,160129,TRUE,92.0359492598822,47.9730930994525,10.8251471183962,12.0137046029774,12.0080815768285,1.00046826992097,0.0305922028894931,179.686053658602,0.502541484571474,0.821819883973991,0.857065402634538,0.637979783976701,1.41063300414002,11889.8684931507,18804.3,3253.75732163036,5145.94663838208,TRUE,27.9630611600705,23.9727196581493,5.96688153568091,6.02047542512878,5.99310962814706,1.00456620951903,0.0952378485680846,90,0.611448611634853,0.875106928978645,0.903172189123425,0.775000000036295,1.27885120832384,11893.45,18789.7,3254.73742953821,5141.95123196332,64.0728880998117,0.303827595433094,0.436425795449487,4.11386484490504,0.760057076788064,89.6860536586016,2.42913279135763,TRUE,TRUE,TRUE,TRUE,TRUE,TRUE,FALSE,,,,,,,0.329907008578191,-0.369295016660208,0.23536183541735,Duct2 singlet,Duct2 singlet,,0,0
PC1_cellid_000160146-1,PC1_A2,PASC,PC1,singlet,Fibroblast,Endothelium,,FALSE,FALSE,387.910598973699,391.096304448379,,,Fibroblast singlet,522,361,11921.9933484984,18275.5861199348,160146,TRUE,119.999384863393,56.0731342017392,12.3607427831812,15.2148552430373,12.5247610565945,1.21478207615802,0.567761765858114,116.408932277427,0.479600050957645,0.809813563515211,0.817019939377182,0.629711675649659,1.44397737856123,11920.75,18270.7,3262.20829222535,4999.92274351545,TRUE,28.1004819001165,24.0275437018695,5.98152528886596,6.00711893270112,6.0067466266659,1.00006198085613,0.0111333328068018,89.6102388401355,0.611652675998204,0.875641743655443,0.902592835770909,0.778768226493861,1.27863786034383,11913.5,18285.35,3260.22427191467,5003.93183283291,91.8989029632766,0.234171882878936,0.305776032041295,4.4731570225733,0.723768319396156,26.7986934372918,3.18960874715762,TRUE,TRUE,TRUE,TRUE,TRUE,TRUE,FALSE,,,,,,,0.461837674085061,0.674677665073103,0.344587673581625,Fibroblast singlet,Fibroblast singlet,,0,6.48056742546825
PC1_cellid_000160150-1,PC1_A2,PASC,PC1,singlet,Fibroblast,Myeloid,,FALSE,FALSE,165.068713183365,169.540551503242,,,Fibroblast singlet,171,142,11169.1964216938,18956.8302630426,160150,TRUE,64.1005969138797,36.0415039666532,9.03412501750337,10.0159023862458,8.00010128465033,1.25197194715984,0.60167641309707,179.738377253229,0.620106276683882,0.88893331532274,0.892147856029959,0.799975165751933,1.26989243554284,11170.5582750909,18956.8,3056.91234475918,5187.6794794,FALSE,32.0639656422552,28.0503520321903,6.38945295129004,10.0159192292002,4.01729902003653,2.49319733791842,0.916038040979429,179.843454543876,0.512094918606966,0.888638674977892,0.915584817771339,0.796878779700694,1.39741295951337,11174.2010135135,18956.85,3057.90920917532,5187.6931622987,32.0366312716245,0.500213214556046,1.00085322206291,0.996958317031418,0.220709435145682,0.105077290647301,1.32233603310667,TRUE,TRUE,TRUE,TRUE,TRUE,TRUE,FALSE,,,,,,,0.092706726707565,0.648358155521792,0.191207387174953,Fibroblast singlet,Fibroblast singlet,,0,6.63494069319
PC1_cellid_000160156-1,PC1_A2,PASC,PC1,singlet,Fibroblast,Myeloid,,FALSE,FALSE,382.904893582476,389.166897715395,,,Fibroblast singlet,500,345,11743.5391677142,18849.7485445696,160156,TRUE,140.00814416854,63.9550399389733,13.3515506867317,16.9882362180689,12.5334114659117,1.35543592904167,0.675052138459058,116.329912500171,0.430143747109853,0.794842906335644,0.800299603056653,0.657560489781306,1.52473086884444,11743.8438356164,18848.7,3213.79650971185,5158.09705242271,TRUE,39.9358899418387,28.0231072945418,7.13077515619027,8.01817863451096,5.99310962896292,1.337899542518,0.664329013390735,90,0.639058552810933,0.909148254212524,0.915091593585235,0.831065812561343,1.25092039702253,11740.2334090909,18859.7,3212.808487704,5161.10729013548,100.072254226701,0.285239763559126,0.39907055403567,3.16823587748215,0.474586952043669,26.3299125001711,3.11038776527074,TRUE,TRUE,TRUE,TRUE,TRUE,TRUE,FALSE,,,,,,,-0.367460388812933,1.48908710923812,0,Fibroblast singlet,Fibroblast singlet,,0,6.66057514983969
PC1_cellid_000160176-1,PC1_A2,PASC,PC1,doublet_certain,Duct2,Fibroblast,Duct2__Fibroblast,FALSE,FALSE,369.442258803201,407.561809961394,TRUE,spatially_supported_contact,Supported Duct2-Fibroblast doublet,537,459,11771.3411000612,18048.3350920241,160176,TRUE,72.027564398163,47.945595512348,9.57644732156449,14.4133524432618,8.30867968382022,1.73473439667943,0.817127398399526,56.1291892895056,0.393741470636917,0.735216101754082,0.789003607572181,0.601453015538141,1.5936554061244,11773.7917237443,18048.35,3221.99198809915,4939.07489302145,TRUE,16.0729843770823,20.032013311451,4.52379921203535,6.02047542553596,4.02277221493023,1.49659863889281,0.743998022929353,179.999999980596,0.503335064573464,0.801093630412583,0.923816471569797,0.663651824547423,1.40952053215568,11759.125,18037.45,3217.97832219571,4936.09202110607,55.9545800210807,0.22315046342537,0.287250558723778,5.00070383525978,1.0443755720465,56.1291893089096,2.52632405476457,TRUE,TRUE,TRUE,TRUE,TRUE,FALSE,TRUE,PC1_A2,9.22612517945124,10.8277025438429,TRUE,TRUE,30,-0.367460388812933,-0.268714303285538,0,Supported Duct2-Fibroblast,Supported Duct2-Fibroblast,10.8277025438429,0,0
PC1_cellid_000160182-1,PC1_A2,PASC,PC1,singlet,Duct2,Fibroblast,,FALSE,FALSE,399.289130132061,401.418712627023,,,Duct2 singlet,684,571,11311.2402349878,18010.9864009666,160182,TRUE,131.917170460447,59.9591805667663,12.9600215300674,20.009094146231,10.0159182168357,1.99772938512326,0.865697047621221,179.869187938744,0.461104980937789,0.814927216745253,0.852851040361815,0.658238272148733,1.47265186966814,11309.55,18010,3094.94853858501,4928.58010972285,TRUE,48.1092412052702,28.022794633686,7.82653105595016,7.99760738667714,6.02053384063574,1.32838841118405,0.658258609213706,179.803782349575,0.769866607923134,0.999999999984397,0.999999999902345,0.999156286101455,1.13970448759557,11316.85,18009.85,3096.94624179439,4928.53906102676,83.8079292551772,0.364692791951961,0.574041640535557,1.99812489805546,0.308352094992476,0.0654055891687051,2.56674523705863,TRUE,TRUE,TRUE,TRUE,TRUE,TRUE,FALSE,,,,,,,0.62725155907852,-0.983669293915148,0,Duct2 singlet,Duct2 singlet,,0,0
PC1_cellid_000160191-1,PC1_A2,PASC,PC1,singlet,Fibroblast,Myeloid,,FALSE,FALSE,367.585569230602,370.998243147129,,,Fibroblast singlet,521,393,11500.0411227418,18316.4942944399,160191,TRUE,155.999499877146,64.0371971041059,14.0934286886652,18.4565787175203,13.1046233053554,1.4084020794496,0.704176960517568,165.779229699716,0.478044626362863,0.838400222165568,0.812175165966557,0.644981807714937,1.44632462173857,11500.7,18316.15,3147.2582602937,5012.36049842866,TRUE,11.9997887089654,15.9819068206206,3.90878568262847,4.02277221656195,3.99540641998792,1.00684931417285,0.116443826624556,90.0000000290399,0.590372710795251,0.857421874954091,0.92677798324501,0.746598639116635,1.3014780931934,11500.7,18308.85,3147.2582602937,5010.36279521928,143.99971116818,0.0769219690937882,0.0833320331741312,1.99770320938387,0.283494279593668,75.7792296706761,5.09232150301834,TRUE,TRUE,TRUE,TRUE,TRUE,TRUE,FALSE,,,,,,,-0.367460388812933,1.0603228127944,0,Fibroblast singlet,Fibroblast singlet,,0,6.17554798657529
PC1_cellid_000160210-1,PC1_A2,PASC,PC1,doublet_certain,Fibroblast,Duct2,Duct2__Fibroblast,FALSE,FALSE,493.129268338189,545.02744339458,TRUE,spatially_supported_contact,Supported Duct2-Fibroblast doublet,764,605,11876.317773883,18110.8447122378,160210,TRUE,116.008566750616,56.0187685689431,12.1534643091973,17.7143797199829,10.7480506169308,1.64814814768067,0.794899153057298,71.5650511769451,0.46455036947546,0.828258794778196,0.830463070874785,0.609304531943193,1.46718066462515,11876.3373287671,18110.1,3250.05441060081,4955.97327290904,TRUE,20.0095081920202,20.0047415154376,5.04746442293379,6.01141578308668,4.01373339668965,1.49771177725606,0.74444372735557,89.738377243823,0.628319285504944,0.908191706291285,0.941105118143913,0.829298968217871,1.26156550246634,11872.6831050228,18113.7,3249.05440313482,4956.95844161503,95.9990585585962,0.172483022166025,0.208434421028436,1.4037707474243,0.231007506896926,18.1733260668779,3.55299994313178,TRUE,TRUE,TRUE,TRUE,TRUE,FALSE,TRUE,PC1_A2,9.05232390692274,17.6853903900514,TRUE,TRUE,30,0.411803093691067,0.35341461465248,0.323797440940361,Supported Duct2-Fibroblast,Supported Duct2-Fibroblast,17.6853903900514,2.64539472268028,5.06302571765653
PC1_cellid_000160264-1,PC1_A2,PASC,PC1,singlet,Duct2,Endothelium,,FALSE,FALSE,497.423179504136,499.845087016849,,,Duct2 singlet,762,631,11174.883209777,18352.9340127333,160264,TRUE,155.972165506503,63.955274218836,14.0921939030393,15.557834888582,14.1452454024311,1.09986320088149,0.416350960814372,44.9999999999987,0.479186125821093,0.847719641000171,0.791525568832655,0.708740837533512,1.44460090408364,11175.625,18353.95,3058.29889443206,5022.70476984162,FALSE,40.0459763112485,31.9911166837901,7.14059665903411,8.00922312221064,8.00909816389,1.00001560170464,0.0055859969933977,89.7383772434942,0.491711029990366,0.80098861592581,0.876815799521944,0.624287841802292,1.42608372832358,11168.3585616438,18361.25,3056.31037563413,5024.70247305101,115.926189195255,0.256750787415407,0.345443739553488,2.81869209430531,0.400035950356465,44.7383772434955,3.47579862200259,TRUE,TRUE,TRUE,TRUE,TRUE,TRUE,FALSE,,,,,,,1.66537451661975,-0.786771984516534,0.0754297727695483,Duct2 singlet,Duct2 singlet,,0,0
PC1_cellid_000160289-1,PC1_A2,PASC,PC1,singlet,Fibroblast,Myeloid,,FALSE,FALSE,201.048300264571,205.405633319412,,,Fibroblast singlet,175,148,11544.5472219621,18738.2591514722,160289,TRUE,55.9815399482821,40.0097954019693,8.4426246178143,12.7230798232051,7.07272187828667,1.79889440546818,0.831251182062258,44.6075692861768,0.439462724539339,0.80031047587606,0.814634605830483,0.622108318351853,1.50847799024056,11546.1086757991,18739.9,3159.68470650982,5128.3230648637,TRUE,15.9632724511048,15.9816256750585,4.50833336701359,3.99540641998792,3.99540641876438,0.999999999621306,2.47482538749938e-05,0,0.78539816339511,0.999999999953087,0.999999999828767,0.999999999646928,1.12837916629885,11538.8,18736.2,3157.68462909883,5127.31053036031,40.0182674971773,0.285152435302794,0.398899638727284,2.24177067749346,0.531060132047711,44.6075692861768,1.96714562540035,TRUE,TRUE,TRUE,TRUE,TRUE,TRUE,FALSE,,,,,,,0.23370476506222,0.995836038943074,0.249794508247464,Fibroblast singlet,Fibroblast singlet,,4.06290303638728,6.24472153184823
PC1_cellid_000160317-1,PC1_A2,PASC,PC1,doublet_certain,Duct2,Fibroblast,Duct2__Fibroblast,FALSE,FALSE,470.563439043954,527.588587166983,TRUE,spatially_supported_contact,Supported Duct2-Fibroblast doublet,809,667,11526.1834793193,18850.3517688836,160317,TRUE,140.173273722646,59.9596797355975,13.3594219642415,18.397683955805,11.3298077998383,1.62383018991936,0.787880669315451,44.8037823474472,0.489955312951687,0.885817725768027,0.824984092744139,0.672480227770973,1.42863657415665,11524.6253424658,18849.6,3153.80562103746,5158.34334459921,TRUE,35.9450718290571,28.0231072945408,6.76510804725995,8.02730057271171,5.99317210423817,1.33940765081144,0.665274675439283,89.7395664263031,0.575197037482276,0.856678803440081,0.87373864253713,0.747159084839313,1.3185350517583,11528.2918181818,18860.5,3154.80898135322,5161.32621651459,104.228201893589,0.256433133591612,0.344868962263269,3.14710291964204,0.471143575426286,44.9357840788559,3.29715695849078,TRUE,TRUE,TRUE,TRUE,TRUE,FALSE,TRUE,PC1_A2,11.689385107164,14.3216361369502,TRUE,TRUE,30,0.522986879229554,-0.00575844055799149,0.369996224843004,Supported Duct2-Fibroblast,Supported Duct2-Fibroblast,14.3216361369502,0,4.14002986617048
PC1_cellid_000160350-1,PC1_A2,PASC,PC1,singlet,Duct2,Fibroblast,,FALSE,FALSE,405.095473471794,414.540043710098,,,Duct2 singlet,504,436,11374.5372617325,18486.8454579836,160350,TRUE,107.917967485944,52.0236590752272,11.7220059627415,12.5565539168037,12.5076004903187,1.00391389409788,0.0882160505923042,153.434948821674,0.501073957273869,0.83028157246823,0.814431469126499,0.687146423880011,1.41269719937339,11377.1253424658,18488.3,3113.44106988898,5059.47071863348,TRUE,35.9997405703327,23.9999914619785,6.77025060794314,6.02053761826593,5.99317210698058,1.00456611424598,0.0952368617726325,179.73837726674,0.785393062327557,0.999999999979201,0.999999999885976,0.997716942421375,1.12838283092796,11373.4751141553,18492,3112.4421558053,5060.48325313686,71.9182269156113,0.333584308578511,0.500564906968148,1.42234154376608,0.24267886330381,26.3034284450667,2.47587767739919,TRUE,TRUE,TRUE,TRUE,TRUE,TRUE,FALSE,,,,,,,0.0946670142838201,-0.983669293915148,0,Duct2 singlet,Duct2 singlet,,0,0
PC1_cellid_000160355-1,PC1_A2,PASC,PC1,singlet,Duct2,Myeloid,,FALSE,FALSE,327.22278626229,331.888693684578,,,Duct2 singlet,395,350,11459.3577382031,18536.0109679287,160355,TRUE,59.9450236904225,35.9590794909337,8.73638224167945,10.0090754202472,8.00454251453862,1.25042441821576,0.600361877075533,89.8037823416511,0.582566984710045,0.882496265294266,0.870361507466784,0.748208536350653,1.31016823431277,11457.6624143836,18539.15,3135.48068181288,5073.38622660568,TRUE,20.0091337485892,20.0047412314471,5.04741719541774,6.02053762020877,4.00456990906763,1.50341678452463,0.746708390296433,89.7395664321857,0.628307545432423,0.909318313279486,0.941502495058677,0.829921724417402,1.26157728873359,11457.6584090909,18531.9,3135.4795857326,5071.40220629499,39.9358899418333,0.333791406082106,0.50103137235009,1.98402061345575,0.454197299071561,0.0642159094654318,1.84448252313086,TRUE,TRUE,TRUE,TRUE,TRUE,TRUE,FALSE,,,,,,,0.0767725446488062,-0.761353166997037,0.0851675169541813,Duct2 singlet,Duct2 singlet,,0,3.94415928685054
PC1_cellid_000160385-1,PC1_A2,PASC,PC1,singlet,Fibroblast,Myeloid,,FALSE,FALSE,394.709530561844,406.095187006954,,,Fibroblast singlet,592,458,11833.9702737347,18964.9624948539,160385,TRUE,176.145305478934,68.0598885731195,14.9758194618937,22.0159765365832,12.0136162212872,1.8325853037121,0.837995467668494,89.8691879460645,0.477857569298999,0.862302900986422,0.824664391095153,0.665977206231282,1.44660767552061,11831.9875005189,18965.35,3237.91772646012,5190.01925507675,FALSE,36.027823827827,32.0187945053388,6.7728908162129,10.0160217809164,5.99315648676591,1.67124315850259,0.801229637105732,89.6075692747118,0.441609025365312,0.782201157635444,0.874375889041524,0.600187785040398,1.50480778540669,11831.9748858448,18965.3,3237.91427435395,5190.00557217805,140.117481651107,0.204534680772916,0.257125830415401,0.0141116531148683,0.00188459177568611,0.261618671352693,4.10146432284041,TRUE,TRUE,TRUE,TRUE,TRUE,TRUE,FALSE,,,,,,,-0.367460388812933,0.799176114387332,0,Fibroblast singlet,Fibroblast singlet,,0,5.13532137573884
PC1_cellid_000160388-1,PC1_A2,PASC,PC1,doublet_certain,Fibroblast,Duct2,Duct2__Fibroblast,FALSE,FALSE,416.546443002836,449.912501185037,TRUE,spatially_supported_contact,Supported Duct2-Fibroblast doublet,553,456,11440.1488393803,18397.3461814881,160388,TRUE,140.255276834559,60.0421300673905,13.3633291070578,18.0205530615266,10.0227582384947,1.79796345754348,0.831058623103352,89.803782345746,0.488896459074161,0.886029837890958,0.823952675689614,0.776540014267286,1.43018281075911,11438.8611170372,18389.4,3130.3355568746,5032.40594501595,TRUE,59.9719836176253,35.9865699550661,8.73834658949678,10.0159168284518,7.99770110609177,1.25234948045203,0.601995932154604,89.8037823463788,0.581938874345311,0.857027429063727,0.888467978469478,0.748673626834729,1.31087510263531,11438.8936643836,18396.7,3130.34446371546,5034.40364822534,80.283293216934,0.427591638381567,0.747004528677026,1.99772306503825,0.298985835946119,6.32880414741521e-10,2.31249125878052,TRUE,TRUE,TRUE,TRUE,TRUE,FALSE,TRUE,PC1_A2,8.61225087299,21.9443316720771,TRUE,TRUE,30,0.697542288503252,0.30001971920489,0.442527013329979,Supported Duct2-Fibroblast,Supported Duct2-Fibroblast,21.9443316720771,3.61540419314867,5.09833259210733
PC1_cellid_000160416-1,PC1_A2,PASC,PC1,doublet_certain,Fibroblast,Duct2,Duct2__Fibroblast,FALSE,FALSE,304.325977303421,334.410672818168,TRUE,spatially_supported_contact,Supported Duct2-Fibroblast doublet,311,275,11002.0137032935,18832.8461304377,160416,TRUE,124.072206088079,51.9959701181544,12.56875646967,16.0255006787031,9.99404934861562,1.60350425691413,0.781716354105428,89.6869114040548,0.57669342157487,0.898808102942124,0.8740113253813,0.774678330377613,1.3168232964075,11002,18829.55,3010.78502871576,5152.85650222276,TRUE,8.00934503962146,12.0139592791102,3.19340176486994,4.02286529601992,1.99784314887234,2.0136041674644,0.867966965587574,179.610238804688,0.697323909209602,0.999999999906502,0.999999999772217,0.996552364577739,1.19751985140341,10991.0746575342,18836.9,3007.79522163255,5154.86788833083,116.062861048457,0.0645539020503118,0.0690086817314232,3.60341788730945,0.573392903310842,89.9233274006329,4.68767735240005,TRUE,TRUE,TRUE,TRUE,TRUE,FALSE,TRUE,PC1_A2,7.56858775866649,23.7725156718452,TRUE,TRUE,30,-0.367460388812933,0.0714564675519152,0,Supported Duct2-Fibroblast,Supported Duct2-Fibroblast,23.7725156718452,0,5.08618610787265
PC1_cellid_000160418-1,PC1_A2,PASC,PC1,singlet,Duct2,Fibroblast,,FALSE,FALSE,289.209303026209,299.857077404873,,,Duct2 singlet,301,274,11039.4984721504,18506.9898379215,160418,TRUE,68.0910405832207,39.9823201208973,9.31107971788038,10.0432476416897,9.98851604568839,1.00547945190251,0.104256821160768,4.6572610876185e-09,0.535258843191511,0.829774904054019,0.863857666589385,0.678757791873794,1.36684124165066,11037.3375420777,18504.25,3020.45542888292,5063.83556331699,TRUE,11.9997887089623,16.0091789006224,3.90878568262796,4.02277221656096,3.99540641794901,1.00684931468641,0.116443830945525,0,0.588362991506914,0.857421874954134,0.926902718980118,0.746598639497624,1.30369898054303,11044.65,18507.85,3022.45654130208,5064.82073202299,56.0912518742584,0.176231536548981,0.213933337300499,2.23047266142778,0.47910075398743,4.6572610876185e-09,2.70114701762621,TRUE,TRUE,TRUE,TRUE,TRUE,TRUE,FALSE,,,,,,,0.155281092355571,-0.745848061751642,0.0911073978443786,Duct2 singlet,Duct2 singlet,,3.53288599213482,0
PC1_cellid_000160436-1,PC1_A2,PASC,PC1,singlet,Fibroblast,Bcell,,FALSE,FALSE,232.659035339819,246.059016128587,,,Fibroblast singlet,291,169,11624.6,18220.65,160436,TRUE,64.0732625432471,36.0138758759516,9.03219860445177,12.0083214157838,6.00408594170811,2.00002490418955,0.866028998451545,179.686911439034,0.620793234928571,0.941366752110426,0.935012412894955,0.888684559507937,1.26918962138645,11624.6,18220.65,3181.16448325842,4986.22616192236,TRUE,24.0003263047985,23.9730008037109,5.52794397021325,6.00683906781156,6.00683906410989,1.00000000016067,3.51067594467955e-05,89.6075692881944,0.524785963591361,0.800369616502935,0.854358933194442,0.665158512158083,1.38041253566193,11613.6371575342,18220.65,3178.16441400119,4986.22616192236,40.0729362384485,0.374576310748238,0.598916090300912,3.00006925723164,0.66430542151939,89.9206578491602,1.75212731711926,TRUE,TRUE,TRUE,TRUE,TRUE,TRUE,FALSE,,,,,,,-0.367460388812933,0.291808991081191,0,Fibroblast singlet,Fibroblast singlet,,0,5.73746979949234
PC1_cellid_000160461-1,PC1_A2,PASC,PC1,doublet_certain,Fibroblast,Duct2,Duct2__Fibroblast,FALSE,FALSE,260.540631490723,282.65942000395,TRUE,spatially_supported_contact,Supported Duct2-Fibroblast doublet,273,249,11505.3172325596,18700.2589625361,160461,TRUE,64.073262543246,39.9546264865853,9.03219860445169,12.0137097277274,7.99997632848345,1.50171815894551,0.746037517431891,179.738377247107,0.504373838911459,0.82130686453478,0.86395895502063,0.66667013753815,1.40806830783266,11505.7836757992,18699.85,3148.64944871282,5117.36306300948,TRUE,16.1003187477167,20.0319196006591,4.52764425639138,6.02053762020878,4.00456991309325,1.50341678301331,0.746708389700815,179.739566432181,0.504195773942633,0.801364246279924,0.923816115177677,0.667795240575307,1.40831692654403,11498.4875,18703.45,3146.65279202647,5118.34823171548,47.9729437955293,0.251279833523961,0.335612482172941,2.22647598289369,0.493008640635125,0.00118918507368448,2.25227717403016,TRUE,TRUE,TRUE,TRUE,TRUE,FALSE,TRUE,PC1_A2,7.59451924779274,11.6627106060181,TRUE,TRUE,30,-0.367460388812933,-0.170433780828996,0,Supported Duct2-Fibroblast,Supported Duct2-Fibroblast,11.6627106060181,0,4.99396475303004
PC1_cellid_000160475-1,PC1_A2,PASC,PC1,singlet,Duct2,Fibroblast,,FALSE,FALSE,411.117607229649,416.873830986677,,,Duct2 singlet,611,511,11125.2844122423,18040.5798649233,160475,TRUE,147.881191798415,60.0694522088736,13.7218140681292,15.9909141200021,14.0112679076079,1.14128958366402,0.481944381465225,179.739566437581,0.515009764150092,0.83090193767924,0.812618996386371,0.660027778227976,1.39345281872782,11123.2997727273,18036.1,3043.97967875338,4935.72258284132,TRUE,7.98163622555269,11.9864066910643,3.18787309566494,4.00918271548924,1.99765635138124,2.00694313975726,0.867021792361251,179.607569262969,0.698109867206201,0.999999999906208,0.999999999771693,0.996587189991364,1.19684555541562,11126.9,18032.5,3044.96490965437,4934.73741413533,139.899555572863,0.0539733019997103,0.0570526203053244,1.39328292444289,0.203075616021969,0.131997174612224,5.26697048623211,TRUE,TRUE,TRUE,TRUE,TRUE,TRUE,FALSE,,,,,,,0.266830812390604,-0.983669293915148,0,Duct2 singlet,Duct2 singlet,,0,0
PC1_cellid_000160488-1,PC1_A2,PASC,PC1,singlet,Fibroblast,Myeloid,,FALSE,FALSE,335.339720941423,340.426059462074,,,Fibroblast singlet,382,318,11509.0756184881,18049.3536270227,160488,TRUE,128.227404868092,56.1010084257955,12.7774881176552,18.0205295528125,10.0159636471031,1.79918080604266,0.831310352546337,179.804117758293,0.511975738600968,0.888448416760379,0.860806369918246,0.710428808652462,1.39757559842202,11507.0256849315,18045.65,3148.98933441551,4938.33601649196,TRUE,27.990769974141,24.0001476502115,5.96983711826897,6.02053762020877,6.002252479599,1.00304637932626,0.0778783085049245,89.7395664321857,0.610656356619154,0.875215136203145,0.902481645967331,0.774578273448976,1.27968051916881,11517.9998863636,18052.95,3151.99251214447,4940.33371970134,100.236634893951,0.218290076140528,0.279246904098112,3.60692314645923,0.564574681283347,89.935448673893,3.40382549969314,TRUE,TRUE,TRUE,TRUE,TRUE,TRUE,FALSE,,,,,,,0.00449175077774513,0.495211408130845,0.154552540515249,Fibroblast singlet,Fibroblast singlet,,0,5.75300469041267
PC1_cellid_000160494-1,PC1_A2,PASC,PC1,singlet,Duct2,Fibroblast,,FALSE,FALSE,293.23593359358,303.166282605482,,,Duct2 singlet,393,345,11226.9012141173,18212.9254262557,160494,TRUE,92.0906180011554,48.0275986263166,10.8283616737792,15.9999736208239,8.009119042438,1.9977195407607,0.865695621326666,179.738973200611,0.501699313121502,0.851831711796891,0.877713142887698,0.718639975746471,1.4118164786598,11226.2670091324,18211.25,3072.15748404486,4983.65377696781,TRUE,40.1002706090842,28.0228725012244,7.14543562661278,8.01822000196105,6.01141578117062,1.33383221028001,0.661755764473151,179.738377252245,0.641699743527817,0.909486968248149,0.945540577411562,0.83194107712102,1.24834339269843,11229.9081050228,18211.1,3073.15389896896,4983.61272827172,51.9903473920713,0.435443604083823,0.771302224602688,0.997260094670903,0.184194086395141,0.000595948365969434,1.84146302358323,TRUE,TRUE,TRUE,TRUE,TRUE,TRUE,FALSE,,,,,,,0.486008645123188,-0.614116441080372,0.141572720322108,Duct2 singlet,Duct2 singlet,,3.27507816971916,3.27507816971916
PC1_cellid_000160505-1,PC1_A2,PASC,PC1,singlet,Duct2,Myeloid,,FALSE,FALSE,125.299909990335,130.869785234679,,,Duct2 singlet,115,108,11279.3250572082,18073.338863463,160505,TRUE,23.8902399353898,23.9729383262693,5.51525141937787,6.00229394478353,5.99317210681136,1.00152203792397,0.0551102625387723,179.738377262002,0.522381561573182,0.855174447414998,0.90236085441473,0.664119912482903,1.38358574894896,11280.550456621,18075.8,3087.01258230024,4946.58680440468,TRUE,7.9816362255546,11.9864066910658,3.18787309566532,4.00918271514916,1.99765635284463,2.00694313811682,0.867021792127192,89.6075693057475,0.698109867206194,0.999999999906174,0.999999999771693,0.996587189346084,1.19684555541563,11276.9,18072.1,3086.01360573757,4945.57426990129,15.9086037098352,0.334096109700013,0.501718212743139,1.42238542361475,0.515800753328919,89.8691920437459,1.16368916185627,TRUE,TRUE,TRUE,TRUE,TRUE,TRUE,FALSE,,,,,,,0.368648102104707,-0.650763396635951,0.127533566924349,Duct2 singlet,Duct2 singlet,,0,0
PC1_cellid_000160528-1,PC1_A2,PASC,PC1,singlet,Fibroblast,Myeloid,,FALSE,FALSE,303.448705073314,315.457529679813,,,Fibroblast singlet,421,335,11469.7586243025,18145.1139957871,160528,TRUE,136.045034869838,52.0228176666083,13.1612278401809,14.0205139473511,12.0044629309005,1.16794179172022,0.516632831020725,89.7383772504484,0.631691188151297,0.918944895069034,0.880257103031945,0.808306418948306,1.25819394417426,11470.8245901639,18140.75,3139.08261616889,4964.3608898087,TRUE,31.9815880869238,27.9955540689764,6.38123989955732,8.00901542162142,6.00225248135292,1.33433497555316,0.662075663915513,89.7395664418448,0.512780799402422,0.80027546917275,0.861627168811204,0.66528332109262,1.39647807717135,11467.2414772727,18162.75,3138.10206875487,4970.38136523424,104.063446782914,0.23508089152369,0.307327780047177,6.09980307719992,0.926935258928964,0.0011891913964206,3.38999397031177,TRUE,TRUE,TRUE,TRUE,TRUE,TRUE,FALSE,,,,,,,-0.367460388812933,0.538015222336189,0,Fibroblast singlet,Fibroblast singlet,,0,6.1655425994395
PC1_cellid_000160536-1,PC1_A2,PASC,PC1,singlet,Fibroblast,Duct2,,FALSE,FALSE,314.63105425296,318.516575801581,,,Fibroblast singlet,403,345,11592.3142792804,18046.3238609757,160536,TRUE,92.0089893326839,47.973476735988,10.8235615067079,12.0000192216102,11.9931778136052,1.00057044141037,0.0337625207640242,179.803782346621,0.502386240878894,0.821776979590702,0.829606024028255,0.639313751133777,1.410850939011,11591.0563356164,18052.7,3171.98499202644,4940.26530520787,TRUE,27.936101232865,27.9959289253264,5.9640044278495,8.01834457939509,6.00225247698735,1.33588925265668,0.663061363877909,179.739566398516,0.447904984245389,0.777780094434459,0.86206102880321,0.580452679909048,1.4941942201554,11598.3626712329,18045.4,3173.98442902778,4938.26760199848,64.0728880998189,0.303623607132756,0.436005025791617,2.82640521424356,0.522268979072962,0.0642159481045042,2.4297785394292,TRUE,TRUE,TRUE,TRUE,TRUE,TRUE,FALSE,,,,,,,-0.367460388812933,1.1090954873218,0,Fibroblast singlet,Fibroblast singlet,,0,5.29587020595708
PC1_cellid_000160544-1,PC1_A2,PASC,PC1,singlet,Fibroblast,Bcell,,FALSE,FALSE,142.423427392356,143.864434251379,,,Fibroblast singlet,122,107,11675.3429765015,18507.6715701788,160544,TRUE,39.9909331265386,31.9915542883858,7.1356875973916,8.49482253984323,7.07265650665825,1.2010794711378,0.553898239891585,134.61023879815,0.491021739892478,0.799893648083051,0.816835912663709,0.665617391186114,1.42708433642169,11673.175,18512.75,3194.45741934003,5066.16165609504,TRUE,23.9722430472957,23.9727196581493,5.52470884516274,6.02047542553596,5.99310962896243,1.0045662094503,0.0952378478562196,90.0000000038799,0.524184195898144,0.800182481731853,0.854357225155484,0.664393939289773,1.38120467075585,11673.15,18505.5,3194.45057789069,5064.17763578435,16.0186900792429,0.599441952640834,1.49651706311454,1.98403210625507,0.556087153092141,44.61023879427,0.805489376114429,TRUE,TRUE,TRUE,TRUE,TRUE,TRUE,FALSE,,,,,,,-0.367460388812933,-0.00487562933011154,0,Fibroblast singlet,Fibroblast singlet,,0,6.35397081642796
PC1_cellid_000160549-1,PC1_A2,PASC,PC1,singlet,Duct2,Fibroblast,,FALSE,FALSE,174.122709331181,180.367704069666,,,Duct2 singlet,127,122,11303.5002136672,18154.5844072759,160549,TRUE,20.0364681192267,20.0320441966448,5.05086364359846,5.99310962896292,4.02277221859987,1.4897959166507,0.741246534423719,89.9999999805075,0.627451980290016,0.909430819663555,0.940610220243757,0.831081290319689,1.26243711059706,11302.774829932,18152.4,3093.09445927145,4967.5490052045,TRUE,3.9908181127773,7.99081283752975,2.2541666835071,1.99770320978937,1.99770320897451,0.999999999038039,2.85622883010525e-05,90.0000000116927,0.785398163388318,0.999999999812348,0.999999999657534,0.999999999812949,1.12837916550208,11306.45,18156.05,3094.10019886596,4968.54785680919,16.0456500064494,0.199177723690534,0.248716512493172,1.41746839829354,0.561277631985685,3.11852090817411e-08,1.39834848004568,TRUE,TRUE,TRUE,TRUE,TRUE,TRUE,FALSE,,,,,,,0.125723373314497,-0.697603204067518,0.109589614099784,Duct2 singlet,Duct2 singlet,,0,0
PC1_cellid_000160596-1,PC1_A2,PASC,PC1,singlet,Fibroblast,Tcell,,FALSE,FALSE,179.723623502201,180.856271459879,,,Fibroblast singlet,167,142,11805.833352294,18153.5951364647,160596,TRUE,48.0545724640008,35.9867420468481,7.82208296852618,10.015881843486,8.01817863451046,1.24914675721478,0.599270710460249,90,0.466293670145456,0.799456795958485,0.857950229678839,0.59836998086394,1.46443547153458,11803.3835616438,18154.2,3230.09003050236,4968.0415895575,TRUE,15.9636468945391,20.0048639323694,4.50838624169623,6.02047542553596,3.99540641794851,1.50684931434425,0.748055330199215,90,0.501268914625606,0.79890937707815,0.882602970824697,0.6636519303764,1.41242245352587,11807.0123287671,18146.9,3231.08307156103,4966.04388634811,32.0909255694617,0.332198291914385,0.49745049749378,2.23090758593477,0.57041266097718,0,1.65684836341497,TRUE,TRUE,TRUE,TRUE,TRUE,TRUE,FALSE,,,,,,,-0.367460388812933,0.291091833249122,0,Fibroblast singlet,Fibroblast singlet,,0,6.1738734254386
PC1_cellid_000160609-1,PC1_A2,PASC,PC1,singlet,Fibroblast,Myeloid,,FALSE,FALSE,334.783770261272,354.023767005315,,,Fibroblast singlet,455,364,11416.4202542072,18306.1491361322,160609,TRUE,148.044823578807,60.0142150585233,13.7294036204737,18.0232263376464,12.002698611627,1.5015978420118,0.745989888870143,179.843454541275,0.516529143670447,0.870461085262721,0.826025594110258,0.684355542740515,1.39140187646403,11412.95,18301.95,3123.24477308503,5008.47455519945,TRUE,8.00934503962395,12.0139592791117,3.19340176487044,4.02286529602042,1.99784314892891,2.01360416740763,0.867966965579563,179.610238804673,0.697323909209644,0.999999999906541,0.999999999772216,0.996552364549706,1.19751985140338,11420.2746575342,18301.8,3125.24922402527,5008.43350650337,140.035478539183,0.0541008111291338,0.0571951131427808,2.00487120965398,0.292055104818056,0.233215736601323,5.26800092780164,TRUE,TRUE,TRUE,TRUE,TRUE,TRUE,FALSE,,,,,,,-0.367460388812933,0.925991245812052,0,Fibroblast singlet,Fibroblast singlet,,0,6.08804764268489
PC1_cellid_000160639-1,PC1_A2,PASC,PC1,singlet,Duct2,Fibroblast,,FALSE,FALSE,219.417732168269,231.220733010714,,,Duct2 singlet,258,238,11347.133337018,18021.0519907033,160639,TRUE,44.0364199805897,32.0460952914855,7.4879176897087,8.01817863451046,8.01817863450997,0.999999999658765,3.52310848758724e-07,0,0.538854643263213,0.814455978991002,0.841869745251846,0.684952649481113,1.36227311293111,11347.9503401361,18020.75,3105.45709786325,4931.52193294214,TRUE,11.9997887089645,15.9819068206196,3.90878568262831,4.02277221656146,3.99540641998792,1.00684931417272,0.116443826623508,0,0.590372710795278,0.85742187495409,0.926777983245005,0.746598639116668,1.30147809319337,11346.1625,18024.35,3104.96784115398,4932.50710164814,32.0366312716253,0.272496917586142,0.37456462271197,1.09996795718741,0.293798089089898,0,1.7895660035402,TRUE,TRUE,TRUE,TRUE,TRUE,TRUE,FALSE,,,,,,,-0.367460388812933,-0.737725356299669,0,Duct2 singlet,Duct2 singlet,,0,4.36334547132513
PC1_cellid_000160643-1,PC1_A2,PASC,PC1,doublet_certain,Duct2,Fibroblast,Duct2__Fibroblast,FALSE,FALSE,332.828950975532,357.348606018952,TRUE,spatially_supported_contact,Supported Duct2-Fibroblast doublet,473,385,11546.4119197232,18815.7731255256,160643,TRUE,111.908411155295,55.9643364317926,11.9367589600948,14.1453112177986,12.7230798232046,1.11178357845068,0.437012091774728,134.607569291991,0.44900365512616,0.811172602095848,0.791330857355073,0.621810384776735,1.49236502259601,11546.4128424658,18812.95,3159.76794414354,5148.31377985622,FALSE,12.0548318936702,16.0093656978761,3.91774025072561,4.02286529602042,4.00908963168128,1.00343610716116,0.082685892175935,179.610238804673,0.591048027158539,0.857980438618561,0.928104676938095,0.747446137309005,1.30073436289745,11555.5501712329,18816.55,3162.2684470207,5149.29894856221,99.8535792616247,0.107720516877543,0.120725085486203,2.68757735106555,0.450302691969778,45.0026695126825,4.00950935468459,TRUE,TRUE,TRUE,TRUE,TRUE,FALSE,TRUE,PC1_A2,8.18520490695867,8.49740059977832,TRUE,TRUE,30,0.0866557355822485,-0.0208694202083672,0.188693095814559,Supported Duct2-Fibroblast,Supported Duct2-Fibroblast,8.49740059977832,0,5.35854892517824
PC1_cellid_000160667-1,PC1_A2,PASC,PC1,singlet,Fibroblast,Myeloid,,FALSE,FALSE,229.744236679031,234.172033041774,,,Fibroblast singlet,220,171,11573.1328327994,18410.8368415303,160667,TRUE,55.9819143917158,39.9819607600417,8.44265285283666,10.0297043583216,9.97478661386593,1.00550565579295,0.104503772097626,179.607569291236,0.440077771388266,0.800315828908552,0.836027622859827,0.559572032569951,1.50742350727583,11574.1541469489,18410.9,3167.35957332142,5038.28959145455,TRUE,11.9724543383297,15.9817506323871,3.90433122456298,6.00229394383646,1.99768238297028,3.00462875719486,0.942990439077696,89.7383772584441,0.589039411333394,0.999999999937449,0.999999999828768,0.998480274997953,1.30295021812215,11577.8,18403.55,3168.35729008047,5036.27820534647,44.0094600533861,0.21386289601348,0.272042745379879,2.24524226021336,0.531880747445436,89.8691920327921,2.26916081413684,TRUE,TRUE,TRUE,TRUE,TRUE,TRUE,FALSE,,,,,,,-0.367460388812933,0.763555960239583,0,Fibroblast singlet,Fibroblast singlet,,0,6.38335306043849
PC1_cellid_000160675-1,PC1_A2,PASC,PC1,singlet,Fibroblast,Duct2,,FALSE,FALSE,208.019547276976,227.325829533059,,,Fibroblast singlet,225,202,11933.4712112042,18116.5193436931,160675,TRUE,43.9270824980437,31.991195059012,7.47861608329731,8.01138392583012,8.00454251425834,1.00085469079847,0.0413181955700566,179.803782330284,0.539363180434309,0.845346784350974,0.878879331456195,0.684996416252576,1.36163075365324,11934.7918949772,18113.6,3266.05096875435,4956.93107581764,TRUE,8.00897059618772,12.0137724818585,3.19332711692482,4.02277221493023,1.99770320938219,2.01369862676632,0.867980294212216,0,0.697312992711594,0.999999999906494,0.999999999772213,0.996598639665943,1.19752922500752,11938.425,18109.85,3267.04519691382,4955.90485841556,35.918111901856,0.182324209551617,0.222978608002613,1.42884981345682,0.382116101086361,0.196217669716219,2.14264448318625,TRUE,TRUE,TRUE,TRUE,TRUE,TRUE,FALSE,,,,,,,-0.367460388812933,-0.476059736285493,0,Fibroblast singlet,Fibroblast singlet,,0,4.49857433972227
PC1_cellid_000160695-1,PC1_A2,PASC,PC1,singlet,Duct2,Fibroblast,,FALSE,FALSE,341.929883839466,350.529639855397,,,Duct2 singlet,516,459,11319.6550916292,18046.610229393,160695,TRUE,116.06360993532,48.0001080851646,12.1563472258062,12.0137097263727,12.0135850522326,1.00001037753535,0.00455578787865863,179.738973197634,0.633025941359085,0.935655444498822,0.919591842535605,0.804167120822428,1.25686677532233,11316.9876993166,18039.15,3096.98392431039,4936.55723966168,TRUE,44.0914631652958,27.9956634067454,7.49259597784963,8.00005944686625,6.02053762020878,1.32879485984384,0.658521846738052,89.7395664108658,0.706940476676193,0.956703309187391,0.958886542453851,0.915431858228753,1.18934698403591,11320.6560787671,18046.35,3097.98780559826,4938.52757707368,71.9721467700246,0.379890503027332,0.612618424458796,2.21133605705737,0.363815875335454,89.9994067867679,2.3318756239783,TRUE,TRUE,TRUE,TRUE,TRUE,TRUE,FALSE,,,,,,,0.418115370854467,-0.643514289387283,0.130310641503068,Duct2 singlet,Duct2 singlet,,3.01454642036821,3.01454642036821
PC1_cellid_000160722-1,PC1_A2,PASC,PC1,singlet,Duct2,Fibroblast,,FALSE,FALSE,141.230544178889,148.731574977685,,,Duct2 singlet,110,107,11404.6208187711,18513.8040813454,160722,TRUE,15.9636468945398,20.0323859192121,4.50838624169633,6.02053762030457,4.00461155906539,1.50340114824907,0.746702227856941,89.7383772279263,0.499892499494783,0.797803061462008,0.881394306350935,0.662119596630959,1.41436561456475,11406.4497716895,18513.75,3121.46593377577,5066.43531406893,TRUE,3.99081811277641,7.99118769388173,2.25416668350685,2.02525386711329,1.99751579870664,1.01388628097462,0.164938188574286,179.21517539465,0.785324481077974,0.999999999812126,0.99999999965755,0.986488987733218,1.12843209880276,11402.75,18513.8,3120.45346175137,5066.44899696762,11.9728287817634,0.249994135841321,0.333322908243861,1.01256447789837,0.449191537336189,89.4767981667233,1.12710977909474,TRUE,TRUE,TRUE,TRUE,TRUE,TRUE,FALSE,,,,,,,-0.367460388812933,-0.983669293915148,0,Duct2 singlet,Duct2 singlet,,0,0
PC1_cellid_000160740-1,PC1_A2,PASC,PC1,singlet,Duct2,Fibroblast,,FALSE,FALSE,295.62323362216,301.828652700139,,,Duct2 singlet,370,339,11030.5756696607,18409.2344868682,160740,TRUE,63.9905105444758,39.9821328460559,9.02636408046003,10.009169137241,10.0090754201257,1.0000093629406,0.00432737391820492,89.803782337542,0.503029579546073,0.820541506010763,0.836257183495,0.638739222482274,1.40994846182591,11029.65,18401.9,3018.35167169376,5035.82666968956,TRUE,16.0179411923754,16.0090851898325,4.51604651784885,4.02277221615377,3.99540641876438,1.00684931437902,0.116443828359248,0,0.785386673011515,0.999999999953247,0.999999999829061,0.996598639409258,1.12838742049047,11033.325,18409.2,3019.3573647478,5037.82437289894,47.9725693521004,0.250317446346036,0.333897921361495,2.23656804763836,0.49556344564571,89.803782337542,2.25515878130559,TRUE,TRUE,TRUE,TRUE,TRUE,TRUE,FALSE,,,,,,,0.496629600596192,-0.79579217378276,0.0719742109400449,Duct2 singlet,Duct2 singlet,,0,3.3331692955853
PC1_cellid_000160755-1,PC1_A2,PASC,PC1,singlet,Fibroblast,Myeloid,,FALSE,FALSE,290.897401242553,297.227189051316,,,Fibroblast singlet,373,300,11798.1879988796,18941.3544466706,160755,TRUE,107.834841043749,47.9730081688416,11.7174905127818,12.004462932121,11.9954660510562,1.00075002324111,0.0387086685290706,89.7383772601625,0.588809844653046,0.885122508938427,0.862873998432688,0.748857599819106,1.30320419285277,11799.0001712329,18939.9,3228.89048076373,5183.0546596413,TRUE,20.0087593051527,20.0044916085973,5.04736996745911,6.02047542553596,3.99540641794901,1.50684931434407,0.748055330199142,0,0.628311467795161,0.909316770155346,0.941501765106915,0.831818181962054,1.26157335090042,11791.7375,18950.85,3226.90299286913,5186.05121445537,87.8260817385961,0.185550042172174,0.227822520449315,3.59575428595152,0.613741359703557,89.7383772601625,3.33506027266134,TRUE,TRUE,TRUE,TRUE,TRUE,TRUE,FALSE,,,,,,,0.179318439237682,0.84549725908921,0.227196050191213,Fibroblast singlet,Fibroblast singlet,,0,6.12416701047467
PC1_cellid_000160789-1,PC1_A2,PASC,PC1,singlet,Duct2,Myeloid,,FALSE,FALSE,147.469617054741,152.762405385967,,,Duct2 singlet,153,145,11345.7267328147,18048.3967832068,160789,TRUE,27.9638100469346,24.0000073651302,5.96696143553984,8.01138392413921,4.00231811551844,2.0016859448524,0.866268407712589,89.8037823291316,0.610075321460398,0.932544984555079,0.950909311392479,0.872121903709934,1.28028975740117,11346.2437785388,18046.3,3104.99008367424,4938.51389417498,TRUE,11.9451199676956,15.9819068206206,3.89987167859093,4.02286529347789,3.99531270233951,1.00689622826438,0.116837856251671,179.607569273018,0.587683085689174,0.856862745052071,0.926777983245,0.74319751594096,1.3044529041421,11342.55,18046.25,3103.97925172331,4938.50021127629,16.0186900792391,0.427163535418642,0.745698924265973,1.01092455441684,0.338840651795488,89.8037869438868,1.03354487847445,TRUE,TRUE,TRUE,TRUE,TRUE,TRUE,FALSE,,,,,,,-0.367460388812933,-0.983669293915148,0,Duct2 singlet,Duct2 singlet,,0,0
PC1_cellid_000160791-1,PC1_A2,PASC,PC1,singlet,Fibroblast,Bcell,,FALSE,FALSE,157.544242084962,166.549541078673,,,Fibroblast singlet,130,114,11595.8320054945,18149.1440018315,160791,TRUE,19.8994218226127,23.972579089079,5.03356044782582,7.99770110720727,3.98854157848946,2.00516929417315,0.866768325906652,179.803782343296,0.435131778686407,0.768743400188932,0.887012501961509,0.623822686933745,1.51596648051524,11584.1500000001,18151.35,3170.09501821469,4967.26166433192,TRUE,7.98163622555419,11.9864066910653,3.18787309566524,4.00918271407507,1.99765635296919,2.006943137454,0.867021792032621,179.60756930752,0.698109867206216,0.999999999906123,0.999999999771693,0.996587189550885,1.19684555541561,11587.8,18147.7,3171.09386981935,4966.26281272722,11.9177855970586,0.401098900897374,0.669724770080349,1.41258948612678,0.56126850771177,0.196213035775372,0.922843676080286,TRUE,TRUE,TRUE,TRUE,TRUE,TRUE,FALSE,,,,,,,-0.367460388812933,0.716857878325784,0,Fibroblast singlet,Fibroblast singlet,,0,5.73234501280538
PC1_cellid_000160803-1,PC1_A2,PASC,PC1,singlet,Fibroblast,Myeloid,,FALSE,FALSE,173.981736765236,188.139205494518,,,Fibroblast singlet,127,111,11783.523851098,18709.7153793965,160803,TRUE,55.9268712070115,39.9543765797445,8.43850129075521,10.1111575980418,9.47165597407371,1.067517403799,0.349991495088175,161.329912498686,0.440252337435978,0.737034295576268,0.819579686315801,0.583974291851593,1.50712462066914,11783.5082762557,18706.05,3224.65100017259,5119.05974244759,TRUE,27.9638100469422,27.9683759837545,5.96696143554064,8.01817863247106,5.99310962896292,1.33789954217762,0.664329013176789,90,0.449233059401322,0.777951394298191,0.862001274178282,0.581926847222663,1.49198392977021,11779.8582762557,18706.05,3223.6521485679,5119.05974244759,27.9630611600693,0.500006695143646,1.00002678093319,0.998851604690572,0.236736730352224,71.3299124986856,1.23576992760729,TRUE,TRUE,TRUE,TRUE,TRUE,TRUE,FALSE,,,,,,,-0.367460388812933,0.248394725045465,0,Fibroblast singlet,Fibroblast singlet,,0,5.46898997217214
PC1_cellid_000160810-1,PC1_A2,PASC,PC1,singlet,Fibroblast,Duct2,,FALSE,FALSE,276.570576449,283.163400761387,,,Fibroblast singlet,343,278,11673.0796886591,18739.9943416722,160810,TRUE,92.0370725901805,48.0007019634783,10.8252131805096,14.0022702711211,10.0160273443145,1.39798642575029,0.698802637805833,89.738377259804,0.501969677604427,0.836314455345516,0.814278092626457,0.656249278637467,1.41143622018951,11674.0164383562,18735.7,3194.68768565573,5127.17370137337,TRUE,19.9540905638843,19.9770320938229,5.04046993693686,5.99310962937011,3.99540641794901,1.49999999958495,0.745355992743354,89.9999999922001,0.62831853071687,0.909090909059928,0.941421356108351,0.833333333307404,1.2615662602133,11677.7,18743,3195.69572167188,5129.17140458275,72.0829820262962,0.216804924365284,0.276821102570878,2.23762256035691,0.413409420934375,0.261622732396106,2.89237162178636,TRUE,TRUE,TRUE,TRUE,TRUE,TRUE,FALSE,,,,,,,-0.367460388812933,0.543879651305658,0,Fibroblast singlet,Fibroblast singlet,,0,6.01411425806855
PC1_cellid_000160823-1,PC1_A2,PASC,PC1,singlet,Fibroblast,Myeloid,,FALSE,FALSE,259.779159132491,265.081474482017,,,Fibroblast singlet,203,166,11561.964085032,18331.8664797274,160823,TRUE,63.9631761738386,39.9544765379182,9.02443601070966,12.0026686629307,8.00727723985368,1.49897003679218,0.744946023601423,179.843025660656,0.503511037031732,0.864746380471089,0.854035352082088,0.665529542072804,1.40927420392133,11562.8628424658,18330.55,3164.269617814,5016.30117325265,TRUE,16.0183156358099,16.0092719870847,4.51609930222562,4.02286529602042,3.99550012846684,1.00684899610021,0.116441150405713,89.6102388046805,0.78538670439508,0.999999999953159,0.999999999829063,0.996575502814841,1.12838739794565,11559.250170068,18334.2,3163.28098120531,5017.30002485734,47.9448605380287,0.250430272408161,0.334098701147823,1.40538495517106,0.311462112510658,89.7672131440242,2.25416835424202,TRUE,TRUE,TRUE,TRUE,TRUE,TRUE,FALSE,,,,,,,-0.367460388812933,0.626050820134413,0,Fibroblast singlet,Fibroblast singlet,,0,6.09661198587935
PC1_cellid_000160858-1,PC1_A2,PASC,PC1,singlet,Fibroblast,Bcell,,FALSE,FALSE,200.244118605806,202.657211424768,,,Fibroblast singlet,222,176,11761.3,18629.4,160858,TRUE,75.8809617708969,40.0089207397541,9.82927470463834,10.0250242233404,9.98853687292148,1.00365292215833,0.0852408788632146,89.7383772583418,0.595701945386798,0.862648776576623,0.864460354561587,0.757784153066934,1.2956434106856,11761.3,18629.4,3218.57352828891,5098.08385874907,FALSE,3.99081811277678,7.99118769388173,2.25416668350696,2.02525386796306,1.99751579979856,1.01388628084579,0.164938187824917,179.215175425541,0.785324481078046,0.999999999812217,0.99999999965755,0.986488986780135,1.12843209880271,11761.35,18636.7,3218.58721118761,5100.08156195845,71.8901436581201,0.052593140876365,0.0555127296893485,1.99775006807368,0.40648982229911,89.4767981671991,3.78755401056569,TRUE,TRUE,TRUE,TRUE,TRUE,TRUE,FALSE,,,,,,,-0.367460388812933,0.70525889957486,0,Fibroblast singlet,Fibroblast singlet,,0,5.42153107481732
PC1_cellid_000160867-1,PC1_A2,PASC,PC1,singlet,Fibroblast,Duct2,,FALSE,FALSE,197.132149029874,213.511684889918,,,Fibroblast singlet,210,190,11943.1059567292,18820.368190102,160867,TRUE,179.917448626611,71.9459595742737,15.1353232664274,16.9801658572101,15.562763502012,1.0910765206982,0.399975112089806,44.8044520256134,0.436787628689363,0.818557069843889,0.765266864919811,0.680839333743694,1.51309025882868,11937.4003424658,18822.4,3266.76479120907,5150.89984770946,TRUE,19.9814249345202,19.9773132393864,5.04392113209438,6.0204754247201,3.99540641958074,1.50684931352447,0.748055329878915,179.99999999224,0.629161531974115,0.909203980068468,0.942384718850226,0.830681818098933,1.26072080291105,11941.0625,18818.75,3267.76696981995,5149.90099610477,159.936023692091,0.111058849966674,0.124933860877641,1.41494399051765,0.186972417270598,44.8044520333731,5.0457010671665,TRUE,TRUE,TRUE,TRUE,TRUE,TRUE,FALSE,,,,,,,0.704937274910555,0.00634655731084141,0.3792670957481,Fibroblast singlet,Fibroblast singlet,,0,3.88401538044124
PC1_cellid_000160884-1,PC1_A2,PASC,PC1,singlet,Duct2,Myeloid,,FALSE,FALSE,227.739108665979,231.676747476117,,,Duct2 singlet,237,225,11159.0417428122,18159.6598011135,160884,TRUE,48.1092412052703,35.9864918631869,7.82653105595017,12.0137097263727,6.01137422841668,1.99849639440397,0.865808104892789,179.738973197634,0.466830634759391,0.828237508611258,0.889233383220014,0.666158551978315,1.46359300724393,11160.2628424658,18156.65,3054.09491752669,4968.71205159352,TRUE,15.96402133797,15.9820005445983,4.50843911575829,3.99550013614995,3.99550013449398,0.999999999729542,2.8790894442932e-05,179.607569290665,0.785398163395084,0.999999999953085,0.999999999828771,1.00000000036728,1.12837916629889,11163.95,18160.25,3055.10393758692,4969.69722029952,32.1452198673003,0.331828582923127,0.496621936291162,1.41020525499558,0.36036533716168,0.1314039069687,1.65904597009594,TRUE,TRUE,TRUE,TRUE,TRUE,TRUE,FALSE,,,,,,,-0.367460388812933,-0.983669293915148,0,Duct2 singlet,Duct2 singlet,,0,0
PC1_cellid_000160897-1,PC1_A2,PASC,PC1,singlet,Fibroblast,Duct2,,FALSE,FALSE,152.403915469655,153.475351079402,,,Fibroblast singlet,136,115,11875.0535777842,18757.3735219186,160897,TRUE,55.8995368363805,35.9864765282671,8.43643887149428,8.00909816414139,7.99085448995085,1.00228306890967,0.0674577553424869,179.738377244609,0.542424653779054,0.902870932028951,0.855690592852201,0.87343656783199,1.35778275858206,11871.4247716895,18760.45,3248.71005018434,5133.94673622709,TRUE,19.9540905638851,27.9958667372502,5.04046993693695,8.01817863451096,3.99540641713364,2.00684931441127,0.867008404070751,89.9999999941701,0.319929264704455,0.713577932492871,0.802222182601577,0.622866894469375,1.76796236474301,11886,18749.5,3252.69867763275,5130.95018141302,35.9454462724955,0.356963432786958,0.555121514059549,4.9888365052312,1.18268775946709,89.7383772504392,1.69798446727866,TRUE,TRUE,TRUE,TRUE,TRUE,TRUE,FALSE,,,,,,,-0.367460388812933,0.29283499666182,0,Fibroblast singlet,Fibroblast singlet,,0,6.24553660753237
PC1_cellid_000160903-1,PC1_A2,PASC,PC1,singlet,Duct2,Fibroblast,,FALSE,FALSE,241.523952879684,243.44689386907,,,Duct2 singlet,254,241,11004.1500227682,18429.0593306136,160903,TRUE,40.0182674971775,31.9636418334481,7.13812585271486,8.01822533418462,7.99770110609125,1.00256626561527,0.071504140721943,179.803782338209,0.492215896844893,0.769719405381886,0.895556438313699,0.624043489250999,1.42535217218363,11004.1748858447,18434.9,3011.38020356947,5044.85738282786,TRUE,7.9823851124194,11.9867815474162,3.18802264522033,4.00918271317892,1.99784378330705,2.00675485299998,0.866994923305378,89.6075692724531,0.698131701562133,0.999999999906128,0.9999999997717,0.996587190887953,1.19682683935098,11000.5,18431.25,3010.37454175492,5043.85853122317,32.0358823847581,0.199468532989034,0.2491701341033,1.41741321195545,0.397138755250435,89.8037869342442,1.97505160374726,TRUE,TRUE,TRUE,TRUE,TRUE,TRUE,FALSE,,,,,,,0.657118767715205,-0.77483095674198,0.0800042842975143,Duct2 singlet,Duct2 singlet,,0,0
PC1_cellid_000160915-1,PC1_A2,PASC,PC1,singlet,Duct2,Fibroblast,,FALSE,FALSE,321.95649563411,326.32672940944,,,Duct2 singlet,418,372,11033.4817601968,18022.9163154455,160915,TRUE,100.073003113572,48.0553681925924,11.2879096791481,14.0159271470086,10.0159181951433,1.39936517752066,0.699523341385849,179.869485923411,0.544556540585126,0.861819553764232,0.870085543989596,0.712860141728594,1.35512235749437,11028.2496575342,18025.5,3017.96845681183,4932.82180831811,TRUE,20.0638024898549,20.032013311449,5.05430774170302,6.02053762020877,4.02273065755559,1.49662956052134,0.744010421095751,89.7395664321857,0.628309907164582,0.909543047226109,0.941582135013473,0.828432282323447,1.26157491768305,11046.4665909091,18014.5,3022.95366588964,4929.81157060534,80.0092006237175,0.200491659724448,0.250768690737295,5.82355910392182,1.0318224116129,89.8700805087746,3.11680096872254,TRUE,TRUE,TRUE,TRUE,TRUE,TRUE,FALSE,,,,,,,0.466205127157024,-0.563274085748198,0.161050016997658,Duct2 singlet,Duct2 singlet,,0,3.21580892578038
PC1_cellid_000160927-1,PC1_A2,PASC,PC1,singlet,Duct2,Fibroblast,,FALSE,FALSE,222.445942091531,240.817607918441,,,Duct2 singlet,222,200,11431.0229624788,18833.7844673732,160927,TRUE,40.1010194959507,31.9640479285208,7.14550234808163,10.0160217788774,6.00683906614833,1.66743634447606,0.800207642400685,179.607569298042,0.493221195508675,0.834001759960813,0.880237118380073,0.666521490944892,1.42389883285111,11429.5623287671,18835.3,3127.790869317,5154.43003557261,FALSE,12.0821662643032,16.0366046440952,3.92217948005645,6.02047542553596,2.0250690063634,2.9729729695541,0.941732182830022,0,0.590377539621962,0.99999999993803,0.999999999829354,0.99100122863974,1.3014727706495,11433.1753378378,18827.95,3128.77959805893,5152.41864946454,28.0188532316475,0.301293244240593,0.431215587593861,2.24126272464656,0.627321246063285,0.392430701958119,1.61166143401259,TRUE,TRUE,TRUE,TRUE,TRUE,TRUE,FALSE,,,,,,,0.625329400076562,0.188976022155235,0.41252131050872,Duct2 singlet,Duct2 singlet,,0,0
PC1_cellid_000160974-1,PC1_A2,PASC,PC1,singlet,Fibroblast,Endothelium,,FALSE,FALSE,221.64844362679,223.503597769377,,,Fibroblast singlet,258,217,11896.6006389801,18252.5133584689,160974,TRUE,80.1454980334587,39.9818670434794,10.1017036894127,12.0136083227185,8.01138392414019,1.4995671699636,0.745183838341807,179.803782332388,0.630032357594299,0.90943043486729,0.904078418870202,0.832718318837055,1.25984922299331,11895.1335227273,18252.55,3255.19813895675,4994.95585128938,TRUE,15.964021337974,15.9820005445998,4.50843911575885,3.9955001361965,3.99550013444585,0.999999999753238,2.96024984607859e-05,89.6075692838808,0.785398163395133,0.999999999952995,0.999999999828771,1.00000000036793,1.12837916629885,11887.85,18259.85,3253.20494488444,4996.95355449876,64.1814766954846,0.199187998424036,0.248732534018025,2.82199233214337,0.55871611627529,89.8037869514926,2.79663228682691,TRUE,TRUE,TRUE,TRUE,TRUE,TRUE,FALSE,,,,,,,-0.367460388812933,0.575900483058177,0,Fibroblast singlet,Fibroblast singlet,,0,5.7400421395756
PC1_cellid_000160990-1,PC1_A2,PASC,PC1,singlet,Duct2,Fibroblast,,FALSE,FALSE,327.152989108392,330.737662099447,,,Duct2 singlet,479,433,11148.3596857815,18371.4412566027,160990,TRUE,92.0363237033128,47.9455486540676,10.8251691391453,12.0136083227185,12.0068606296142,1.00056198623223,0.0335115822317778,179.803782351836,0.503121111802845,0.852191369040665,0.856601877032763,0.638052367855312,1.40982020090755,11146.4623287671,18372.2,3050.31829690931,5027.69902786508,TRUE,56.063917503618,31.9910542063476,8.44883404964119,8.00909816617998,8.00010128286173,1.00112459583454,0.047385692835434,179.738377259184,0.688392613595834,0.933546987218976,0.927441404389148,0.874992517251136,1.20526320669276,11150.1,18372.25,3051.31377464857,5027.71271076377,35.9724061996948,0.609149901274344,1.55852564259403,0.995571770932618,0.183936482893949,0.0654050926526679,1.18816754475206,TRUE,TRUE,TRUE,TRUE,TRUE,TRUE,FALSE,,,,,,,0.562842632003069,-0.809756340927282,0.0666246510204889,Duct2 singlet,Duct2 singlet,,0,3.08542793606403
PC1_cellid_000161048-1,PC1_A2,PASC,PC1,singlet,Fibroblast,Endothelium,,FALSE,FALSE,121.722144687636,128.778922248527,,,Fibroblast singlet,110,99,11619.9453246611,18443.5562764182,161048,TRUE,32.0089224575586,28.0232319037134,6.38396631079182,8.00468284950102,6.00683906614933,1.33259485691293,0.660966257078861,89.6075692956795,0.5122057822143,0.799857776432148,0.890097444040206,0.665703634747295,1.39726172085939,11621.775,18443.55,3180.39139948219,5047.22452430199,TRUE,7.9816362255546,11.9862192562961,3.18787309566532,3.99540641754183,1.99770320897451,1.99999999705645,0.866025403755019,90.0000000058464,0.698131700793991,0.999999999906174,0.999999999771689,1.00000000041659,1.19682684000935,11614.45,18443.6,3178.38685482346,5047.23820720068,24.027286232004,0.249356604666842,0.332190499799402,2.00459135749862,0.628008123360508,0.392430710166863,1.59804660756325,TRUE,TRUE,TRUE,TRUE,TRUE,TRUE,FALSE,,,,,,,-0.367460388812933,0.417435768292981,0,Fibroblast singlet,Fibroblast singlet,,0,5.20849211697428
PC1_cellid_000161050-1,PC1_A2,PASC,PC1,singlet,Fibroblast,Bcell,,FALSE,FALSE,227.659198235834,229.210296137042,,,Fibroblast singlet,255,210,11632.5132156229,18157.1014236757,161050,TRUE,51.936053094231,40.0640243743096,8.13185320803566,12.6433805387854,7.58593374818563,1.66668744467329,0.800005610099541,18.1218602498368,0.406602143058422,0.76305481591485,0.830816248099561,0.541497788366743,1.56824953764011,11635.35,18158.55,3184.10630647772,4969.23200174391,TRUE,23.9999518613648,24.0001472966836,5.52790084766632,6.02047542553596,5.99310962692302,1.00456620979215,0.0952378513968887,0,0.523591298417311,0.799638200965679,0.887826604140629,0.66516189302369,1.38198646475862,11635.3248858447,18154.8,3184.09943378888,4968.20578434183,27.9361012328661,0.462105809488432,0.859101692563259,1.02624041539096,0.252400132322323,18.1218602498368,1.30197618018467,TRUE,TRUE,TRUE,TRUE,TRUE,TRUE,FALSE,,,,,,,-0.367460388812933,0.637583776122463,0,Fibroblast singlet,Fibroblast singlet,,0,6.37882558455555
PC1_cellid_000161059-1,PC1_A2,PASC,PC1,singlet,Fibroblast,Myeloid,,FALSE,FALSE,361.368974965417,368.545726440702,,,Fibroblast singlet,407,342,11515.7995580824,18082.193140988,161059,TRUE,163.927216248311,64.0372460938676,14.4470970850791,20.0137138466781,11.9954937754631,1.66843601578541,0.800476822605106,179.738774842892,0.502337539563017,0.890555360041651,0.842019034655931,0.682818451245768,1.41091932802358,11514.45,18085.8,3151.02105743466,4949.32338414356,TRUE,35.8626942737175,31.964126020149,6.75735159141837,10.0069055072195,5.98405027192384,1.67226294030215,0.801502007656631,179.738377258888,0.441089895915845,0.816922552016133,0.853542235907405,0.59889113100682,1.50569304749016,11525.375,18074.85,3154.01077079939,4946.32682932948,128.064521974594,0.218772056845071,0.280036138955267,4.23293358759406,0.58599088201683,0.000397584003991369,3.84487274683039,TRUE,TRUE,TRUE,TRUE,TRUE,TRUE,FALSE,,,,,,,0.107761643130592,0.672339631591507,0.197462965064582,Fibroblast singlet,Fibroblast singlet,,0,5.84348744143826
PC1_cellid_000161061-1,PC1_A2,PASC,PC1,singlet,Fibroblast,Myeloid,,FALSE,FALSE,341.393233348396,352.23581594883,,,Fibroblast singlet,358,282,11678.3463616047,18794.9321838519,161061,TRUE,91.9266117773429,43.9773984116639,10.8187151422168,12.0044943127504,10.0067963109858,1.19963412229032,0.552387447913922,89.8691879460625,0.597299359633037,0.90185144367867,0.885462356403101,0.765248211471652,1.2939097198643,11681.5248858447,18794.1,3196.7424321825,5143.15532704843,TRUE,23.9456575635292,19.9773444859226,5.52164451360027,6.00229394452902,3.9954897220939,1.50226739596576,0.7462547539389,89.738377250862,0.753982236890861,0.999999999968731,0.999999999863016,0.998480275044723,1.15164716421709,11677.85,18790.5,3195.73677036796,5142.17015834243,67.9809542138137,0.260486676251307,0.352240680304264,1.40780434169834,0.260253518202411,0.130810695200452,2.64853531430824,TRUE,TRUE,TRUE,TRUE,TRUE,TRUE,FALSE,,,,,,,0.185829426014282,0.975060787881889,0.22990147769243,Fibroblast singlet,Fibroblast singlet,,0,5.89750680430362
PC1_cellid_000161072-1,PC1_A2,PASC,PC1,singlet,Duct2,Fibroblast,,FALSE,FALSE,401.497709642024,409.205395074797,,,Duct2 singlet,540,473,11319.8165576941,18931.640240729,161072,TRUE,119.863461897081,59.9596487244872,12.3537403103765,20.4104096545278,8.62710761369349,2.36584618646193,0.906278180577117,10.9783982590822,0.418965749843367,0.789522233371942,0.836691533516915,0.680722146264981,1.54493687552772,11316.6239726027,18930.7,3096.88438759481,5180.53700628153,TRUE,39.9909331265403,27.9682510342428,7.13568759739175,8.00909816363723,6.00229394332562,1.33433954344932,0.662078568010419,179.738377253823,0.642452145404592,0.909261955219915,0.917004965292517,0.831879958339033,1.2476121856501,11312.9873287671,18930.7,3095.88919101101,5180.53700628153,79.8725287705412,0.333637394500931,0.500684449799003,0.995196583806774,0.16111664276441,11.2400210052591,2.60902635649236,TRUE,TRUE,TRUE,TRUE,TRUE,TRUE,FALSE,,,,,,,0.888578389802381,-0.816185676362204,0.0641616244184666,Duct2 singlet,Duct2 singlet,,0,2.97136368253703
PC1_cellid_000161081-1,PC1_A2,PASC,PC1,singlet,Fibroblast,Myeloid,,FALSE,FALSE,209.185651923228,213.409492816777,,,Fibroblast singlet,179,152,11859.328327415,18256.8059314224,161081,TRUE,59.9996924316931,35.9867732855699,8.74036504248985,10.015881843485,7.99081283793743,1.25342465693892,0.602903383555528,90,0.582201168062168,0.857418812830884,0.860228160816612,0.749667826948916,1.31057978114113,11858.6,18259.95,3245.20044914822,4996.98092029615,TRUE,8.03630496682273,12.0136787710676,3.19877183889541,3.99540641998842,2.02506900758695,1.97297297011626,0.862034669700113,2.92388234928121e-08,0.699703816265501,0.999999999906775,0.999999999772211,0.993243242446813,1.19548155075116,11858.6,18263.65,3245.20044914821,4997.99345479954,51.9633874648703,0.133939102681773,0.154653215607029,1.01253450338572,0.231691581792416,89.9999999707612,2.77079660179722,TRUE,TRUE,TRUE,TRUE,TRUE,TRUE,FALSE,,,,,,,-0.367460388812933,1.05899056485757,0,Fibroblast singlet,Fibroblast singlet,,0,5.817692927389
PC1_cellid_000161114-1,PC1_A2,PASC,PC1,singlet,Fibroblast,Myeloid,,FALSE,FALSE,260.034297056616,272.384904854003,,,Fibroblast singlet,220,192,11799.3500428402,18377.4576462971,161114,TRUE,95.9994330020169,48.000195626022,11.0557801339535,14.0168508990179,10.0104083570951,1.40022768254517,0.69997273343275,89.6860536598853,0.523591415257427,0.856795775818878,0.85579339762236,0.684173770172988,1.38198631096112,11800.5452739726,18369.9,3229.31331044894,5027.06961452514,TRUE,8.00934503962307,12.0139592791117,3.19340176487026,4.02286529602042,1.99784314842242,2.01360416791811,0.867966965651599,89.6102388046876,0.697323909209568,0.999999999906498,0.999999999772217,0.996552364802238,1.19751985140344,11796.899829932,18377.1,3228.31570561885,5029.03995193713,87.9900879623938,0.0834311702509793,0.0910255373552522,2.20849381119856,0.399518402219459,0.0758148551976632,3.93118918454164,TRUE,TRUE,TRUE,TRUE,TRUE,TRUE,FALSE,,,,,,,-0.367460388812933,0.619627120756337,0,Fibroblast singlet,Fibroblast singlet,,0,6.12149550216135
PC1_cellid_000161131-1,PC1_A2,PASC,PC1,singlet,Fibroblast,Endothelium,,FALSE,FALSE,365.960548609912,372.368923154315,,,Fibroblast singlet,442,352,11796.6126711278,18084.6267821825,161131,TRUE,76.0453424381428,44.0053889715128,9.83991550701379,12.0135853357431,10.0069467794846,1.20052455531061,0.553319331201479,89.7395664266071,0.493481363029614,0.808716774508316,0.816264841692392,0.632555144561147,1.42352343782629,11795.8459651308,18081.2,3228.0273071126,4948.06455746367,TRUE,11.9724543383286,15.9817506323871,3.9043312245628,6.0022939453119,1.99768238297063,3.00462875793291,0.94299043910655,89.7383772563416,0.58903941133334,0.999999999937449,0.999999999828768,0.998480274752247,1.30295021812221,11803.2,18095.75,3230.03979739482,4952.04628098374,64.0728880998142,0.157438364440175,0.186856792186566,4.46141673981461,0.90679980484925,0.00118917026553333,2.9677921412255,TRUE,TRUE,TRUE,TRUE,TRUE,TRUE,FALSE,,,,,,,-0.367460388812933,1.17319559399324,0,Fibroblast singlet,Fibroblast singlet,,0,6.37882558455555
PC1_cellid_000161135-1,PC1_A2,PASC,PC1,doublet_certain,Duct2,Fibroblast,Duct2__Fibroblast,FALSE,FALSE,399.492647726637,424.649781619867,TRUE,spatially_supported_contact,Supported Duct2-Fibroblast doublet,563,487,11462.3078646984,18713.2325903262,161135,TRUE,87.9908368492703,47.9729550555441,10.5845837448069,14.1452454032952,9.90747694426187,1.42773437465132,0.713740342283083,135.000000002335,0.480456828214166,0.845994333414886,0.822167502485143,0.627861555172524,1.4426893137418,11465.6253424658,18710.9,3137.65980057806,5120.38698362095,TRUE,20.0364681192223,24.0007389182767,5.05086364359791,5.66970848522709,5.66970848378501,0.999999999771681,2.25542894863231e-05,135.00000001166,0.437101008363906,0.71441922561514,0.805422548169885,0.623303707880253,1.5125477557234,11469.2753424658,18710.9,3138.65865218275,5120.38698362095,67.9543687300481,0.227710848474688,0.294851802624634,0.998851604690572,0.188737058893462,9.32456600821752e-09,2.76686005060451,TRUE,TRUE,TRUE,TRUE,TRUE,FALSE,TRUE,PC1_A2,9.42521693359623,13.6037200867424,TRUE,TRUE,30,1.38349059088751,-0.163766141384255,0.314098291527375,Supported Duct2-Fibroblast,Supported Duct2-Fibroblast,13.6037200867424,2.93183297968347,4.27733197188718
PC1_cellid_000161138-1,PC1_A2,PASC,PC1,singlet,Fibroblast,Duct2,,FALSE,FALSE,161.802897987352,162.847557961906,,,Fibroblast singlet,160,127,11928.7767919753,18459.4666796781,161138,TRUE,71.9451868428261,44.0050743386426,9.57096948807414,12.6519986562184,8.85808008897699,1.42830032300723,0.714012583174598,71.3299124986395,0.466880882197556,0.781936497336137,0.817145425139835,0.641952663489491,1.46351424660143,11925.1,18453.45,3263.39870441177,5049.93373824348,TRUE,20.0095081920205,19.9774694354338,5.04746442293383,6.01141578117062,4.00461156110597,1.50112331379338,0.745801901705617,89.7383772388006,0.630035946378573,0.909319856350992,0.942385169321669,0.831187972877406,1.2598456344397,11925.1582762557,18464.35,3263.41465217383,5052.91661015886,51.9356786508056,0.27812156820098,0.385274799674875,2.98291454699573,0.623325472822649,18.4084647401612,2.26175253257015,TRUE,TRUE,TRUE,TRUE,TRUE,TRUE,FALSE,,,,,,,-0.367460388812933,1.21323350418862,0,Fibroblast singlet,Fibroblast singlet,,0,6.77536609093639
PC1_cellid_000161139-1,PC1_A2,PASC,PC1,singlet,Fibroblast,Duct2,,FALSE,FALSE,134.74049272745,151.742416086739,,,Fibroblast singlet,130,121,11461.8883023786,18407.0981101336,161139,TRUE,27.9630611600714,27.9961478696225,5.966881535681,7.99081283793693,5.99310962896243,1.3333333326111,0.661437827693818,90.0000000146194,0.448330225611393,0.737024426336249,0.819196869184668,0.583904109470693,1.49348543019015,11464.5,18407.65,3137.35184163896,5037.40020303941,TRUE,11.9451199676949,15.9819068206216,3.89987167859081,3.99540641958074,3.99540641794901,0.999999999723469,2.85797318256129e-05,90,0.587683085689067,0.856862745052055,0.925559652786178,0.748287671197752,1.30445290414222,11460.85,18407.65,3136.35299003426,5037.40020303941,16.0179411923765,0.427174975409331,0.745733787930413,0.998851604691026,0.334798536009159,1.46194167882641e-08,1.03350492854509,TRUE,TRUE,TRUE,TRUE,TRUE,TRUE,FALSE,,,,,,,-0.367460388812933,-0.0773291864634984,0,Fibroblast singlet,Fibroblast singlet,,0,5.04243206817826
PC1_cellid_000161141-1,PC1_A2,PASC,PC1,singlet,Fibroblast,Duct2,,FALSE,FALSE,452.73937749781,460.08330755492,,,Fibroblast singlet,499,391,11486.5743287331,18020.1922488148,161141,TRUE,128.00947878988,51.9959359369317,12.7666256503515,14.0113921102561,12.0045878881512,1.16716977189126,0.515693088674501,179.738377255122,0.594994831669765,0.888783163691777,0.851056628453235,0.761050694731167,1.2964130772897,11488.6246575342,18020.1,3143.95374654052,4931.34405525912,TRUE,12.0001631523987,16.0097386591671,3.90884666735698,4.00918271247644,4.00918271224701,0.999999999374648,1.06982554448846e-05,179.60756928928,0.588340207711285,0.855731489100014,0.926385480929106,0.746578454815551,1.30372422352592,11488.6244909293,18012.85,3143.95370094774,4929.36003494843,116.009315637481,0.0937443325674249,0.103441375250102,1.98402031121167,0.310813579475312,0.13080796584174,4.42888949149724,TRUE,TRUE,TRUE,TRUE,TRUE,TRUE,FALSE,,,,,,,-0.367460388812933,0.766475848987289,0,Fibroblast singlet,Fibroblast singlet,,0,5.30529696043149
PC1_cellid_000161152-1,PC1_A2,PASC,PC1,singlet,Fibroblast,Myeloid,,FALSE,FALSE,136.667691604527,152.487731183806,,,Fibroblast singlet,108,102,11563.8199288937,18090.2421716699,161152,TRUE,31.9819625303482,27.9684696945444,6.38127725552476,8.01817863450997,5.99310962773938,1.33789954279097,0.664329013562317,0,0.513780438755172,0.842335723215362,0.875155996609341,0.665544594642285,1.39511888361483,11561.9753424658,18089.3,3164.02674636217,4950.28118705217,TRUE,15.9906068217418,19.9773132393839,4.51219159054151,5.99310962773938,4.02277221615377,1.48979591725244,0.741246534669225,90,0.503501362797422,0.800273597781195,0.88380689948701,0.663265306146925,1.40928774219829,11558.3125,18089.35,3163.02438031432,4950.29486995086,15.9913557086065,0.49998829188697,0.999953168644493,1.00245943339237,0.31418770572383,90,0.934542832491628,TRUE,TRUE,TRUE,TRUE,TRUE,TRUE,FALSE,,,,,,,-0.367460388812933,-0.170458797763038,0,Fibroblast singlet,Fibroblast singlet,,0,4.53895124138387
PC1_cellid_000161176-1,PC1_A2,PASC,PC1,singlet,Duct2,Endothelium,,FALSE,FALSE,250.77390649235,258.716472455831,,,Duct2 singlet,330,283,11231.8888863532,18249.5178907126,161176,TRUE,63.9905105444719,39.9547358165389,9.02636408045975,12.0136083233099,8.00463623189462,1.50083126467813,0.745686092112595,89.8037823462006,0.503719672520576,0.842386750127232,0.886323495071222,0.665427134235291,1.40898232028031,11233.7124143836,18247.65,3074.19497856066,4993.61492721733,TRUE,12.082166264303,16.0366068926856,3.92217948005643,6.02047542553596,2.02506900677109,2.97297296895559,0.941732182805835,90,0.590377374061101,0.999999999937882,0.999999999829354,0.991001228440221,1.30147295313696,11233.6751136364,18236.75,3074.18477091376,4990.63205530195,51.9083442801689,0.188811843500109,0.232759615617162,2.98288938105643,0.660928220456896,0.196217653799408,2.55209230020166,TRUE,TRUE,TRUE,TRUE,TRUE,TRUE,FALSE,,,,,,,-0.367460388812933,-0.983669293915148,0,Duct2 singlet,Duct2 singlet,,0,0
PC1_cellid_000161188-1,PC1_A2,PASC,PC1,singlet,Fibroblast,Myeloid,,FALSE,FALSE,247.817699411118,251.962058610687,,,Fibroblast singlet,309,243,11878.1334941196,18592.7499479406,161188,TRUE,163.871798620163,63.927172105205,14.4446548684996,21.9983445312811,10.0002747561995,2.1997740123714,0.890699711665717,179.775751514094,0.503898537449153,0.89145114078808,0.87260341108013,0.744907399877458,1.40873223054647,11881.7619863014,18592.4,3251.53891139067,5087.95851371522,FALSE,32.0366312716227,31.9637511637995,6.38672888223143,11.3780809352748,5.0608421962584,2.24825839018145,0.895635519358634,108.199165048046,0.394040829500473,0.727954939918821,0.864378073680165,0.556358885363698,1.59304992860922,11881.75,18588.75,3251.53563124372,5086.95966211053,131.83516734854,0.195498136588622,0.243005200459871,0.998856990544972,0.138301260674664,71.5765864660479,4.02896299313406,TRUE,TRUE,TRUE,TRUE,TRUE,TRUE,FALSE,,,,,,,-0.367460388812933,0.732611018308191,0,Fibroblast singlet,Fibroblast singlet,,0,6.11826113538914
PC1_cellid_000161196-1,PC1_A2,PASC,PC1,singlet,Fibroblast,Myeloid,,FALSE,FALSE,394.827726347677,400.428686034823,,,Fibroblast singlet,449,306,11735.9948976728,18193.2910306901,161196,TRUE,116.090569862523,52.0507762934306,12.1577590171793,16.0090746826101,9.99770045829772,1.60127568784492,0.781023143386275,179.738973201038,0.538458683467891,0.892225563688247,0.841714322425758,0.725321568016248,1.36277390018921,11737.7630952381,18191.05,3212.13246662018,4978.12588589527,TRUE,8.00934503962443,12.0139592791117,3.19340176487053,4.02286529602042,1.99784314232929,2.01360417405931,0.867966966518218,179.610238804688,0.697323909209685,0.999999999906532,0.999999999772217,0.996552367841749,1.19751985140334,11734.1253424658,18198.3,3211.13696656699,4980.10990620596,108.081224822899,0.0689922105509459,0.0741048692962856,2.21976506619861,0.365160233791509,0.128734396350438,4.48217862615439,TRUE,TRUE,TRUE,TRUE,TRUE,TRUE,FALSE,,,,,,,-0.367460388812933,1.3151297334406,0,Fibroblast singlet,Fibroblast singlet,,0,6.60118472697534
PC1_cellid_000161213-1,PC1_A2,PASC,PC1,singlet,Duct2,Fibroblast,,FALSE,FALSE,326.703823298706,338.303539065173,,,Duct2 singlet,372,343,11028.628486785,18126.7311165964,161213,TRUE,104.063821226347,59.959459172418,11.51078504541,16.2328477981605,10.3153299642572,1.57366248584398,0.772133560914219,141.072456406355,0.363742644050565,0.722118577564303,0.764147755509674,0.621472517001863,1.65807010940116,11021.3248287671,18131.55,3016.0734222019,4961.84323644893,TRUE,32.0366312716253,27.9682822729636,6.38672888223169,8.00909816430414,6.0114157816469,1.33231479098655,0.660787121285866,179.738377262598,0.514665573054304,0.80055018057157,0.862875958352076,0.665405611281876,1.39391868776421,11039.5871575342,18120.45,3021.07105409079,4958.80563293878,72.0271899547217,0.307855611018401,0.444785244118458,5.84836383801016,1.01615377314003,38.6659208562428,2.56202808158917,TRUE,TRUE,TRUE,TRUE,TRUE,TRUE,FALSE,,,,,,,-0.367460388812933,-0.570098199306172,0,Duct2 singlet,Duct2 singlet,,0,4.00302283373135
PC1_cellid_000161222-1,PC1_A2,PASC,PC1,singlet,Duct2,Myeloid,,FALSE,FALSE,365.248960050494,366.69950474589,,,Duct2 singlet,540,447,11475.8051673976,18991.3185651821,161222,TRUE,96.0541017433001,47.9733110657318,11.0589276502554,14.0059273170518,10.0104610440304,1.39912909621432,0.699400140349817,179.843454541521,0.524476931451498,0.872388615496903,0.829639690804414,0.685093688960293,1.3808191593011,11473.9621575342,18988.55,3139.94123649839,5196.36812007095,FALSE,35.9181119018547,23.9726884272439,6.7625705501432,5.99317210599544,5.99317210588696,0.999999999561485,6.01678554526977e-06,179.738377271082,0.785398163396371,0.999999999979038,0.999999999885846,1.00000000026934,1.12837916656443,11470.3,18988.6,3138.93905788751,5196.38180296964,60.1359898414453,0.373936263483102,0.597281461410774,1.00227201388795,0.181260253032254,0.105077270439011,2.14817855005612,TRUE,TRUE,TRUE,TRUE,TRUE,TRUE,FALSE,,,,,,,-0.367460388812933,-0.77550460151345,0,Duct2 singlet,Duct2 singlet,,0,0
PC1_cellid_000161224-1,PC1_A2,PASC,PC1,doublet_certain,Duct2,Fibroblast,Duct2__Fibroblast,FALSE,FALSE,456.348933579823,499.769828784428,TRUE,spatially_supported_contact,Supported Duct2-Fibroblast doublet,561,493,11735.6254997258,18075.7681667141,161224,TRUE,104.008778041646,52.0228306280021,11.5077404038415,14.0113921102556,12.0045878901898,1.16716977169301,0.515693088432726,179.738377255122,0.482938579150448,0.787458787037575,0.832642736909826,0.618360089593249,1.43897765421001,11740.9623287671,18077.7,3213.00796238572,4947.10675455507,TRUE,31.9272937890802,23.972750904686,6.37582096742328,6.0022939440751,5.99317210555377,1.00152203801592,0.0551102641996326,179.738377249692,0.698129881362014,0.94117776917177,0.951185099544247,0.887540335355186,1.19682840016401,11729.9917237443,18070.45,3210.00576884285,4945.12273424438,72.0814842525658,0.306967300137173,0.442933356821304,3.5985417410516,0.625412393487121,5.42948441761837e-09,2.56595971820911,TRUE,TRUE,TRUE,TRUE,TRUE,FALSE,TRUE,PC1_A2,15.2970323437036,5.82550321651099,TRUE,TRUE,30,0.497172771979144,0.243441948792063,0.359270017269432,Supported Duct2-Fibroblast,Supported Duct2-Fibroblast,15.2970323437036,2.93520234422378,3.99775905973548
PC1_cellid_000161241-1,PC1_A2,PASC,PC1,doublet_certain,Duct2,Fibroblast,Duct2__Fibroblast,FALSE,FALSE,414.761118934459,459.62643194722,TRUE,spatially_supported_contact,Supported Duct2-Fibroblast doublet,505,442,11397.55601209,18772.7016104444,161241,TRUE,104.063446782923,48.0278639156839,11.5107643362837,12.0135850544989,12.0135850504201,1.00000000011173,2.60582839464157e-05,179.999999990276,0.566919672629473,0.852437243878699,0.852266831251687,0.721029363834734,1.32812586947289,11396.4622013652,18780.5,3118.73275551675,5139.43357860355,TRUE,11.972828781764,16.009459408667,3.90439227886815,4.02277221533791,3.99540641876438,1.00684931417482,0.116443826641156,0,0.587020544903386,0.857146686636459,0.925687766057743,0.744921256290143,1.30518883198887,11392.7253424658,18762.3,3117.71013428163,5134.45300347879,92.0906180011592,0.115053163726057,0.130011384876505,5.08447467924848,0.883429548529134,9.72406155597128e-09,3.80318602870778,TRUE,TRUE,TRUE,TRUE,TRUE,FALSE,TRUE,PC1_A2,11.0415655482854,13.9090757892926,TRUE,TRUE,30,-0.367460388812933,-0.0491088310472846,0,Supported Duct2-Fibroblast,Supported Duct2-Fibroblast,13.9090757892926,0,4.38462227298923
PC1_cellid_000161242-1,PC1_A2,PASC,PC1,singlet,Fibroblast,Myeloid,,FALSE,FALSE,196.758514155301,201.324593661688,,,Fibroblast singlet,191,162,11558.1475581022,18721.2173301085,161242,TRUE,52.018430649573,36.0140447280548,8.13829975843235,10.0158818455239,7.99081283589802,1.25342465751398,0.602903384039886,0,0.503991614423577,0.812556662309415,0.827224860371379,0.649945729518002,1.40860214224028,11557.025,18717.95,3162.67204567294,5122.31627233686,TRUE,23.9999518613605,24.0275424311362,5.52790084766582,6.02047542553596,5.99310962692401,1.00456620979198,0.0952378513951593,0,0.522398028073614,0.799638200965606,0.85274802719407,0.665161893023459,1.3835639427861,11557.0246621622,18717.85,3162.67195322092,5122.28890653947,28.0184787882125,0.461374008347631,0.856575834619957,0.0273659535569878,0.00672522622710739,0,1.30519945538327,TRUE,TRUE,TRUE,TRUE,TRUE,TRUE,FALSE,,,,,,,-0.367460388812933,1.30417530664698,0,Fibroblast singlet,Fibroblast singlet,,0,6.44456399502534
PC1_cellid_000161256-1,PC1_A2,PASC,PC1,singlet,Duct2,Fibroblast,,FALSE,FALSE,546.646569680073,561.134398320948,,,Duct2 singlet,1015,859,11399.6927762468,18697.3553343694,161256,TRUE,140.227568020492,60.0140125518779,13.3620090130837,16.0227678482804,12.020543451742,1.33294870643396,0.66119235539327,89.8037823510046,0.489258001015082,0.853293474566709,0.816477767491658,0.728067691085087,1.42965428937856,11396.1437148378,18696.5,3118.64559913897,5116.44630879696,TRUE,60.1094043576707,36.0409579322112,8.74835245281433,10.015881843485,8.01817863654987,1.24914675689694,0.599270710188137,90,0.581513280230485,0.856978128444228,0.88812864756917,0.748475353787447,1.31135471222266,11396.1561643836,18696.5,3118.64900605643,5116.44630879696,80.1181636628213,0.428656113786414,0.750259386911807,0.00340691745668664,0.000509940900092385,0.196217648995429,2.30682828013469,TRUE,TRUE,TRUE,TRUE,TRUE,TRUE,FALSE,,,,,,,1.52533215661372,-0.812860979758465,0.0654352888992751,Duct2 singlet,Duct2 singlet,,2.38436936776056,3.03034785596333
PC1_cellid_000161278-1,PC1_A2,PASC,PC1,doublet_certain,Duct2,Fibroblast,Duct2__Fibroblast,FALSE,FALSE,349.950586150345,376.906902090307,TRUE,spatially_supported_contact,Supported Duct2-Fibroblast doublet,406,348,11381.5497467644,18820.8349181168,161278,TRUE,127.926726791101,52.0505235758859,12.7624984771384,16.0145544773607,9.99410164786618,1.60240059959714,0.781373492778227,89.8430256509034,0.593363663046403,0.901209719960646,0.89363001037188,0.799286843679216,1.29819378711727,11381.9999455423,18817.15,3114.77504389042,5149.46314334655,TRUE,35.9993661268956,27.9956480637578,6.77021539821024,7.99081283793793,6.02047542553596,1.32727272673725,0.657534246619462,90,0.577196471104519,0.857414228239667,0.87459507539668,0.748295454495544,1.31624933927246,11382.0333333333,18831.8,3114.78418072566,5153.472232664,91.9273606642049,0.281406137928215,0.391606654024139,4.0090997290061,0.628262519271601,0.156974349096615,2.99614153946409,TRUE,TRUE,TRUE,TRUE,TRUE,FALSE,TRUE,PC1_A2,7.81447496273023,16.2677555502906,TRUE,TRUE,30,-0.00211105068714747,-0.292846858730998,0.151808962424691,Supported Duct2-Fibroblast,Supported Duct2-Fibroblast,16.2677555502906,0,3.91723109463352
PC1_cellid_000161282-1,PC1_A2,PASC,PC1,singlet,Fibroblast,Duct2,,FALSE,FALSE,320.911268333198,330.951739672692,,,Fibroblast singlet,395,328,11476.8185379405,18376.7510495454,161282,TRUE,139.953849870709,60.0139112437188,13.3489616110511,15.9816256738359,14.0386540600464,1.13840155917823,0.477880864821523,90,0.488304639139451,0.804397699780487,0.840717004867458,0.623790021159156,1.43104923135463,11475.3750853242,18378.3,3140.32789545464,5029.3683415058,TRUE,23.9729919341619,27.9685009332672,5.5247951397488,9.89777011130992,4.24754290345819,2.33023428600913,0.903237322331477,44.610238808705,0.385117917279977,0.749578513540202,0.833314056447063,0.570226114171092,1.61139917743177,11479.05,18389.3,3141.33356515903,5032.37857921857,115.980857936547,0.171292122043055,0.206697832371705,3.17378364758621,0.475510191025444,45.389761191295,3.91208323565113,TRUE,TRUE,TRUE,TRUE,TRUE,TRUE,FALSE,,,,,,,-0.367460388812933,0.752303537004702,0,Fibroblast singlet,Fibroblast singlet,,0,5.43305847021499
PC1_cellid_000161283-1,PC1_A2,PASC,PC1,singlet,Duct2,Fibroblast,,FALSE,FALSE,297.594705544819,311.943718516601,,,Duct2 singlet,393,358,11430.9823387402,18552.9531694717,161283,TRUE,76.1554288075483,40.064555390449,9.84703526468926,10.022828366485,10.0160103077012,1.00068071575766,0.0368787635343503,179.804452021392,0.596197398519286,0.86360741218099,0.890338955732356,0.758605193455503,1.29510494472856,11432.1497440273,18553.8,3128.49893613471,5077.39531592314,TRUE,32.0089224575564,24.0274506154092,6.38396631079161,6.02047542512828,5.99310962855474,1.00456620945061,0.0952378478594359,179.999999996125,0.696731637791128,0.941318974134979,0.950485854201684,0.887131589852731,1.1980287323784,11424.824829932,18546.6,3126.49441498448,5075.42497851115,44.146506349992,0.420310448704093,0.725061281102068,2.81075337922639,0.570883174064931,0.19554797473279,1.73153447694883,TRUE,TRUE,TRUE,TRUE,TRUE,TRUE,FALSE,,,,,,,0.00141355284082847,-0.473045746213641,0.153273496087966,Duct2 singlet,Duct2 singlet,,0,3.27507816971916
PC1_cellid_000161290-1,PC1_A2,PASC,PC1,singlet,Fibroblast,Myeloid,,FALSE,FALSE,306.519028074797,313.485963696492,,,Fibroblast singlet,367,281,11667.5464599113,18865.7873156894,161290,TRUE,80.0361605509175,44.0046389052814,10.0948107769388,12.0135850544979,10.015881843485,1.19945355176389,0.552198026459859,90,0.519396701875289,0.833003374922344,0.824241720449024,0.665157399459721,1.38755563691009,11667.1834474886,18867.25,3192.81778321932,5163.17340783833,TRUE,8.06401378089204,12.0412313591141,3.20428170345884,4.02277221615377,2.02506900677059,1.98648648380273,0.864052701056136,179.999999994201,0.698906892393557,0.999999999907132,0.999999999772733,0.989887846939817,1.19616292646413,11678.125,18863.55,3195.81202631078,5162.16087333495,71.9721467700255,0.100754630461744,0.11204353547406,3.16080967654152,0.626224649500118,89.9999999942005,3.44526453674,TRUE,TRUE,TRUE,TRUE,TRUE,TRUE,FALSE,,,,,,,-0.367460388812933,0.743278527886742,0,Fibroblast singlet,Fibroblast singlet,,0,6.07985836953265
PC1_cellid_000161346-1,PC1_A2,PASC,PC1,doublet_certain,Duct2,Fibroblast,Duct2__Fibroblast,FALSE,FALSE,372.424223783119,397.960955937092,TRUE,spatially_supported_contact,Supported Duct2-Fibroblast doublet,574,499,11506.4370125817,18872.0729676742,161346,TRUE,107.97301067066,55.9368144449495,11.7249949658836,16.7989692611796,9.99406264142026,1.68089493325333,0.803784042987772,36.6502544357069,0.433640279003965,0.806123447398035,0.797211247700692,0.643117768263743,1.51857131593063,11502.7868150685,18871.45,3147.82933387722,5164.32277132866,TRUE,32.0089224575528,27.9955849541697,6.38396631079125,8.01817863654888,5.99310962692401,1.33789954331321,0.66432901389057,90,0.513217936075546,0.799865260621394,0.862035193188274,0.666105630610203,1.39588322089104,11510.112585034,18886.1,3149.83408924316,5168.33186064612,75.9640882131075,0.296452995575182,0.421369139106129,4.48239235594187,0.764587509220852,53.3497455642931,2.67051432754619,TRUE,TRUE,TRUE,TRUE,TRUE,FALSE,TRUE,PC1_A2,10.0759929070082,13.8586383186951,TRUE,TRUE,30,0.605014051725865,-0.120535577201228,0.330659572344187,Supported Duct2-Fibroblast,Supported Duct2-Fibroblast,13.8586383186951,0,2.91352404047583
PC1_cellid_000161348-1,PC1_A2,PASC,PC1,singlet,Duct2,Endothelium,,FALSE,FALSE,477.762012558634,482.557796174735,,,Duct2 singlet,622,530,11300.4279540903,18681.4642107263,161348,TRUE,179.999451738507,64.0375476703729,15.1387720764967,19.9983905525434,12.0045741084382,1.66589754599686,0.799792166690829,89.8255841617076,0.551584002543228,0.899832280088762,0.874714747255124,0.749772279551906,1.3464622099573,11301.0692161339,18678.55,3092.62770445524,5111.53414816567,TRUE,48.0268636499307,31.9907794897333,7.81982749225938,10.0159192291997,6.00407839533153,1.66818595047367,0.800409541787521,89.843454543879,0.589718084022291,0.889170808797441,0.947957629748425,0.798632645082108,1.30220025751752,11304.7399590164,18674.95,3093.63223251512,5110.54897945967,131.972588088576,0.266816721847761,0.363915448972308,1.4069946703353,0.185879628990637,0.0178703821713526,3.65947229211865,TRUE,TRUE,TRUE,TRUE,TRUE,TRUE,FALSE,,,,,,,-0.367460388812933,-0.819739912014602,0,Duct2 singlet,Duct2 singlet,,0,0
PC1_cellid_000161383-1,PC1_A2,PASC,PC1,doublet_certain,Fibroblast,Duct2,Duct2__Fibroblast,FALSE,FALSE,405.523748709185,446.043113303837,TRUE,spatially_supported_contact,Supported Duct2-Fibroblast doublet,508,433,11419.5634926422,18354.1410848199,161383,TRUE,147.880817354977,55.9914365435886,13.7217966959183,14.0068157494824,13.9976938397747,1.00065167213069,0.0360842310196667,89.8691879459092,0.592759449609463,0.902566223837138,0.861534782796668,0.754251072114498,1.29885525811819,11420.4414383562,18349.2,3125.29486492708,5021.40489446566,TRUE,24.0276606754339,23.9730945145013,5.53109100805984,6.02052164349282,6.00683906411036,1.00227783306555,0.0673806248695535,179.607569279102,0.525379543610116,0.800551424701856,0.85435950250518,0.664402673973182,1.37963251207999,11409.525,18360.35,3122.30749452446,5024.45618087451,123.853156679543,0.162479901745014,0.194001197205356,4.27021435893956,0.622398720422056,89.7383813331926,4.09535284392923,TRUE,TRUE,TRUE,TRUE,TRUE,FALSE,TRUE,PC1_A2,13.0918505223714,20.2329826202321,TRUE,TRUE,30,-0.367460388812933,0.445623758079041,0,Supported Duct2-Fibroblast,Supported Duct2-Fibroblast,20.2329826202321,0,5.06563038977241
PC1_cellid_000161386-1,PC1_A2,PASC,PC1,doublet_certain,Fibroblast,Duct2,Duct2__Fibroblast,FALSE,FALSE,424.947351846783,473.148323726625,TRUE,spatially_supported_contact,Supported Duct2-Fibroblast doublet,514,424,11218.2907530815,18935.0040472653,161386,TRUE,96.0271418160925,48.0283476247977,11.0573755624081,12.013709727285,12.004462932121,1.00077027955999,0.0392273043906982,179.738377263683,0.523128734738461,0.827756385215578,0.828974801868874,0.665846518412761,1.38259732387298,11221.625,18931.15,3070.88716123091,5180.66015236978,TRUE,35.9446973856251,27.9680011274025,6.76507281076238,7.99081283875279,6.02047542675951,1.32727272660286,0.657534246532049,8.77307115842996e-09,0.577459909938752,0.857235984339299,0.904028701415586,0.747159090631226,1.31594906669742,11218,18938.4,3069.89515107556,5182.64417268047,60.0824444304674,0.37431810113355,0.598256241409099,2.2182021417191,0.401216748981228,0.261622745090392,2.14615137582287,TRUE,TRUE,TRUE,TRUE,TRUE,FALSE,TRUE,PC1_A2,10.2792426149572,11.4104022363076,TRUE,TRUE,30,0.414987333725924,0.341288818019397,0.325120547691512,Supported Duct2-Fibroblast,Supported Duct2-Fibroblast,11.4104022363076,0,4.92134328519077
PC1_cellid_000161409-1,PC1_A2,PASC,PC1,singlet,Fibroblast,Duct2,,FALSE,FALSE,420.625722893451,425.260319037141,,,Fibroblast singlet,507,393,11816.8623581722,18855.7491227404,161409,TRUE,147.990154837525,64.0099587954053,13.7268684473414,17.1586797721561,13.0320143983545,1.31665598610139,0.650507498586913,120.779229709394,0.453886842450012,0.81278778268946,0.78742593871833,0.661816216141057,1.48431543379554,11818.7749999999,18852.15,3234.30202033811,5159.04117243263,TRUE,24.0549950460674,27.9959292093184,5.53423625634662,7.99997632908381,6.02053761826593,1.32878105456497,0.658512911401969,89.7383772527903,0.385678440550085,0.706833760588329,0.858519533310586,0.499437669577752,1.61022779338027,11809.6416666667,18848.45,3231.80261084328,5158.02863792924,123.935159791458,0.162544562986986,0.194093387902216,2.69671539903093,0.392910503287314,31.0408524566039,4.09631609549739,TRUE,TRUE,TRUE,TRUE,TRUE,TRUE,FALSE,,,,,,,0.654132550139989,0.641938322923748,0.42448951701519,Fibroblast singlet,Fibroblast singlet,,0,5.98009343424635
PC1_cellid_000161412-1,PC1_A2,PASC,PC1,singlet,Fibroblast,Myeloid,,FALSE,FALSE,158.040607815901,162.385880231015,,,Fibroblast singlet,110,90,11626.6962891255,18459.3833206688,161412,TRUE,35.9724061996913,32.0185445984985,6.76767981606128,8.01817863451096,7.99081283793693,1.00342465708847,0.0825487129217246,90,0.440936629901628,0.749426632330946,0.830399582585694,0.561439291217752,1.50595470813166,11625.4996575342,18458.15,3181.41068171644,5051.21993072075,TRUE,7.98163622555242,11.9862192562931,3.18787309566489,3.99540641835719,1.99770320897451,1.9999999974646,0.86602540381393,89.9999999941537,0.698131700794148,0.999999999906174,0.999999999771689,1.00000000021224,1.19682684000922,11621.85,18465.5,3180.41192383023,5053.23131682883,27.9907699741389,0.221882188781747,0.28515243525188,2.24570509885469,0.663655832797688,5.84633141897939e-09,1.7899033601982,TRUE,TRUE,TRUE,TRUE,TRUE,TRUE,FALSE,,,,,,,-0.367460388812933,0.387679794527385,0,Fibroblast singlet,Fibroblast singlet,,0,6.12149550216135
PC1_cellid_000161413-1,PC1_A2,PASC,PC1,doublet_certain,Fibroblast,Duct2,Duct2__Fibroblast,FALSE,FALSE,369.527843766016,412.563494054125,TRUE,spatially_supported_contact,Supported Duct2-Fibroblast doublet,459,408,11405.4018652773,18396.0873849254,161413,TRUE,76.1823887347507,36.0686416203678,9.84877809423439,10.015916828055,8.02506674218962,1.24807894393994,0.598354656444815,89.8037823505826,0.735876402788909,0.974135413216003,0.966791633372902,0.947796768266289,1.16572889503864,11405.9701160037,18393.2,3121.33467217262,5033.44584531673,TRUE,20.036093675782,20.0044603698746,5.05081644786502,5.99310962692501,4.0227722177845,1.48979591644607,0.74124653434023,90.0000000194926,0.629171781804138,0.90942928036602,0.941501673756789,0.831065759443593,1.2607105336765,11405.9666666667,18393.2,3121.33372823404,5033.44584531673,56.1462950589687,0.263001646521128,0.356855134451351,0.000943938571708713,0.000191686432724978,0.196217668909938,2.39898082318469,TRUE,TRUE,TRUE,TRUE,TRUE,FALSE,TRUE,PC1_A2,16.4980805766116,18.3630500743335,TRUE,TRUE,30,0.442966615018278,-0.0415703636003027,0.33674642248896,Supported Duct2-Fibroblast,Supported Duct2-Fibroblast,18.3630500743335,0,4.19508658590879
PC1_cellid_000161419-1,PC1_A2,PASC,PC1,singlet,Fibroblast,Myeloid,,FALSE,FALSE,211.594185533469,215.164949538458,,,Fibroblast singlet,218,187,11574.9833196765,18705.1355813958,161419,TRUE,59.8626461350823,35.9862103643493,8.7303773292839,10.0022340104029,7.99085969604831,1.25170937639211,0.60145392000083,179.803782331855,0.580889525605222,0.881998234570392,0.892135505219887,0.748971675396287,1.31205858453144,11571.5689212329,18703.25,3166.65210568992,5118.2935001207,TRUE,39.9905586831066,27.9953978807429,7.13565419084918,8.00909816414154,5.993172104941,1.33637045962379,0.663365545240868,179.738377259195,0.641200787405511,0.909261182705115,0.916398584317401,0.833138310648886,1.24882900302846,11567.9252283105,18703.25,3165.65498006731,5118.2935001207,19.8720874519757,0.66803860601461,2.0123984840358,0.9971256226072,0.228426695139125,0.0654050726593027,0.797361569217361,TRUE,TRUE,TRUE,TRUE,TRUE,TRUE,FALSE,,,,,,,0.201819620452335,0.651592948502566,0.236545679756849,Fibroblast singlet,Fibroblast singlet,,3.84741108710165,5.6212315271375
PC1_cellid_000161425-1,PC1_A2,PASC,PC1,singlet,Fibroblast,Endothelium,,FALSE,FALSE,328.424795144201,341.394378974654,,,Fibroblast singlet,361,282,11538.1666147189,18255.4638828299,161425,TRUE,128.063398644281,59.9868740775015,12.7693141314278,17.8404020217417,10.7783777258561,1.65520289518292,0.796866414717844,158.063395440379,0.447221243169931,0.790317735409414,0.811537097771203,0.665988894537226,1.49533599524942,11537.0419318182,18257.55,3157.20351972224,4996.32414115882,TRUE,27.8810580481694,23.973063275781,5.95812601880707,5.99310962896243,5.99310962692401,0.999999999883505,2.60816467834116e-05,0,0.609638030346619,0.874775314539125,0.901554678057041,0.7762557077993,1.28074884865254,11533.3748858447,18257.5,3156.200003351,4996.31045826013,100.182340596112,0.217712932353426,0.278303120884245,1.00360964975017,0.157190846407041,21.9366045596213,3.40559405631037,TRUE,TRUE,TRUE,TRUE,TRUE,TRUE,FALSE,,,,,,,-0.367460388812933,0.597943989509116,0,Fibroblast singlet,Fibroblast singlet,,0,6.36770242311457
PC1_cellid_000161448-1,PC1_A2,PASC,PC1,singlet,Fibroblast,Myeloid,,FALSE,FALSE,133.530742521592,145.385156482069,,,Fibroblast singlet,102,90,11638.7335235861,18421.5916653636,161448,TRUE,23.9456575635252,23.9729539454295,5.52164451359982,7.99770110615185,4.00231811755738,1.99826722058876,0.865774937189378,89.8037823425103,0.52359263552914,0.857146686659372,0.902360918289251,0.748083357661553,1.3819847001496,11639.9500856164,18421.55,3185.36515658723,5041.20404887645,TRUE,4.01815248341151,8.01836606309364,2.26187325875155,2.02506900554804,1.99770321060573,1.01369862751532,0.163842636734443,179.999999965382,0.785352298502481,0.999999999813624,0.999999999658711,0.993243243050904,1.12841211392199,11636.275,18417.95,3184.35944010357,5040.21888017046,19.9275050801137,0.167802971001058,0.201638512460096,1.40784339497705,0.509936264969672,89.8037823771284,1.62988562742414,TRUE,TRUE,TRUE,TRUE,TRUE,TRUE,FALSE,,,,,,,-0.367460388812933,0.324743006613715,0,Fibroblast singlet,Fibroblast singlet,,0,5.97420867407838
PC1_cellid_000161457-1,PC1_A2,PASC,PC1,doublet_certain,Duct2,Fibroblast,Duct2__Fibroblast,FALSE,FALSE,370.22276504608,393.696960266282,TRUE,spatially_supported_contact,Supported Duct2-Fibroblast doublet,413,353,11396.1770701846,18861.7118150813,161457,TRUE,99.9089968897578,48.0006143922703,11.2786562016431,14.0205139473504,10.0069055072195,1.40108387487032,0.700417731382435,179.738377242116,0.544905096794022,0.862027745644254,0.876917932823501,0.712099803501983,1.354688876625,11396.7835616438,18861,3118.8206983195,5161.46304550153,TRUE,56.0908774308222,36.0142788554072,8.45086523640129,10.0090988473383,8.01822533358736,1.2482935347296,0.598539050674197,179.804452027641,0.543441314231257,0.848983246799556,0.860275784135517,0.698906369684439,1.35651210597458,11393.1,18860.95,3117.81266230335,5161.44936260284,43.8181194589356,0.561419683625692,1.28008408646079,1.00812887646304,0.178767551142928,0.0660747855245631,1.4138954826209,TRUE,TRUE,TRUE,TRUE,TRUE,FALSE,TRUE,PC1_A2,7.27590432444999,19.1988109520526,TRUE,TRUE,30,1.02254877663059,-0.138529670567131,0.323766180159551,Supported Duct2-Fibroblast,Supported Duct2-Fibroblast,19.1988109520526,3.22736271156886,4.2991778346039
PC1_cellid_000161465-1,PC1_A2,PASC,PC1,singlet,Fibroblast,Endothelium,,FALSE,FALSE,263.608734215556,266.822148903087,,,Fibroblast singlet,218,181,11801.7228673352,18196.6960067632,161465,TRUE,63.8538386912917,55.9916866030293,9.01671960886512,16.4354350242457,9.2046080067291,1.78556599122354,0.828461168629539,170.305027327127,0.255946842052774,0.591239408097742,0.76242932568205,0.422085573803866,1.97662876929586,11799.9,18198.05,3229.13672608099,4980.04149171249,TRUE,20.0091337485853,27.9960535213116,5.04741719541725,9.91725183719599,4.24754290345853,2.33482087319978,0.903637370319811,134.610238810821,0.320807506019743,0.667270207143361,0.820767409923532,0.475006082842166,1.76554072297316,11801.7253424658,18201.75,3229.63624560182,4981.05402621587,43.8447049427064,0.313358353319807,0.456363744953203,1.1290464437908,0.250433969395342,35.6947885163055,1.98465120672393,TRUE,TRUE,TRUE,TRUE,TRUE,TRUE,FALSE,,,,,,,-0.367460388812933,0.546656751761724,0,Fibroblast singlet,Fibroblast singlet,,0,5.90800814478562
PC1_cellid_000161467-1,PC1_A2,PASC,PC1,singlet,Duct2,Fibroblast,,FALSE,FALSE,278.376447381472,281.711309613807,,,Duct2 singlet,350,310,11292.8907055958,18164.4431724596,161467,TRUE,55.9545800210751,39.9822415520743,8.44059144798994,12.7546668196196,7.19531536122171,1.77263485677201,0.825684635164145,56.1291892896818,0.43985671575471,0.75730654813921,0.831452036212852,0.609700693204192,1.50780224720448,11291.85,18163.4,3090.10479244719,4970.55924291727,TRUE,19.954465007318,24.0006452074863,5.04051722954612,6.02047542553596,5.99310962855574,1.00456620951847,0.0952378485622787,0,0.435315487515148,0.713581767766501,0.838248271809068,0.553040680731259,1.51564656792096,11295.5376712329,18170.7,3091.11395308515,4972.55694612665,36.000115013757,0.356618975537589,0.554288923636765,2.23812942118365,0.530325257340442,56.1291892896818,1.70003710922191,TRUE,TRUE,TRUE,TRUE,TRUE,TRUE,FALSE,,,,,,,0.135166920603256,-0.788021716290319,0.0749510105964774,Duct2 singlet,Duct2 singlet,,0,0
PC1_cellid_000161473-1,PC1_A2,PASC,PC1,singlet,Fibroblast,Myeloid,,FALSE,FALSE,187.960043444419,199.450431152152,,,Fibroblast singlet,180,158,11653.7999771813,18436.9704949258,161473,TRUE,51.9633874648679,31.9636574530062,8.13399285705767,8.00909816617948,7.99997632704587,1.00114023292332,0.0477134368626557,89.738377259198,0.63913762304924,0.896699448173307,0.89076802562989,0.811007996037654,1.25084301654807,11654.6417237443,18436.15,3189.38564051039,5045.19945529522,TRUE,7.98163622555351,11.9864066910653,3.18787309566511,4.00918271514677,1.99765635341973,2.00694313753785,0.867021792044586,89.6075693065725,0.698109867206157,0.999999999906174,0.999999999771693,0.99658718905964,1.19684555541566,11658.3,18436.1,3190.38675697845,5045.18577239652,43.9817512393144,0.153601152915865,0.181476089487863,1.00120997015446,0.246179209961795,0.130807952625503,2.47305988069628,TRUE,TRUE,TRUE,TRUE,TRUE,TRUE,FALSE,,,,,,,-0.367460388812933,0.618505825007846,0,Fibroblast singlet,Fibroblast singlet,,0,5.12197788143163
PC1_cellid_000161484-1,PC1_A2,PASC,PC1,singlet,Duct2,Acinar,,FALSE,FALSE,526.754335257595,526.632250402752,,,Duct2 singlet,767,649,11125.7346426007,18435.6417524568,161484,TRUE,120.136805603432,52.0233309114565,12.3678183877534,14.0183049126537,12.0136084817759,1.16686879972205,0.515325759312456,179.804452024946,0.557814286673668,0.882175351184196,0.83538115887881,0.713357289607969,1.3389217093827,11124.7421232877,18430.9,3044.37438948537,5043.76275093231,TRUE,35.9997405703327,23.9999914619785,6.77025060794314,6.02053761826529,5.99317210697993,1.00456611424598,0.0952368617726442,179.738377247336,0.785393062327557,0.999999999979201,0.999999999885976,0.99771694242159,1.12838283092796,11117.4751141553,18434.5,3042.38571448997,5044.7479196383,84.137065033099,0.299656215982389,0.427870172936172,2.21932098097988,0.358886411137568,0.0660747776099413,2.79878388990511,TRUE,TRUE,TRUE,TRUE,TRUE,TRUE,FALSE,,,,,,,1.14264567573953,-0.787223788420627,0.0752566903342107,Duct2 singlet,Duct2 singlet,,2.64175437844846,0
PC1_cellid_000161490-1,PC1_A2,PASC,PC1,singlet,Fibroblast,Endothelium,,FALSE,FALSE,193.053762835036,203.672672223828,,,Fibroblast singlet,165,135,11576.8038622059,18378.164010288,161490,TRUE,68.0367462853846,47.9732424487063,9.30736675250658,11.6289902877969,11.6044634398343,1.00211356995069,0.0649136080068362,63.2781892159551,0.371496951699954,0.708717528662826,0.794127211659227,0.50416937756297,1.64067429000584,11581.3001712329,18377.95,3169.31513984832,5029.27256121494,TRUE,27.9911444175741,24.000147934202,5.9698770485537,6.02053761826628,6.0022939440751,1.00303944985305,0.0777900876582732,89.7383772473364,0.610664511155282,0.874469205103306,0.902150422534688,0.77458328459464,1.27967197500448,11577.6997716895,18381.55,3168.32986180409,5030.25772992093,40.0456018678104,0.411412155073515,0.698981738443648,1.39331626119657,0.29940074249837,26.4601880313813,1.66874485197644,TRUE,TRUE,TRUE,TRUE,TRUE,TRUE,FALSE,,,,,,,-0.367460388812933,0.408234256235987,0,Fibroblast singlet,Fibroblast singlet,,0,5.71712737745913
PC1_cellid_000161507-1,PC1_A2,PASC,PC1,singlet,Fibroblast,Bcell,,FALSE,FALSE,147.172400881036,154.37032177428,,,Fibroblast singlet,128,104,11718.85457567,18549.7289171191,161507,TRUE,51.9356786508048,36.0137635956845,8.13182389386677,9.98851604691193,8.01817863450997,1.24573378803419,0.596329550100529,0,0.503197710186666,0.812314053449352,0.849501742038103,0.648468839149923,1.40971289298962,11717.15,18549.2,3206.49152874176,5076.13648924326,TRUE,15.9086037098364,19.977219528594,4.50060699738205,6.02052164296983,3.98163012541803,1.51207456473618,0.750083578495145,179.607569290598,0.500924004044941,0.799450549420445,0.882843811573187,0.663646835503039,1.41290863068401,11709.85,18545.55,3204.49382553238,5075.13763763856,36.0270749409684,0.306313580953404,0.44157355909375,2.23350008752368,0.54932327880711,0.392430709401623,1.81560844824236,TRUE,TRUE,TRUE,TRUE,TRUE,TRUE,FALSE,,,,,,,-0.367460388812933,0.3940440487304,0,Fibroblast singlet,Fibroblast singlet,,0,6.4393503711001
PC1_cellid_000161517-1,PC1_A2,PASC,PC1,singlet,Fibroblast,Duct2,,FALSE,FALSE,258.341937434307,271.042015187849,,,Fibroblast singlet,258,223,11525.8783793125,18789.4397457995,161517,TRUE,107.972636227227,56.0190049037935,11.724974635103,14.1646613090171,11.3200659781382,1.25128787526047,0.601096289504595,134.607569288146,0.432367248693611,0.805631921856085,0.77602429008313,0.673377424781331,1.52080525759348,11524.4,18791.05,3153.74395427485,5142.32067022807,TRUE,8.00897059619044,16.0095537569774,3.19332711692536,5.63100740312663,2.84452951349874,1.97959183442721,0.863028846803984,134.999999994134,0.392670350168409,0.665909090867556,0.852087812267425,0.500011688501577,1.59582749983461,11520.725,18783.75,3152.73826122081,5140.32296701869,99.9636656310362,0.0741759289695765,0.0801188166203329,2.23656804763836,0.381504969252098,0.392430705987948,4.26582375908883,TRUE,TRUE,TRUE,TRUE,TRUE,TRUE,FALSE,,,,,,,0.778035945143064,0.226281661499666,0.46352246207931,Fibroblast singlet,Fibroblast singlet,,0,5.45343103769978
PC1_cellid_000161520-1,PC1_A2,PASC,PC1,singlet,Fibroblast,Duct2,,FALSE,FALSE,141.880909148472,152.884147429247,,,Fibroblast singlet,155,150,11352.9659927961,18216.781132404,161520,TRUE,48.0276125367933,36.014169400746,7.81988845963057,12.0137097263732,6.00227316324951,2.00152665401052,0.866245477433215,89.7389731976336,0.465322503766855,0.827995791066594,0.882605519451303,0.666036619183668,1.46596287369941,11350.5083151256,18210.7,3106.15710811615,4983.50326508217,TRUE,24.0549950460675,24.0551906382253,5.53423625634663,6.00711894116645,6.00674661936618,1.00006198348076,0.011133568505906,89.6102387705198,0.522393217600481,0.800004981176032,0.886764974407558,0.666652831552806,1.38357031306674,11350.5,18207.05,3106.15483261572,4982.50441347748,23.9726174907257,0.500857606082975,1.00343631834694,0.998854196614854,0.255465074525472,0.128734427113798,1.14282610164197,TRUE,TRUE,TRUE,TRUE,TRUE,TRUE,FALSE,,,,,,,0.103594060106733,-0.415777110847433,0.195731262311495,Fibroblast singlet,Fibroblast singlet,,0,0
PC1_cellid_000161564-1,PC1_A2,PASC,PC1,singlet,Fibroblast,Endothelium,,FALSE,FALSE,423.015827225883,426.902536645767,,,Fibroblast singlet,490,389,11528.5712944029,18164.4261530742,161564,TRUE,151.981347393736,60.0137553689073,13.9107390732425,18.0250216119312,11.9954452705162,1.50265548308765,0.74640806968217,89.7389731816163,0.530271818707677,0.863219906419061,0.865200822974665,0.702907411756906,1.3732535371404,11529.3329726652,18162.45,3155.09390157964,4970.29926784207,TRUE,32.0366312716216,32.0464411577046,6.38672888223132,10.7452771332215,5.37263856661153,1.999999998981,0.866025403784397,63.4349488234087,0.392009952119417,0.727045607105313,0.830984690524974,0.554934335138545,1.5971711372938,11536.7168181818,18173.5,3157.11454978323,4973.32318845353,119.944716122114,0.210793178366269,0.267094977625647,3.63691009335004,0.522892431375808,26.3040243582076,3.76200509550561,TRUE,TRUE,TRUE,TRUE,TRUE,TRUE,FALSE,,,,,,,-0.367460388812933,1.05393973159369,0,Fibroblast singlet,Fibroblast singlet,,0,5.8520265318546
PC1_cellid_000161614-1,PC1_A2,PASC,PC1,singlet,Fibroblast,Myeloid,,FALSE,FALSE,465.178085310689,466.783147202326,,,Fibroblast singlet,662,489,11633.8952471959,18129.8276450912,161614,TRUE,132.054591200489,56.0185678950819,12.966770129076,14.0113934563267,14.0045753958973,1.00048684501305,0.0311926245067838,89.8044520245495,0.528809641982843,0.87980511364189,0.844483596665629,0.672980112440331,1.37515077301334,11631.5685153584,18125.55,3183.0714730524,4960.20128860561,TRUE,28.073147529483,24.0550969274339,5.97861535639499,6.00711893453729,6.00674661740413,1.0000619827038,0.011133498733618,179.610238771291,0.609658663410831,0.874789974776592,0.901558986517701,0.778010691004283,1.28072717587436,11635.2503424658,18140.25,3184.07903439882,4964.22406082176,103.981443671006,0.212587440331671,0.269982282758122,4.1470322122982,0.639639966563873,89.8057867467415,3.49407738634052,TRUE,TRUE,TRUE,TRUE,TRUE,TRUE,FALSE,,,,,,,-0.367460388812933,0.907900170573536,0,Fibroblast singlet,Fibroblast singlet,,0,6.18287733192228
PC1_cellid_000161661-1,PC1_A2,PASC,PC1,singlet,Fibroblast,Myeloid,,FALSE,FALSE,349.380260773859,366.281141774109,,,Fibroblast singlet,426,343,11595.9707326417,18108.206211525,161661,TRUE,100.017959928873,47.9726801653981,11.2848049059423,12.0227066063111,11.9954660490172,1.00227090422662,0.0672784111070286,89.7383772492524,0.546134850286602,0.833487271973209,0.849971540378654,0.693519404565198,1.35316281374356,11594.95,18107.5,3173.05052433265,4955.26176217693,TRUE,19.9817993779531,20.0050201284188,5.04396839234489,6.01141578117112,4.00461156110497,1.50112331379388,0.745801901705815,179.738377238791,0.627431722998451,0.908060646250099,0.94108732686498,0.830036958431083,1.2624574899849,11587.6255090707,18114.85,3171.04611898518,4957.273148285,80.0361605509203,0.19978211303415,0.249659644314694,2.83959766036075,0.503260389345835,89.9999999895388,3.12041825679868,TRUE,TRUE,TRUE,TRUE,TRUE,TRUE,FALSE,,,,,,,-0.367460388812933,0.928190054560264,0,Fibroblast singlet,Fibroblast singlet,,0,5.64435138911818
PC1_cellid_000161662-1,PC1_A2,PASC,PC1,singlet,Fibroblast,Endothelium,,FALSE,FALSE,160.066633751091,166.297740722581,,,Fibroblast singlet,135,124,11597.924312475,18583.1261004818,161662,TRUE,48.0268636499322,36.014669491248,7.81982749225949,9.98851604895084,8.01817863654888,1.2457337879717,0.596329550046326,0,0.465302325660009,0.774337271559947,0.823261368116308,0.599663378122118,1.46599465952249,11596.7,18586.15,3173.52942578695,5086.24815137842,TRUE,11.9724543383286,15.9816256750585,3.9043312245628,3.99540641835719,3.99540641794901,0.999999999417231,1.42942218857201e-05,89.9999999883002,0.589048622546332,0.857142857096901,0.926776695137947,0.750000000194366,1.3029400306789,11593.05,18586.15,3172.53057418226,5086.24815137842,36.0544093116035,0.249286616404998,0.332066301004544,0.998851604691481,0.255466403351106,89.9999999883002,1.95774813384835,TRUE,TRUE,TRUE,TRUE,TRUE,TRUE,FALSE,,,,,,,-0.367460388812933,-0.129684884093136,0,Fibroblast singlet,Fibroblast singlet,,0,5.69472927212725
PC1_cellid_000161667-1,PC1_A2,PASC,PC1,singlet,Fibroblast,Myeloid,,FALSE,FALSE,251.790423681461,266.951013240151,,,Fibroblast singlet,186,170,11652.1954414504,18399.5874556502,161667,TRUE,63.9905105444736,40.0100489211845,9.02636408045987,11.9972404220033,8.00730710672455,1.49828653478618,0.744673369057218,89.8434545609043,0.502327870202465,0.842075439150106,0.844340156643568,0.666112720989338,1.41093290723657,11654.4798497268,18399.55,3189.34134239473,5035.18357345092,TRUE,19.9540905638843,19.9770320938239,5.04046993693686,5.99310962651583,3.99540641998792,1.49999999810509,0.745355992155075,90.000000015595,0.628318530716807,0.909090909059928,0.941421356108354,0.833333333279025,1.26156626021336,11654.5,18399.6,3189.34685667767,5035.19725634961,44.0364199805893,0.311828900738303,0.453126992797065,0.014752255185415,0.00326870377069398,0.156545454690658,1.99294707176151,TRUE,TRUE,TRUE,TRUE,TRUE,TRUE,FALSE,,,,,,,-0.367460388812933,-0.0702087109093807,0,Fibroblast singlet,Fibroblast singlet,,0,5.59774470860897
PC1_cellid_000161697-1,PC1_A2,PASC,PC1,singlet,Duct2,Fibroblast,,FALSE,FALSE,156.202415550749,161.740762908318,,,Duct2 singlet,203,191,11320.4668990046,18159.6374743075,161697,TRUE,47.9729437955259,35.9869831735074,7.81543659163203,10.0105583044587,8.00178898387049,1.25104002632584,0.600885729344839,89.6860536694648,0.46549535488181,0.79990759585926,0.869696453063052,0.59889539726445,1.46569067243876,11317.3898630137,18152.35,3097.0939796129,4967.5353223058,TRUE,16.0456500064494,20.0047721166405,4.51995089676773,6.00693277764831,4.00908963041037,1.49832838058378,0.74469007548631,179.610238777146,0.503848490760221,0.800822276180174,0.883005170881741,0.666283068694831,1.40880219199942,11321.0503424658,18159.65,3098.09569900321,4969.53302551519,31.9272937890765,0.334472907718479,0.502568432746829,2.23478407227596,0.571889756984233,89.9241851076814,1.64774284743215,TRUE,TRUE,TRUE,TRUE,TRUE,TRUE,FALSE,,,,,,,-0.367460388812933,-0.983669293915148,0,Duct2 singlet,Duct2 singlet,,0,0
PC1_cellid_000161736-1,PC1_A2,PASC,PC1,singlet,Duct2,Fibroblast,,FALSE,FALSE,346.817708197365,347.711892060448,,,Duct2 singlet,504,440,11206.3749871579,18430.4842298612,161736,TRUE,72.1646106947672,48.0002485655585,9.58555350863974,16.0091370219467,8.01822010202732,1.99659485681057,0.865532515487137,89.7389732106484,0.393592817352173,0.782690448916099,0.856868860845957,0.562183866050462,1.59395632592854,11205.1583427274,18430.5,3066.38092916499,5043.65328774275,TRUE,23.9449086766583,19.97715705115,5.52155816977359,6.01141578204902,3.99536476797999,1.50459748409176,0.747173016525309,89.7383772568584,0.753972804556039,0.999999999968725,0.999999999863015,0.99696516129941,1.15165436785069,11201.45,18426.85,3065.36611160772,5042.65443613806,48.2197020181089,0.33180957318012,0.496579358012209,1.42392387533079,0.297097892380735,0.000595953790039516,2.03199766943307,TRUE,TRUE,TRUE,TRUE,TRUE,TRUE,FALSE,,,,,,,-0.025408632945091,-0.983669293915148,0,Duct2 singlet,Duct2 singlet,,0,0
PC1_cellid_000161801-1,PC1_A2,PASC,PC1,singlet,Duct2,Myeloid,,FALSE,FALSE,130.484665520135,131.248136332854,,,Duct2 singlet,141,134,11011.411950801,18486.0485607033,161801,TRUE,51.9360530942402,35.9868669963603,8.13185320803638,9.98851604691193,8.01817863451046,1.24573378803411,0.596329550100462,90,0.503953804987827,0.812657827348714,0.855932024987898,0.648473514450296,1.40865498185804,11015.35,18489.65,3014.43836266716,5059.84015689823,TRUE,27.9087668622373,24.0001785354054,5.9610859424936,6.03392562579899,5.97956761990572,1.00909062437071,0.13392648164196,89.6102388454139,0.608865781187504,0.874894356257009,0.901670475668424,0.773518871370239,1.28156080412431,11008.000255102,18478.75,3012.42704636979,5056.85728498285,24.0272862320029,0.537367882118843,1.1615446946917,3.59762673322622,0.884823331740075,0.389761154586139,1.08538363277139,TRUE,TRUE,TRUE,TRUE,TRUE,TRUE,FALSE,,,,,,,-0.367460388812933,-0.983669293915148,0,Duct2 singlet,Duct2 singlet,,0,0
PC1_cellid_000161809-1,PC1_A2,PASC,PC1,singlet,Duct2,Endothelium,,FALSE,FALSE,352.909281556327,358.219258125248,,,Duct2 singlet,447,380,11273.4748384449,18137.9124768836,161809,TRUE,48.0545724640006,32.0189200923694,7.82208296852616,8.01817863654888,8.01817863247155,1.00000000016721,3.1890751382689e-05,89.9999999854305,0.58902160008552,0.857139040636093,0.853544596040089,0.747451921464269,1.30296991826755,11273.4748287671,18137.95,3085.07628031776,4963.59464748182,TRUE,8.00897059619154,12.01377248186,3.19332711692558,4.02277221574559,1.99770321019755,2.01369862635258,0.867980294153839,179.999999988401,0.697312992711752,0.999999999906494,0.999999999772213,0.996598639057657,1.19752922500739,11273.475,18134.25,3085.076327177,4962.58211297843,40.045601867809,0.166664069283411,0.19999625977977,1.01253450447003,0.258891271277808,89.9999999970294,2.31437792580029,TRUE,TRUE,TRUE,TRUE,TRUE,TRUE,FALSE,,,,,,,-0.367460388812933,-0.805697252125094,0,Duct2 singlet,Duct2 singlet,,0,0
PC1_cellid_000161821-1,PC1_A2,PASC,PC1,singlet,Fibroblast,Duct2,,FALSE,FALSE,213.441231117197,225.749235110306,,,Fibroblast singlet,193,161,11536.9691314744,18700.878809806,161821,TRUE,60.0270268023311,35.9866951885672,8.74235576247075,10.0091691373874,8.01138392414119,1.24936830249855,0.599460300206026,89.8037823473784,0.582468932560792,0.881924158143668,0.870454256674221,0.748585240507849,1.31027850577834,11538.6748287671,18699.6,3157.65037499286,5117.29464851601,TRUE,11.9997887089668,15.9819068206206,3.90878568262869,4.02277221656096,3.99540641794901,1.00684931468641,0.116443830945525,90,0.590372710795318,0.857421874954255,0.92798115194994,0.746598639497904,1.30147809319332,11536.875,18706.95,3157.1578374991,5119.30603462409,48.0272380933643,0.199906431256091,0.249853815935466,2.07081318774077,0.473742601940988,0.19621765262157,2.41678503992103,TRUE,TRUE,TRUE,TRUE,TRUE,TRUE,FALSE,,,,,,,-0.367460388812933,0.304440131334599,0,Fibroblast singlet,Fibroblast singlet,,0,5.56094066482089
PC1_cellid_000161826-1,PC1_A2,PASC,PC1,singlet,Fibroblast,Myeloid,,FALSE,FALSE,192.850570378455,202.845251454837,,,Fibroblast singlet,138,116,11807.0968276556,18697.8316661875,161826,TRUE,52.1000593180466,39.9821484656135,8.14468267072355,12.5272170003612,7.17419483607909,1.74614953758759,0.819772971276151,116.329912507713,0.409558389723503,0.764232554299166,0.807366529656355,0.579709543809611,1.56257937074034,11805.4165525114,18698.65,3230.64637466411,5117.03467344082,TRUE,16.0733588205144,19.9775943849445,4.52385190595322,6.02052164349377,4.00918271476759,1.50168302811644,0.746023612290818,89.6075693179008,0.506092756677238,0.80109734246044,0.884771059482283,0.665911735606769,1.40567505803073,11809.05,18695,3231.64069654206,5116.03582183613,36.0267004975322,0.308509414918492,0.446151287630513,1.4093901252576,0.346088406086792,26.7223431898127,1.81041538238517,TRUE,TRUE,TRUE,TRUE,TRUE,TRUE,FALSE,,,,,,,-0.367460388812933,0.0410186926572139,0,Fibroblast singlet,Fibroblast singlet,,0,6.23096632373065
PC1_cellid_000161832-1,PC1_A2,PASC,PC1,singlet,Duct2,Myeloid,,FALSE,FALSE,244.543383005186,248.819992584494,,,Duct2 singlet,297,274,11059.6824751399,18256.3216271218,161832,TRUE,107.944552969724,48.0279269012093,11.7234497260752,12.0068606336926,11.9999255067085,1.00057793060816,0.0339832375162718,179.803782342943,0.588061725944666,0.885225866473779,0.84541533584609,0.749191277400728,1.30403288269438,11061.9748287671,18255.6,3027.19761884045,4995.79050810974,TRUE,16.0729843770798,16.0365440670875,4.523799212035,4.02286529601942,4.02267913667725,1.00004627677206,0.0096202120736622,89.6102388046805,0.785389014901695,0.999999999953343,0.999999999829354,0.993220417808146,1.12838573816541,11054.725170068,18270.3,3025.21369192947,4999.81328032589,91.871568592644,0.14890037462195,0.174950581790951,4.48538318219862,0.765198517390371,89.8064564617372,3.59982525702008,TRUE,TRUE,TRUE,TRUE,TRUE,TRUE,FALSE,,,,,,,0.152397537602261,-0.983669293915148,0,Duct2 singlet,Duct2 singlet,,0,0
PC1_cellid_000161842-1,PC1_A2,PASC,PC1,singlet,Duct2,Fibroblast,,FALSE,FALSE,332.887062766723,334.293687697946,,,Duct2 singlet,395,343,11207.4549776898,18398.0864812305,161842,TRUE,59.945023690423,39.9822421764059,8.73638224167949,12.7181845129189,7.07750167052823,1.79698784967606,0.830856457445408,134.804452028544,0.471225419133101,0.832575773326535,0.824172019884083,0.665959830758329,1.45675207423856,11208.6664383562,18397.6,3067.34094750695,5034.64994040184,TRUE,15.9906068217434,20.0045853193898,4.51219159054174,5.99310962814756,3.99540641794951,1.49999999927878,0.745355992621642,90.0000000077999,0.502129460386918,0.800273597781277,0.882030739376581,0.667808219293469,1.41121163494575,11194.1,18404.95,3063.35472549964,5036.66132650991,43.9544168686796,0.266754533314674,0.363799771610661,4.46493448634395,1.02214723500105,44.8044520207445,2.11209532556888,TRUE,TRUE,TRUE,TRUE,TRUE,TRUE,FALSE,,,,,,,0.000863495028994359,-0.798994996109577,0.0707472355127477,Duct2 singlet,Duct2 singlet,,0,0
PC1_cellid_000161854-1,PC1_A2,PASC,PC1,singlet,Fibroblast,Endothelium,,FALSE,FALSE,140.009441683147,149.589141981491,,,Fibroblast singlet,133,118,11830.6240768842,18269.4030854831,161854,TRUE,36.0267004975348,27.9956324441987,6.77278522764389,7.99770110731176,6.01369242783459,1.32991522257685,0.659245660854218,179.803782332978,0.577635381775651,0.857506996294972,0.903683308448594,0.74906258914635,1.31574917456345,11833.05,18271,3238.20848791538,5000.00484090761,TRUE,11.9724543383297,15.9816256750605,3.90433122456298,3.99540641917256,3.99540641794951,0.999999999621182,2.47432199968884e-05,90.0000000116998,0.589048622546239,0.857142857096812,0.926776695137928,0.750000000041284,1.302940030679,11829.4,18271.05,3237.20963631069,5000.01852380631,24.0542461592051,0.332321699452486,0.497727272520274,0.998945318778576,0.294988038820835,89.8037823212782,1.43422700154046,TRUE,TRUE,TRUE,TRUE,TRUE,TRUE,FALSE,,,,,,,-0.367460388812933,1.18938884424534,0,Fibroblast singlet,Fibroblast singlet,,0,6.4010939050109
PC1_cellid_000161860-1,PC1_A2,PASC,PC1,singlet,Duct2,Fibroblast,,FALSE,FALSE,131.916048408778,139.308302598808,,,Duct2 singlet,117,109,11570.5973132969,18830.3419854281,161860,TRUE,20.0087593051561,19.9772820006646,5.04736996745953,5.99310962814706,4.02277221696914,1.48979591705182,0.741246534587373,7.79511603123291e-09,0.630024188412918,0.909316770155408,0.942384628756509,0.829931972595164,1.25985739045863,11570.225,18831.05,3166.28433092826,5153.26698918359,TRUE,3.9908181127773,7.99081283752975,2.2541666835071,1.99770321101391,1.99770320856682,0.999999999855089,4.94965122360535e-05,0,0.785398163388318,0.999999999812348,0.999999999657534,0.99999999940405,1.12837916550208,11572.05,18827.45,3166.78375673061,5152.28182047759,16.0179411923788,0.199453551812898,0.249146757523659,1.10452863762082,0.437665017767703,7.79511603123291e-09,1.39660164197621,TRUE,TRUE,TRUE,TRUE,TRUE,TRUE,FALSE,,,,,,,0.394134247785962,-0.562079450820155,0.161507672013058,Duct2 singlet,Duct2 singlet,,5.14714657293082,0
PC1_cellid_000161880-1,PC1_A2,PASC,PC1,doublet_certain,Fibroblast,Duct2,Duct2__Fibroblast,FALSE,FALSE,325.735278026187,349.201901191665,TRUE,spatially_supported_contact,Supported Duct2-Fibroblast doublet,442,371,11931.2610983985,18147.637488224,161880,TRUE,96.0541017432969,48.0003488083681,11.0589276502553,12.0082167758226,12.0081418012961,1.0000062434131,0.00353371830364774,89.8430256564783,0.523886240809308,0.827796404513722,0.851125651609931,0.666133980068412,1.38159738853373,11931.2872013652,18157.3,3265.0918814014,4968.88992927655,TRUE,16.0456500064477,20.0320441966448,4.51995089676749,5.99310962937011,4.02277221696914,1.48979591735585,0.741246534711416,7.79511602964212e-09,0.502477523068308,0.800822276180089,0.882192445461853,0.665548410853916,1.41072278204004,11931.275,18146.45,3265.08854240053,4965.92074025986,80.0084517368491,0.167048045982034,0.200549437667123,2.96919089412082,0.536976275214627,89.8430256486832,3.26948837674388,TRUE,TRUE,TRUE,TRUE,TRUE,FALSE,TRUE,PC1_A2,7.99778286991659,26.1397641592135,TRUE,TRUE,30,-0.0112907974812493,-0.200129888469834,0.147994619025897,Supported Duct2-Fibroblast,Supported Duct2-Fibroblast,26.1397641592135,0,4.23226863076191
PC1_cellid_000161899-1,PC1_A2,PASC,PC1,singlet,Fibroblast,Myeloid,,FALSE,FALSE,270.684171242551,278.489670880412,,,Fibroblast singlet,244,213,11623.253350711,18388.4567286869,161899,TRUE,104.145824338259,48.0281023291937,11.5153194470025,13.9976519063364,10.0297043562214,1.39561959210038,0.69755871036163,89.6075692868632,0.567362818446016,0.866693672774032,0.860117030830865,0.741820005054282,1.32760709350384,11621.5449790403,18385.15,3180.32845241242,5031.24289862693,TRUE,11.9724543383319,15.9817506323876,3.90433122456333,6.00229394573058,1.99768238260228,3.00462875869651,0.942990439136402,89.7383772468992,0.589039411333464,0.999999999937449,0.999999999828768,0.998480274866979,1.30295021812207,11621.6,18396.05,3180.34350933676,5034.22577054231,92.1733699999271,0.114958563276589,0.129890600040364,2.98290991726688,0.518076797750077,0.130807960035952,3.80549411121956,TRUE,TRUE,TRUE,TRUE,TRUE,TRUE,FALSE,,,,,,,-0.367460388812933,0.556342930584311,0,Fibroblast singlet,Fibroblast singlet,,0,5.66256194900254
PC1_cellid_000161900-1,PC1_A2,PASC,PC1,doublet_certain,Duct2,Fibroblast,Duct2__Fibroblast,FALSE,FALSE,335.352113043836,377.921244238943,TRUE,spatially_supported_contact,Supported Duct2-Fibroblast doublet,404,334,11610.8035962159,18768.1147126693,161900,TRUE,84.1093562190383,44.0045614457997,10.348495466506,14.0022702711211,8.0182200032755,1.74630656936604,0.819808944664826,89.738377259804,0.545831730487083,0.874895324147503,0.877206010611591,0.749148448652656,1.35353849131084,11612.0083047945,18765.15,3177.71866546068,5135.23292870437,TRUE,11.9997887089634,15.9819068206196,3.90878568262813,4.02277221533791,3.99540641876438,1.00684931417482,0.116443826641156,179.999999982587,0.590372710795224,0.857421874954012,0.926777983245005,0.746598639572318,1.30147809319343,11604.7625,18783.45,3175.73579320142,5140.24086962652,72.1095675100749,0.142668892581781,0.16641049338734,5.38620967622528,1.04096478241666,89.7383772772166,3.21985489193895,TRUE,TRUE,TRUE,TRUE,TRUE,FALSE,TRUE,PC1_A2,17.0204917461671,9.90759133942032,TRUE,TRUE,30,0.113206629293225,0.157368449664406,0.199725450892547,Supported Duct2-Fibroblast,Supported Duct2-Fibroblast,17.0204917461671,3.24853074860739,5.69719315593521
PC1_cellid_000161917-1,PC1_A2,PASC,PC1,singlet,Fibroblast,Tcell,,FALSE,FALSE,155.846572743174,161.371316461456,,,Fibroblast singlet,142,127,11445.9156367362,18195.973764468,161917,TRUE,60.0543611729708,40.0367854280924,8.74434602924852,10.0249831409943,8.0091398169383,1.2516928617437,0.601439918643761,179.739566433232,0.470799523422424,0.833457187242887,0.802761810184349,0.747954234586489,1.45741083044001,11445.4371575342,18199.35,3132.13514279323,4980.39724707854,TRUE,32.008548014119,24.0002416449934,6.38392897055806,6.02047542635133,5.99310962814706,1.00456620972302,0.0952378506809378,90,0.69830412765661,0.941307962495648,0.951236439230148,0.887121211982645,1.19667906986822,11445.45,18195.75,3132.13865723639,4979.41207837254,28.0458131588518,0.532992898160998,1.14129505967287,0.985174974603594,0.225328450876726,89.7395664332323,1.18020852934523,TRUE,TRUE,TRUE,TRUE,TRUE,TRUE,FALSE,,,,,,,-0.367460388812933,0.569660828606849,0,Fibroblast singlet,Fibroblast singlet,,0,5.64435138911818
PC1_cellid_000161945-1,PC1_A2,PASC,PC1,singlet,Duct2,Myeloid,,FALSE,FALSE,685.216746511722,703.604987228771,,,Duct2 singlet,1220,950,11168.2748593385,18291.0701880239,161945,TRUE,308.17293675221,84.0421411962845,19.8085327495522,21.2308823522003,19.8215142648917,1.07110294730982,0.35827246435389,44.8694859218604,0.548289771011,0.894974646500839,0.79744417566851,0.732300994475489,1.35050105592184,11168.0826484018,18291.6,3056.23486977535,5005.64219516971,TRUE,32.0370057150558,28.0230113351625,6.38676620609487,8.01834495726703,6.00229394407625,1.33588008656669,0.663055565247952,179.738377264472,0.512663239856379,0.80000561018811,0.861483892061329,0.665656110036059,1.39663818219378,11164.4376712329,18295.4,3055.23739270843,5006.68209547048,276.135931037154,0.103957881738902,0.116018967881384,1.44095563241553,0.145488376062909,45.1311086573885,6.71088327172866,TRUE,TRUE,TRUE,TRUE,TRUE,TRUE,FALSE,,,,,,,0.992421319704541,-0.983669293915148,0,Duct2 singlet,Duct2 singlet,,0,0
PC1_cellid_000161994-1,PC1_A2,PASC,PC1,singlet,Duct2,Fibroblast,,FALSE,FALSE,172.342744434586,180.297673842752,,,Duct2 singlet,200,174,11323.6472,18197.395847619,161994,TRUE,47.8351486120537,31.9637511637991,7.80420417731046,7.99997632721317,7.99997632704652,0.999999999678757,6.4545425088893e-06,89.7383772496132,0.588357792008819,0.887868004769317,0.890159179259669,0.747428620493219,1.30370474165534,11321.2328767123,18196.15,3098.14565095529,4979.5215415621,TRUE,27.9083924187987,24.0002416449924,5.96104595332074,6.02047542512828,5.9931096273312,1.0045662096557,0.0952378499836649,3.87510455145317e-09,0.608854410194201,0.874143835595896,0.901333988383182,0.773484848626408,1.28157277131304,11321.2,18199.85,3098.13665398081,4980.53407606548,19.926756193255,0.583428571306496,1.40054869614152,1.01257447434477,0.259494613094243,89.7383772457381,0.921579111994864,TRUE,TRUE,TRUE,TRUE,TRUE,TRUE,FALSE,,,,,,,-0.367460388812933,-0.983669293915148,0,Duct2 singlet,Duct2 singlet,,0,0
PC1_cellid_000162008-1,PC1_A2,PASC,PC1,singlet,Duct2,Fibroblast,,FALSE,FALSE,470.669450866391,481.671152451164,,,Duct2 singlet,662,563,11379.3619586702,18656.2595402017,162008,TRUE,116.063235491874,52.0508282545715,12.1563276164376,16.0145844254098,10.0104984891456,1.59977891594475,0.780555588434295,89.6869114235957,0.53833082463892,0.865114851093371,0.847920920005053,0.723974543069045,1.36293572663696,11381.4296448087,18663.65,3114.61897654716,5107.45664435474,TRUE,28.0454387154089,24.0001476502105,5.97566411555278,6.02053762020877,6.01133285606096,1.00153123469078,0.0552761303258987,89.7395664321857,0.611849028860605,0.875428077167814,0.903282846460488,0.774918782460006,1.27843267545445,11381.4248863636,18667.35,3114.61767436071,5108.46917885812,88.0177967764651,0.241639297699538,0.318633727943093,1.01253534073349,0.166585727370245,0.0526550085900368,3.09033175044241,TRUE,TRUE,TRUE,TRUE,TRUE,TRUE,FALSE,,,,,,,0.353012447707126,-0.789361356362885,0.0744378052785617,Duct2 singlet,Duct2 singlet,,0,0
PC1_cellid_000162011-1,PC1_A2,PASC,PC1,singlet,Duct2,Fibroblast,,FALSE,FALSE,331.295073979334,337.450338018244,,,Duct2 singlet,422,367,11050.1338733914,18146.3008066058,162011,TRUE,120.109471232801,55.9917552901478,12.3664113012156,16.1021766158274,11.6473518581876,1.38247533071005,0.690491807840275,116.329912500066,0.481436434660769,0.811148845991227,0.826833412232188,0.640420866370847,1.44122080488283,11043.3417249091,18153.4,3022.09852139143,4967.82266317839,TRUE,27.9364756763017,23.9730632757795,5.96404439718546,6.02047542757487,5.99310962692401,1.00456621013219,0.0952378549188743,89.9999999805961,0.610849773947054,0.875002931980506,0.902361363577141,0.774263179622318,1.27947790635472,11050.55,18131.45,3024.07112334802,4961.81587065155,92.1729955564996,0.232591779709263,0.303087422781508,6.32239787894317,1.02251133570118,26.3299125194699,3.20118345201507,TRUE,TRUE,TRUE,TRUE,TRUE,TRUE,FALSE,,,,,,,-0.00629142021726375,-0.802922482472107,0.0692426471322057,Duct2 singlet,Duct2 singlet,,0,3.20666892143315
PC1_cellid_000162036-1,PC1_A2,PASC,PC1,singlet,Duct2,Endothelium,,FALSE,FALSE,241.672228015025,245.130720889451,,,Duct2 singlet,252,239,11052.702112566,18489.9441742971,162036,TRUE,35.945446272491,31.9637574111784,6.76514328357417,10.0159192322018,5.98768897077431,1.67275208791096,0.801632443144939,179.843025651593,0.442117893393214,0.782741638251432,0.868116811128009,0.599368387461342,1.50394153564711,11051.9246575342,18493.2,3024.44730934363,5060.81164270553,TRUE,7.98238511242085,11.9867815474173,3.18802264522062,4.00918271412203,1.99784378435841,2.006754852416,0.866994923222029,179.607569258339,0.698131701562142,0.999999999906036,0.9999999997717,0.996587190129248,1.19682683935098,11048.25,18493.2,3023.44171000808,5060.81164270553,27.9630611600701,0.22206943960824,0.285461776300968,1.00559933555405,0.297288406299619,0.235456393254367,1.78856031917678,TRUE,TRUE,TRUE,TRUE,TRUE,TRUE,FALSE,,,,,,,0.18086606793407,-0.983669293915148,0,Duct2 singlet,Duct2 singlet,,3.70579899997254,0
PC1_cellid_000162069-1,PC1_A2,PASC,PC1,singlet,Fibroblast,Duct2,,FALSE,FALSE,399.856250304753,411.53863883123,,,Fibroblast singlet,457,349,11831.7539411333,18900.5046052621,162069,TRUE,151.872009911195,59.9600458572927,13.9057343839635,18.0068520274067,11.9863242223594,1.50228307604974,0.746260951088011,89.843025658437,0.530840062846837,0.863936507391828,0.824501122050685,0.703645515090882,1.3725183324407,11831.7547260274,18903.1,3237.8540258644,5172.98404620222,TRUE,15.9913557086065,20.004835226229,4.51229724886605,6.02053762030472,4.00461155906738,1.50340114824836,0.746702227856662,179.73837724733,0.50214043054264,0.799187843826434,0.882608164083547,0.663268867152201,1.4111962196406,11846.35,18895.85,3241.84813896809,5171.00002589153,135.880654202588,0.105294950115589,0.117686773008817,4.45973946304427,0.641424513583854,89.8953515888932,4.69671856754871,TRUE,TRUE,TRUE,TRUE,TRUE,TRUE,FALSE,,,,,,,-0.367460388812933,0.495100923542284,0,Fibroblast singlet,Fibroblast singlet,,0,5.86109788199038
PC1_cellid_000162077-1,PC1_A2,PASC,PC1,singlet,Duct2,Fibroblast,,FALSE,FALSE,227.589639078881,230.649972924616,,,Duct2 singlet,227,212,11352.3983811479,18853.0871918887,162077,TRUE,59.9996924316944,40.0090204429941,8.74036504248995,12.0067904232257,8.0182253340961,1.4974373903002,0.744333978744679,179.80445202139,0.471024016184041,0.76936779483678,0.911247061301161,0.623223522995183,1.45706348384603,11349.2251706485,18853.85,3105.80596539833,5159.50639098823,TRUE,23.999951861365,20.0046162819345,5.52790084766634,6.02053762020878,3.99548953840258,1.50683353271706,0.748049164005045,179.739566432181,0.753632786248784,0.99999999996885,0.999999999863203,0.99771177602369,1.15191413588297,11352.8751712329,18853.85,3106.80481716295,5159.50639098823,35.9997405703294,0.400001248084519,0.66667013357532,0.998851764620667,0.22856065106647,0.0648855892088989,1.60623209741181,TRUE,TRUE,TRUE,TRUE,TRUE,TRUE,FALSE,,,,,,,0.0614184354839018,-0.983669293915148,0,Duct2 singlet,Duct2 singlet,,0,0
PC1_cellid_000162078-1,PC1_A2,PASC,PC1,singlet,Fibroblast,Myeloid,,FALSE,FALSE,218.759419254663,225.126690326002,,,Fibroblast singlet,253,186,11833.0161904723,18774.9656963927,162078,TRUE,92.1179523717852,52.0501114879671,10.8299685936658,14.0113856257265,12.002743636264,1.16734857022183,0.515911049528091,179.843025651825,0.427278274985461,0.835397947604705,0.847752578249156,0.547750344689384,1.52983500509956,11834.9651369863,18775.35,3238.73258042277,5138.02424003803,TRUE,16.0183156358126,20.0052387887224,4.51609930222601,6.02052164349283,4.00918271272814,1.50168302888011,0.746023612593102,89.6075692790923,0.502966699105784,0.799443105126127,0.882591920896773,0.663631322555611,1.41003659381244,11831.2875,18775.35,3237.7261657364,5138.02424003803,76.0996367359726,0.173889184699029,0.210491354765374,1.00641468636695,0.185857359752088,89.7645436272671,3.15693464571989,TRUE,TRUE,TRUE,TRUE,TRUE,TRUE,FALSE,,,,,,,-0.367460388812933,1.0526862216684,0,Fibroblast singlet,Fibroblast singlet,,0,6.38668633019273
PC1_cellid_000162081-1,PC1_A2,PASC,PC1,singlet,Duct2,Fibroblast,,FALSE,FALSE,89.852731337733,99.6597432392804,,,Duct2 singlet,117,109,11347.9766890287,18191.6157016312,162081,TRUE,36.0008639006286,27.9687508401065,6.77035623604171,8.00922312424922,6.01141578117062,1.33233557819944,0.660800422754978,179.738377258083,0.578331232032717,0.857426961066251,0.875157251557673,0.747731648201771,1.31495737920527,11346.7621575342,18192.45,3105.13194221983,4978.50900705871,FALSE,20.0368425626564,19.9775631462237,5.05091083888903,6.01141578350277,4.01373339768264,1.4977117769892,0.744443727248868,179.738377253297,0.630890700201992,0.909432358908585,0.942385439581465,0.830431847641335,1.25899190267535,11344.9001712329,18188.85,3104.62239482121,4977.52383835272,15.9640213379723,0.55656560388099,1.25512501680546,1.10914197951396,0.327646563214213,4.78581796414801e-09,0.859722698576341,TRUE,TRUE,TRUE,TRUE,TRUE,TRUE,FALSE,,,,,,,-0.367460388812933,-0.726037738940831,0,Duct2 singlet,Duct2 singlet,,0,0
PC1_cellid_000162092-1,PC1_A2,PASC,PC1,singlet,Fibroblast,Acinar,,FALSE,FALSE,129.428881033973,130.731465944357,,,Fibroblast singlet,127,112,11836.2494835831,18419.2722749739,162092,TRUE,56.0365831329858,44.0045143092972,8.44677415329408,13.36363704651,8.55354595133276,1.56235052904021,0.768323905124175,21.476790989484,0.363652892425916,0.700383295964398,0.808569934920049,0.490231012189441,1.65827470722944,11837.2914383562,18424.45,3239.3691913423,5041.99765700073,TRUE,15.9363125239038,20.0047721166405,4.50452475880559,6.02033612158633,3.98191062377481,1.51192145838312,0.750024524811624,179.610238759716,0.50041519104709,0.799729414829568,0.882031840930429,0.664776396698134,1.41362675799106,11833.6496575342,18420.85,3238.37258898123,5041.01248829473,40.100270609082,0.284391224983149,0.397411595429991,1.40134708240526,0.331806451470161,21.8665522297682,1.97112469724425,TRUE,TRUE,TRUE,TRUE,TRUE,TRUE,FALSE,,,,,,,-0.367460388812933,0.363722925658519,0,Fibroblast singlet,Fibroblast singlet,,0,6.1600271844295
PC1_cellid_000162101-1,PC1_A2,PASC,PC1,singlet,Fibroblast,Bcell,,FALSE,FALSE,364.98916923511,377.772028279105,,,Fibroblast singlet,337,253,11653.3035552713,18204.9721260867,162101,TRUE,91.8992774067062,43.977589845714,10.8171065505894,14.0113921082171,8.00909816617933,1.74943443228062,0.820523143048493,89.7383772551225,0.597116554196529,0.901821802836022,0.904074856813337,0.818930776658556,1.2941077679913,11653.7726027397,18205.9,3189.14779861722,4982.18970680751,TRUE,16.0183156358135,16.0092719870852,4.51609930222613,4.02286529304633,3.99550013615045,1.00684899341961,0.116441127851291,179.607569280194,0.785386704395208,0.999999999953248,0.999999999829063,0.99657550163535,1.12838739794555,11653.7251712329,18194.95,3189.13481860715,4979.19315199343,75.8809617708927,0.174302955214548,0.21109795210644,2.99658292633601,0.55404518884623,89.8691920250714,3.15050362418166,TRUE,TRUE,TRUE,TRUE,TRUE,TRUE,FALSE,,,,,,,-0.367460388812933,0.678315396949088,0,Fibroblast singlet,Fibroblast singlet,,0,6.1649501988288
PC1_cellid_000162106-1,PC1_A2,PASC,PC1,singlet,Fibroblast,Acinar,,FALSE,FALSE,359.624935274505,365.16836388887,,,Fibroblast singlet,408,325,11716.3815837437,18152.1111199245,162106,TRUE,84.0269786636938,51.9959051679837,10.3434265144213,15.9493062597733,9.65180427096366,1.65246888638561,0.796107584592671,21.6122259921488,0.390562305767479,0.724146387895538,0.8158624408122,0.545843878620466,1.60012841275324,11715.7,18154.5,3206.09472467962,4968.12368694966,TRUE,8.00897059618772,12.013772481858,3.19332711692482,4.02277221574559,1.99770320978937,2.01369862676403,0.867980294211892,179.999999994201,0.697312992711651,0.999999999906494,0.999999999772213,0.996598639260812,1.19752922500747,11712.025,18154.55,3205.08903162558,4968.13736984836,76.0180080675061,0.095314275517264,0.10535622806667,1.00578613067455,0.194478324436772,21.6122259979483,3.57504969874822,TRUE,TRUE,TRUE,TRUE,TRUE,TRUE,FALSE,,,,,,,-0.367460388812933,0.626065218039993,0,Fibroblast singlet,Fibroblast singlet,,0,6.29196847883865
PC1_cellid_000162138-1,PC1_A2,PASC,PC1,doublet_certain,Duct2,Fibroblast,Duct2__Fibroblast,FALSE,FALSE,335.036392741063,363.140023641637,TRUE,spatially_supported_contact,Supported Duct2-Fibroblast doublet,492,434,11907.243100134,18940.8042018636,162138,FALSE,188.035756705339,60.0141529330485,15.4730268939674,16.0001188837221,14.0204726754053,1.14119682346134,0.481814875876279,89.7395664335837,0.656059071356801,0.92162141825126,0.884369388140247,0.838213357347819,1.23460641001363,11908.6540999689,18943.05,3258.8981527305,5183.91668225904,TRUE,31.9269193456434,24.0001472966831,6.375783579486,6.02053761902472,5.99304714944522,1.0045870599955,0.0954535562653799,89.7383772477436,0.696528778524817,0.941177119876803,0.950429525359703,0.884858946525215,1.19820317853438,11893.9914965986,18939.5,3254.88561440026,5182.94519645174,156.108837359695,0.16979174548156,0.204517052868919,4.12846806036241,0.533634185905239,0.00118918584007588,4.54862165724068,TRUE,TRUE,TRUE,TRUE,TRUE,FALSE,TRUE,PC1_A2,18.0189782537054,12.0321567341391,TRUE,TRUE,30,0.13566445260443,-0.149289297320494,0.209057064500171,Supported Duct2-Fibroblast,Supported Duct2-Fibroblast,18.0189782537054,0,3.72931112856679
PC1_cellid_000162177-1,PC1_A2,PASC,PC1,singlet,Duct2,Myeloid,,FALSE,FALSE,281.42908407548,286.918682739335,,,Duct2 singlet,278,246,11379.2905749477,18918.2855747916,162177,TRUE,47.9721949086585,36.0687744277707,7.81537558953163,9.98851604609607,8.01817863614169,1.24573378767892,0.596329549792361,179.99999999064,0.463379356367718,0.77415222487167,0.844577102791764,0.598980784467323,1.46903336208113,11378.7,18923.1,3113.87198747937,5178.45720567998,TRUE,7.98163622555344,11.9864066910643,3.18787309566509,4.00918271481833,1.99765635194286,2.00694313885717,0.867021792232827,179.607569292853,0.698109867206267,0.999999999906097,0.999999999771693,0.996587189878049,1.19684555541556,11386,18915.8,3115.86969068875,5176.4595024706,39.990558683105,0.16638046766647,0.199588014931374,2.82517897230371,0.722979703971778,0.392430697787233,2.31375124693327,TRUE,TRUE,TRUE,TRUE,TRUE,TRUE,FALSE,,,,,,,-0.367460388812933,-0.983669293915148,0,Duct2 singlet,Duct2 singlet,,0,0
PC1_cellid_000162179-1,PC1_A2,PASC,PC1,singlet,Fibroblast,Myeloid,,FALSE,FALSE,259.601704739883,263.414215066716,,,Fibroblast singlet,190,153,11599.1764277859,18404.5145599254,162179,TRUE,55.9542055776479,32.0183169358114,8.44056320607234,10.0159192291997,5.99316202622434,1.67122450232439,0.801224648773478,89.8434545438818,0.685875989480057,0.965566482715836,0.962843184563633,0.932150209271574,1.20747236493164,11599.705003357,18407.1,3174.35176891716,5037.24969115377,TRUE,19.9817993779539,20.0046475206557,5.04396839234499,6.02053762020877,3.99548953148587,1.50683353532558,0.748049165024265,89.7395664321904,0.627455096377869,0.909205527033591,0.941502221029988,0.830671523643024,1.26243397581402,11596.0581818182,18407.1,3173.35378712371,5037.24969115377,35.972406199694,0.357109875264942,0.555475751649026,0.997981793449526,0.236472796120246,0.10388811169139,1.69829740686367,TRUE,TRUE,TRUE,TRUE,TRUE,TRUE,FALSE,,,,,,,0.0810501150860138,0.0645184011938762,0.186363863645574,Fibroblast singlet,Fibroblast singlet,,0,6.36293735532134
PC1_cellid_000162187-1,PC1_A2,PASC,PC1,singlet,Fibroblast,Endothelium,,FALSE,FALSE,153.345063083618,155.94315179065,,,Fibroblast singlet,150,136,11576.053843452,18542.3987179672,162187,TRUE,51.8813843529609,31.9635949751672,8.12757222015245,10.0022340104029,5.99316819974172,1.66893931097524,0.80061212718526,179.803782331855,0.638131498425465,0.928572385956685,0.926777482405395,0.865482076542276,1.25182871329745,11578.2997716895,18542.35,3168.49405658842,5074.26193212212,TRUE,8.00934503962089,12.0139592791102,3.19340176486983,4.02286529602042,1.99784314830945,2.01360416803198,0.867966965667667,89.6102388046806,0.697323909209549,0.999999999906498,0.999999999772217,0.996552364858319,1.19751985140346,11578.299829932,18546,3168.49407252694,5075.26078372681,43.87203931334,0.154378013192318,0.182561493907121,0.998851604818645,0.245793350167727,89.8064564728258,2.46708522764131,TRUE,TRUE,TRUE,TRUE,TRUE,TRUE,FALSE,,,,,,,-0.367460388812933,-0.180198105278689,0,Fibroblast singlet,Fibroblast singlet,,0,0
PC1_cellid_000162188-1,PC1_A2,PASC,PC1,singlet,Duct2,Fibroblast,,FALSE,FALSE,169.518138606682,172.975289918847,,,Duct2 singlet,184,176,11254.7835065626,18238.264759234,162188,TRUE,35.917737458419,31.9912256602148,6.76253530042354,8.00454251613518,7.99770110668367,1.00085542165446,0.0413358349935145,179.803782349228,0.441018773521794,0.749996090622913,0.86444722054037,0.561057389182783,1.50581445295406,11251.95625,18243.95,3079.1875496514,4992.60239271394,TRUE,20.036468119219,20.0322922084202,5.0508636435975,6.011290826454,4.01373339950023,1.49768064393713,0.744431278598743,179.738377252673,0.627436443923327,0.908303910887095,0.940207507851056,0.830433590277375,1.26245274051835,11255.5878378378,18236.65,3080.1813626211,4990.60468950456,15.8812693392001,0.557843269967553,1.26164147705411,2.23125129277594,0.659886030032947,0.0654050965547128,0.855835828413025,TRUE,TRUE,TRUE,TRUE,TRUE,TRUE,FALSE,,,,,,,0.220975688898419,-0.70248607959606,0.107719023827602,Duct2 singlet,Duct2 singlet,,0,0
PC1_cellid_000162196-1,PC1_A2,PASC,PC1,singlet,Duct2,Myeloid,,FALSE,FALSE,240.883930364707,242.257663250186,,,Duct2 singlet,267,247,11419.2582122639,18529.2593896467,162196,TRUE,32.0362568281857,28.0504102597369,6.38669155814949,8.0455444335301,5.9931096273312,1.3424657531985,0.667178409965262,2.89973809908973e-09,0.51165025580163,0.842560860300106,0.874149662947672,0.66440685861295,1.39802005646293,11417.437244898,18528.35,3124.47274343214,5070.43072048769,TRUE,15.9632724511055,20.0048664649488,4.50833336701369,6.02047542553596,3.99540641795001,1.50684931434369,0.748055330198995,3.87510455119076e-09,0.501257029941335,0.799999999969988,0.882032397299903,0.663636363750984,1.41243919752586,11421.1003424658,18532.05,3125.4751792907,5071.44325499108,16.0729843770802,0.498287691091241,0.993174140325623,1.42481710091766,0.446183155545612,9.75366452101029e-10,0.9391790955679,TRUE,TRUE,TRUE,TRUE,TRUE,TRUE,FALSE,,,,,,,0.707568777704955,-0.983669293915148,0,Duct2 singlet,Duct2 singlet,,3.64944148889872,0
PC1_cellid_000162214-1,PC1_A2,PASC,PC1,singlet,Duct2,Myeloid,,FALSE,FALSE,291.87034260108,305.093239036044,,,Duct2 singlet,377,337,11947.6769208786,18988.2970814701,162214,TRUE,176.008633625744,68.032694966249,14.9700084351045,20.5936659060446,13.4194710663256,1.53461085016399,0.758536118110221,116.329912492044,0.477868590094108,0.854204109518741,0.813411665790434,0.636890704495147,1.4465909943041,11945.3818359375,18997.7,3268.94899054115,5198.87209053202,TRUE,11.9732032251956,15.9821254887381,3.90445333221818,6.01141578263682,1.99780734124036,3.009006749705,0.943161207491507,89.7383772601434,0.589048623314457,0.999999999937328,0.999999999828772,0.996965160884348,1.30294002982941,11952.7,18994.1,3270.95166449108,5197.88692182603,164.035430400548,0.0680262267700721,0.072991567707227,2.23187372603836,0.29817935410415,26.5915352319008,5.53277755144316,TRUE,TRUE,TRUE,TRUE,TRUE,TRUE,FALSE,,,,,,,-0.367460388812933,-0.564213036858805,0,Duct2 singlet,Duct2 singlet,,0,0
PC1_cellid_000162217-1,PC1_A2,PASC,PC1,singlet,Fibroblast,Duct2,,FALSE,FALSE,176.543396136189,190.889690501619,,,Fibroblast singlet,213,192,11998.455995358,18535.6015195947,162217,TRUE,55.9268712070162,31.9907889639397,8.43850129075557,8.01822000123557,7.99085449198978,1.00342460327957,0.0825480677263389,89.7383772510153,0.686721249153207,0.932969373657134,0.926591234208685,0.872869529134392,1.20672901968454,11998.45,18533.5,3283.47151679645,5071.84005905321,TRUE,23.999951861367,20.004616281935,5.52790084766657,6.02053762020877,3.99548953328195,1.50683353464822,0.748049164759602,89.7395664321857,0.753632786248809,0.999999999968796,0.999999999863203,0.997711777302442,1.15191413588295,12005.7498863636,18533.45,3285.46918890834,5071.82637615452,31.9269193456492,0.429130958680643,0.751715240484686,1.99771897130705,0.473477196421311,0.00118918117034639,1.4553002215445,TRUE,TRUE,TRUE,TRUE,TRUE,TRUE,FALSE,,,,,,,-0.367460388812933,-0.201019948011583,0,Fibroblast singlet,Fibroblast singlet,,0,4.95473540860683
PC1_cellid_000162234-1,PC1_A2,PASC,PC1,singlet,Fibroblast,Duct2,,FALSE,FALSE,251.530008466526,258.574147512025,,,Fibroblast singlet,291,238,11966.8711806469,18508.5753996328,162234,TRUE,83.94460110835,43.9497267679601,10.3383550770019,11.9953724044539,10.0067963104585,1.1987225510563,0.551429653518187,179.869187941403,0.546122758095295,0.875428566958886,0.902236431173146,0.699332923312776,1.35317779441832,11969.1551369863,18515.4,3275.4547439388,5066.88684972584,TRUE,36.0270749409663,27.9954448626891,6.77282042401653,8.01822533409511,6.00680424107398,1.33485710681468,0.662407339755869,89.8044520237284,0.577649126344603,0.857515908792051,0.904122781396327,0.748009764640062,1.31573352101876,11958.1688566553,18504.45,3272.44826072285,5063.89029491177,47.9175261673837,0.429176795898681,0.751855903570632,4.2447947042866,0.821174096741481,89.9352640823259,1.78276732649267,TRUE,TRUE,TRUE,TRUE,TRUE,TRUE,FALSE,,,,,,,-0.367460388812933,0.29668717262336,0,Fibroblast singlet,Fibroblast singlet,,0,5.93755433909276
PC1_cellid_000162245-1,PC1_A2,PASC,PC1,singlet,Duct2,Myeloid,,FALSE,FALSE,353.422438189578,358.123113998517,,,Duct2 singlet,408,351,11249.4078511549,18634.7852134427,162245,TRUE,83.9726843658601,47.9732736874256,10.3400842555647,12.7326559174288,11.3200664301304,1.12478632461559,0.457795058902981,45.0000000012861,0.458510398335578,0.807361512617989,0.807217237651013,0.582599433607348,1.47681265502159,11253.425,18638.55,3079.58948480055,5100.58782921015,TRUE,35.9720317562587,28.0233262388334,6.76764459295386,7.99081283589802,5.99310962692401,1.33333333272439,0.661437827766077,90,0.575619458581292,0.85732133931511,0.873329290315333,0.751141552806285,1.31805115633081,11242.45,18635,3076.58608853713,5099.61634340285,48.0006526096015,0.42837777574489,0.749407139134796,3.15660795616395,0.610557491030035,44.9999999987139,1.78621983130543,TRUE,TRUE,TRUE,TRUE,TRUE,TRUE,FALSE,,,,,,,0.107415952703517,-0.983669293915148,0,Duct2 singlet,Duct2 singlet,,0,0
PC1_cellid_000162250-1,PC1_A2,PASC,PC1,singlet,Duct2,Fibroblast,,FALSE,FALSE,300.312260682537,302.824908996624,,,Duct2 singlet,370,330,11419.0738234912,18963.1972657774,162250,TRUE,47.9999037227287,36.0148887890706,7.81763235022336,9.9173172048245,7.07272187683787,1.40219244778521,0.700992273014796,44.6075692921909,0.465035464405963,0.799992511176385,0.804261166141876,0.684320549162305,1.46641523074127,11415.4,18963.15,3123.91523512105,5189.41720753419,TRUE,11.9724543383297,15.9816256750585,3.90433122456298,3.99540641876438,3.99540641794951,0.99999999951902,2.01965877438794e-05,89.999999982461,0.589048622546386,0.857142857096879,0.926776695137938,0.750000000117906,1.30294003067884,11415.4,18966.85,3123.91523512106,5190.42974203758,36.027449384399,0.249426632290646,0.332314791626382,1.01253450338481,0.259038659132006,45.3924306902701,1.95665056283019,TRUE,TRUE,TRUE,TRUE,TRUE,TRUE,FALSE,,,,,,,0.669271895669811,-0.983669293915148,0,Duct2 singlet,Duct2 singlet,,0,0
PC1_cellid_000162269-1,PC1_A2,PASC,PC1,singlet,Duct2,Fibroblast,,FALSE,FALSE,84.9309703645456,86.6487018059394,,,Duct2 singlet,127,120,11330.2630515229,18178.8008255053,162269,TRUE,32.0085480141196,31.9634075461669,6.38392897055811,10.0021517668724,6.00665163148821,1.66517926724466,0.799597762996632,179.60756928268,0.393703878734906,0.696195005933989,0.826944598177158,0.53277040130553,1.59373148728878,11328.45,18177.9,3100.12067429149,4974.52728353864,FALSE,19.9267561932508,19.9771882898737,5.03701637713668,6.01141578112389,3.99536476707806,1.50459748419987,0.747173016567786,179.738377257369,0.627448008604637,0.9089775560787,0.941421814118385,0.829666213314319,1.26244110614112,11332.1,18185.15,3101.11952589618,4976.51130384933,12.0817918208688,0.622544833281261,1.64932126560385,2.22127015948414,0.695894381898488,0.130807974688906,0.673456296710715,TRUE,TRUE,TRUE,TRUE,TRUE,TRUE,FALSE,,,,,,,-0.367460388812933,-0.736391370990441,0,Duct2 singlet,Duct2 singlet,,0,0
PC1_cellid_000162283-1,PC1_A2,PASC,PC1,singlet,Fibroblast,Myeloid,,FALSE,FALSE,257.300733686966,257.535229979097,,,Fibroblast singlet,299,222,11455.7848803733,18249.6876623084,162283,TRUE,72.0548987687977,39.9819766578204,9.5782642740907,12.0045878901224,8.00909816618032,1.4988688659994,0.744905695551947,89.7383772549598,0.566428183016509,0.878083504441021,0.874305556555554,0.749432702162087,1.32870195172523,11456.6041952055,18254.15,3135.19109169667,4995.3937040476,TRUE,31.9815880869178,24.0276071649865,6.38123989955673,6.02053762020877,6.00225248582164,1.00304637828639,0.0778782952736265,179.73956643219,0.696127584968125,0.940515124465865,0.950149814486279,0.885014713054512,1.19854840415448,11452.9751712329,18254.15,3134.19798034914,4995.3937040476,40.0733106818799,0.443850295107603,0.798077012723539,0.993111347534068,0.207367706098226,89.9988108227694,1.59851218726699,TRUE,TRUE,TRUE,TRUE,TRUE,TRUE,FALSE,,,,,,,-0.367460388812933,0.696013865167505,0,Fibroblast singlet,Fibroblast singlet,,0,6.7691426758635
PC1_cellid_000162284-1,PC1_A2,PASC,PC1,singlet,Duct2,Myeloid,,FALSE,FALSE,185.841509723615,186.026592666095,,,Duct2 singlet,183,175,11053.4109738551,18413.7196198163,162284,TRUE,32.0092969009856,27.9953981647324,6.38400365080594,8.00909816636039,6.00229394566436,1.33433954338309,0.662078567968315,89.7383772705637,0.513230788382911,0.799867133244762,0.898445706701011,0.665848242869653,1.39586574295234,11055.25,18416.45,3025.35731582529,5039.80839320963,TRUE,12.0278719664676,15.9821879661811,3.91335689999239,4.00918271429361,4.0091827127291,0.999999999707653,2.79367326138422e-05,179.607569282572,0.59173354839465,0.857707404295908,0.92798241884655,0.748302331247877,1.29998069645909,11047.9128424658,18405.55,3023.34944416037,5036.82552129425,19.981424934518,0.375761829443359,0.601952663529511,3.59570208531467,1.12647243664906,89.8691920120079,1.23532337540677,TRUE,TRUE,TRUE,TRUE,TRUE,TRUE,FALSE,,,,,,,0.679868041739891,-0.983669293915148,0,Duct2 singlet,Duct2 singlet,,4.01898878933024,0
PC1_cellid_000162289-1,PC1_A2,PASC,PC1,singlet,Fibroblast,Endothelium,,FALSE,FALSE,180.362940900876,183.546786138612,,,Fibroblast singlet,175,131,11892.6216274431,18348.3551118828,162289,TRUE,72.0275643981596,47.9729300644225,9.57644732156426,14.3916002246851,9.6017155717754,1.49885716911757,0.744901032314943,126.682350751584,0.393292897641273,0.720540145706556,0.804492735940712,0.521243684532634,1.59456397460131,11888.1747716895,18351.15,3253.29382124696,5021.93852751474,TRUE,27.9911444175769,32.0189200923714,5.969877048554,11.3007158897962,4.25711899936344,2.65454545297455,0.926330298203259,134.999999997077,0.343097187794466,0.735637387062579,0.816138472670397,0.581833748404633,1.70722758978177,11897.2253424658,18340.25,3255.77058210812,5018.95565559936,44.0364199805827,0.388617116899291,0.635636239811568,3.87709546270596,0.809714777186393,8.3176492454933,1.80328513650513,TRUE,TRUE,TRUE,TRUE,TRUE,TRUE,FALSE,,,,,,,-0.367460388812933,0.796934396395411,0,Fibroblast singlet,Fibroblast singlet,,0,6.61184900410759
PC1_cellid_000162311-1,PC1_A2,PASC,PC1,singlet,Duct2,Fibroblast,,FALSE,FALSE,122.12541254088,124.111380133836,,,Duct2 singlet,143,134,11060.3817819527,18317.751038998,162311,TRUE,32.0085480141199,28.023232528043,6.38392897055815,7.99081283793743,5.99310962855474,1.33333333270189,0.66143782775172,0,0.512199767559436,0.800402621707859,0.860886490805557,0.668378995343767,1.39726992471154,11062.2,18317.7,3027.25923874381,5012.78466828818,TRUE,16.0179411923798,16.0090851898345,4.51604651784946,4.02277221615377,3.99540641958074,1.0068493141733,0.116443826628334,0,0.785386673011533,0.999999999953247,0.999999999829061,0.9965986392059,1.12838742049045,11062.225,18321.4,3027.26608019316,5013.79720279157,15.9906068217401,0.500426985326218,1.00170940108323,1.01255761612739,0.317220826743207,0,0.933941226354344,TRUE,TRUE,TRUE,TRUE,TRUE,TRUE,FALSE,,,,,,,1.43979572757994,-0.685107955960452,0.114376442971615,Duct2 singlet,Duct2 singlet,,4.26169446111609,0
PC1_cellid_000162312-1,PC1_A2,PASC,PC1,singlet,Fibroblast,Myeloid,,FALSE,FALSE,152.630053361155,159.345603814081,,,Fibroblast singlet,139,126,11777.7583687802,18138.791352918,162312,TRUE,31.9546281597168,27.9683759837535,6.3785496948961,8.01817799487457,5.99315648880583,1.33788897489827,0.664322370903048,179.607569284889,0.513344760464497,0.800140640367606,0.861752275118782,0.664970619965819,1.39571078027579,11774.125,18139.75,3222.08319180403,4964.08723183482,TRUE,15.9640213379742,15.9820005445998,4.50843911575888,3.99550013618789,3.9955001358476,0.999999999400251,1.30511801388938e-05,89.6075693039888,0.785398163395143,0.999999999953008,0.999999999828771,1.00000000001926,1.12837916629884,11777.75,18136.05,3223.07520195937,4963.07469733143,15.9906068217425,0.499584011842868,0.998337430589843,1.41750141758378,0.444458844390104,89.9999999808997,0.935055289568611,TRUE,TRUE,TRUE,TRUE,TRUE,TRUE,FALSE,,,,,,,-0.367460388812933,0.646491006153597,0,Fibroblast singlet,Fibroblast singlet,,0,5.88808049422634
PC1_cellid_000162314-1,PC1_A2,PASC,PC1,doublet_certain,Fibroblast,Duct2,Duct2__Fibroblast,FALSE,FALSE,344.632970874497,370.887326034961,TRUE,spatially_supported_contact,Supported Duct2-Fibroblast doublet,331,299,11315.9828672543,18993.8940193414,162314,TRUE,67.9266599159811,51.9684614458878,9.2998338451181,13.9976639390616,10.0091922489194,1.39848087509217,0.699061427892325,179.804452025948,0.316060632632457,0.693547277142942,0.760486460202554,0.484825737194572,1.77874952583255,11313.2,18996.5,3095.9473901897,5198.54370096336,TRUE,23.9995774179295,32.0187326576003,5.5278577247828,8.00913981884509,6.0022524813517,1.33435570064355,0.662088839799403,179.739566465901,0.294174607589099,0.666153926089112,0.728404147325081,0.499233200538022,1.84373036527847,11316.85,18989.15,3096.94624179439,5196.53231485528,43.9270824980516,0.353316024136643,0.546350361727995,2.24574678090724,0.482964924638194,0.0648855600465481,1.88598806016765,TRUE,TRUE,TRUE,TRUE,TRUE,FALSE,TRUE,PC1_A2,16.400167128941,8.09687894459702,TRUE,TRUE,30,0.020077319850309,0.0145681524068233,0.161028613749271,Supported Duct2-Fibroblast,Supported Duct2-Fibroblast,16.400167128941,0,0
PC1_cellid_000162315-1,PC1_A2,PASC,PC1,singlet,Fibroblast,Acinar,,FALSE,FALSE,190.335358089969,190.207338746768,,,Fibroblast singlet,216,163,11536.3675416381,18282.3821892999,162315,TRUE,60.02702680233,39.9548295273283,8.74235576247067,12.0068606321071,8.01138392414118,1.49872490716924,0.744848293766279,179.803782338171,0.472517755996698,0.810629045299252,0.843560575275706,0.624036250239339,1.45475860057104,11531.6251712328,18283.15,3155.72117999541,5003.32978529035,TRUE,11.9724543383275,15.9816256750585,3.90433122456262,3.99540641998792,3.9954064159106,1.00000000033557,4.51774922810691e-05,89.9999999766075,0.589048622546279,0.85714285709679,0.926776695137938,0.750000000270826,1.30294003067896,11540.75,18279.45,3158.21826214792,5002.31725078697,48.0545724640025,0.199451063531074,0.249142874901335,2.6945584790285,0.61643761614721,89.8037823615638,2.41901226895402,TRUE,TRUE,TRUE,TRUE,TRUE,TRUE,FALSE,,,,,,,-0.367460388812933,0.410185621873577,0,Fibroblast singlet,Fibroblast singlet,,0,5.6304149690302
PC1_cellid_000162319-1,PC1_A2,PASC,PC1,singlet,Duct2,Myeloid,,FALSE,FALSE,283.564851799839,284.352414840037,,,Duct2 singlet,313,288,11443.8658544268,18983.0935160272,162319,TRUE,51.9087187235981,31.9636730721679,8.12971299588243,8.01817863450997,7.99081283793743,1.00342465708828,0.0825487129194813,90,0.638464586224965,0.896601904060424,0.91586158459711,0.810165271859142,1.25150213036883,11441.0626712329,18988.7,3130.9380297352,5196.40916876703,TRUE,7.98163622555242,11.9862192562931,3.18787309566489,3.99540641876438,1.99770320897451,1.99999999766843,0.86602540384335,89.9999999941537,0.698131700794148,0.999999999906174,0.999999999771689,1.00000000011033,1.19682684000922,11448.35,18977.7,3132.93226536066,5193.39893105426,43.9270824980457,0.153762921148471,0.181701942624814,3.61088726177524,0.888318506378003,5.84633141897939e-09,2.47091995010877,TRUE,TRUE,TRUE,TRUE,TRUE,TRUE,FALSE,,,,,,,0.538571489281808,-0.983669293915148,0,Duct2 singlet,Duct2 singlet,,0,0
PC1_cellid_000162338-1,PC1_A2,PASC,PC1,singlet,Duct2,Endothelium,,FALSE,FALSE,235.385988487433,236.069813232411,,,Duct2 singlet,260,229,11164.9749477036,18441.5937608626,162338,TRUE,47.9721949086598,27.995366765688,7.81537558953173,8.01822533409561,5.9931681218407,1.33789427685397,0.664325703580797,179.804452023725,0.769178489550486,0.999999999984359,0.999999999902249,0.998285749848606,1.14021417181361,11164.9748858448,18441.6,3055.38440577066,5046.69089125291,TRUE,4.04586129748271,8.04591675607964,2.26965869603086,2.0252539023672,2.02488412769337,1.00018261387489,0.0191083864470085,89.2257798350693,0.78536181918893,0.9999999998149,0.99999999965988,0.986577794006791,1.12840527421984,11168.6246621622,18434.25,3056.38319616283,5044.67950514483,43.9263336111771,0.0843376315038899,0.0921055996244626,2.2457195557879,0.574692674539914,89.4213278113444,2.77285844675044,TRUE,TRUE,TRUE,TRUE,TRUE,TRUE,FALSE,,,,,,,0.0464937515555805,-0.983669293915148,0,Duct2 singlet,Duct2 singlet,,0,0
PC1_cellid_000162343-1,PC1_A2,PASC,PC1,singlet,Fibroblast,Myeloid,,FALSE,FALSE,156.068135747215,166.07429260815,,,Fibroblast singlet,112,95,11799.7024458065,18519.6531405802,162343,TRUE,63.9635506172671,39.9822731389496,9.0244624254065,10.0068223876953,9.99786640033111,1.00089578958815,0.0422986439244707,179.739566397649,0.502814118839324,0.842023541929473,0.865418267909545,0.63933582821355,1.4102505177383,11801.0917808219,18519.6,3229.46286640603,5068.03621321617,TRUE,11.9724543383303,19.9774069501759,3.90433122456307,6.02047542675951,3.99540641958074,1.50684931403491,0.748055330078349,89.9999999922356,0.376976970829247,0.666666666638876,0.866247358828797,0.497727272508983,1.62870559940391,11797.45,18523.3,3228.46626404496,5069.04874771956,51.9910962789369,0.187176199896985,0.230278936066172,1.42071896821184,0.314859522504854,89.7395664054135,2.56006560042172,TRUE,TRUE,TRUE,TRUE,TRUE,TRUE,FALSE,,,,,,,-0.367460388812933,0.328800311693962,0,Fibroblast singlet,Fibroblast singlet,,0,6.10351690805538
PC1_cellid_000162362-1,PC1_A2,PASC,PC1,singlet,Fibroblast,Endothelium,,FALSE,FALSE,266.125473453065,271.957364214699,,,Fibroblast singlet,235,195,11798.4342896322,18183.4590062246,162362,TRUE,52.1551025027514,32.0183262859545,8.14898392231933,10.0090754184079,6.02053383787851,1.66248968669285,0.79886715966113,179.803782350796,0.639306934548336,0.928468583757553,0.927254929455128,0.865501530017237,1.25067737144288,11796.1753409091,18183.55,3228.11744342075,4976.07345109111,FALSE,7.98163622555569,11.9864066910663,3.18787309566554,4.00918271557595,1.99765635138124,2.00694313980066,0.867021792367445,89.6075693043166,0.698109867206232,0.999999999906174,0.999999999771693,0.996587189970184,1.19684555541559,11803.5,18187.1,3230.12189478699,4977.04493689841,44.1734662771957,0.153036536043703,0.180688474245212,2.22746716101585,0.54668586336222,89.8037869535204,2.4805554133269,TRUE,TRUE,TRUE,TRUE,TRUE,TRUE,FALSE,,,,,,,-0.367460388812933,0.710097092788331,0,Fibroblast singlet,Fibroblast singlet,,0,5.95058714325124
PC1_cellid_000162364-1,PC1_A2,PASC,PC1,singlet,Duct2,Myeloid,,FALSE,FALSE,326.432519077335,332.505481267398,,,Duct2 singlet,416,350,11073.3053275614,18510.9488232056,162364,TRUE,99.9910000016704,51.968695560052,11.2832838889988,14.018304913678,12.0067904234889,1.16753140648302,0.516133734081951,89.8044520186413,0.465250816375482,0.806084901241549,0.818965256936759,0.594071173647316,1.46607580974738,11073.8814858105,18507.7,3030.45597048271,5064.7796833269,TRUE,23.9729919341627,24.0005540292753,5.5247951397489,6.00683906614933,6.00683906614882,0.999999999544507,4.09985080128837e-07,89.6075692890307,0.522985404958362,0.799458062240523,0.853378108153159,0.66440095202861,1.38278676833476,11073.8628424658,18507.75,3030.45086858277,5064.7933662256,76.0180080675077,0.239751496948373,0.315359380499946,0.0146031195193682,0.00258845202108611,0.19688272961065,2.87924437462496,TRUE,TRUE,TRUE,TRUE,TRUE,TRUE,FALSE,,,,,,,1.17826546629341,-0.744193707042167,0.0917411678039432,Duct2 singlet,Duct2 singlet,,4.29203880446695,0
PC1_cellid_000162371-1,PC1_A2,PASC,PC1,singlet,Fibroblast,Myeloid,,FALSE,FALSE,152.970322633614,155.381284411309,,,Fibroblast singlet,102,87,11816.816641732,18426.7567146036,162371,TRUE,40.0452274243783,31.9908200427332,7.14052989172593,10.0090988487018,6.00680424073247,1.66629349700953,0.799899204198592,89.8044520250543,0.491710953503909,0.80054794109181,0.874797492586613,0.666058396392313,1.42608383923842,11815.3457906712,18420.9,3233.36358986117,5041.02617119343,TRUE,8.03630496682411,12.0136787710681,3.19877183889568,3.99540641998792,2.02506900514036,1.97297297249967,0.862034670060119,89.9999999766075,0.699703816265563,0.999999999906812,0.999999999772211,0.993243243647098,1.1954815507511,11819.025,18428.2,3234.3704348316,5043.02387440281,32.0089224575542,0.200680717321262,0.251064526616605,2.23708625386763,0.626588301295109,0.195547951553166,1.97087902641512,TRUE,TRUE,TRUE,TRUE,TRUE,TRUE,FALSE,,,,,,,-0.367460388812933,0.362986227414362,0,Fibroblast singlet,Fibroblast singlet,,0,5.28360177830041
PC1_cellid_000162390-1,PC1_A2,PASC,PC1,singlet,Fibroblast,Duct2,,FALSE,FALSE,173.058066795687,179.876206827062,,,Fibroblast singlet,150,136,11986.7142201015,18317.4118213418,162390,TRUE,27.9364756763047,27.995882351039,5.96404439718578,8.01138392472697,6.00000961258021,1.33522851434697,0.662642932975391,179.803782349118,0.447912478071896,0.776010733994597,0.900048886262456,0.581181961017172,1.49418172075024,11990.3502283105,18314.35,3281.25494968695,5011.86791407566,TRUE,8.00897059618827,12.013772481859,3.19332711692493,4.02277221533791,1.99770320938219,2.0136986269704,0.867980294241009,0,0.697312992711582,0.999999999906494,0.999999999772213,0.996598639565012,1.19752922500753,11975.775,18321.65,3277.26632223854,5013.86561728504,19.9275050801164,0.286685073884051,0.401905334359218,4.46093790978586,1.4959438923464,0.196217650882119,1.38535864013043,TRUE,TRUE,TRUE,TRUE,TRUE,TRUE,FALSE,,,,,,,-0.367460388812933,0.277791719029777,0,Fibroblast singlet,Fibroblast singlet,,0,5.58974242527865
PC1_cellid_000162406-1,PC1_A2,PASC,PC1,singlet,Fibroblast,Bcell,,FALSE,FALSE,172.804378001091,183.16299758154,,,Fibroblast singlet,167,132,11739.5197030164,18662.1811684385,162406,TRUE,68.1180005104247,40.0091078898839,9.31292284721412,12.0137097263722,8.0181577584898,1.49831296466468,0.74468392094428,89.7389731976336,0.534753973211666,0.872244837283049,0.874414088570173,0.707147744186807,1.36748631802536,11735.8417995444,18658.75,3211.6066887334,5106.11572028269,TRUE,12.0001631524007,16.0093035739615,3.90884666735732,6.02053762020877,1.99780696236219,3.01357324575707,0.943338503554786,89.7395664321857,0.588372186816218,0.999999999937625,0.999999999829063,0.997696282166871,1.30368879314596,11739.5001136364,18666.05,3212.60781555565,5108.11342349207,56.117837358024,0.176167284135162,0.213838660134085,2.23451852241138,0.479874804993379,0.000593234552127342,2.7020380899284,TRUE,TRUE,TRUE,TRUE,TRUE,TRUE,FALSE,,,,,,,-0.367460388812933,0.3861492648847,0,Fibroblast singlet,Fibroblast singlet,,0,5.48280722954873
PC1_cellid_000162407-1,PC1_A2,PASC,PC1,singlet,Duct2,Myeloid,,FALSE,FALSE,479.989543184996,483.717144835296,,,Duct2 singlet,777,644,11290.8065059504,18309.7498705224,162407,TRUE,184.073021850064,63.9823132287901,15.3091165825596,20.0148003568373,12.0068313153062,1.66695107365761,0.800076766655733,89.7061780609625,0.565041219855241,0.901957150743337,0.872291082406017,0.765967724654132,1.33033168357989,11288.7347435897,18309.65,3089.25227768982,5010.58172159839,TRUE,75.8262930296236,39.9543765797455,9.82573329660402,9.99765871205544,9.98853687292213,1.00091323048714,0.0427078750873137,89.7383772429662,0.596899165373127,0.883721945102216,0.853554535559891,0.759310910797404,1.29434340151677,11285.0918949772,18313.3,3088.25538311932,5011.58057320308,108.246728820441,0.411935938593262,0.700495006628784,1.4112063324974,0.184361562999847,0.0321991820037511,2.74169164297779,TRUE,TRUE,TRUE,TRUE,TRUE,TRUE,FALSE,,,,,,,0.898605260149379,-0.639612037803304,0.131805562643272,Duct2 singlet,Duct2 singlet,,0,0
PC1_cellid_000162451-1,PC1_A2,PASC,PC1,singlet,Fibroblast,Endothelium,,FALSE,FALSE,168.005613872656,169.306381895075,,,Fibroblast singlet,143,126,11871.8420148226,18283.3161693011,162451,TRUE,39.9639731993404,31.991459940078,7.13328192644426,8.47586734520406,7.09187496691961,1.19515182958943,0.54764044583364,44.6102388124112,0.490693611366535,0.800223431841323,0.816486937353261,0.664849639898673,1.42756140481209,11873.3,18285.45,3249.22322136437,5003.9591986303,TRUE,15.9632724511065,15.9818131098296,4.50833336701382,4.02286529070075,3.99531270436741,1.00689622705821,0.116837846138892,179.607569301901,0.785379741197313,0.999999999952984,0.999999999828769,0.993197595855387,1.12839240008959,11873.3,18281.85,3249.22322136437,5002.9740299243,24.0007007482339,0.399441576228851,0.665116931872498,0.98516870599633,0.276217514853008,45.0026695105103,1.31247427971522,TRUE,TRUE,TRUE,TRUE,TRUE,TRUE,FALSE,,,,,,,-0.367460388812933,-0.0529864354507694,0,Fibroblast singlet,Fibroblast singlet,,0,4.94776748221852
PC1_cellid_000162458-1,PC1_A2,PASC,PC1,singlet,Duct2,Fibroblast,,FALSE,FALSE,163.312743880674,166.278012028181,,,Duct2 singlet,160,149,11294.1350310749,18194.1209308124,162458,TRUE,40.0452274243792,31.9913198485969,7.14052989172601,10.0090988464361,6.01371570005833,1.66437845436962,0.799380668492381,179.804452026278,0.491695589455222,0.833802421573945,0.879734714623132,0.665292907160841,1.42610611953831,11295.6,18192.6,3091.13100984927,4978.5500557548,TRUE,15.9632724511048,19.9770320938229,4.50833336701359,5.99310962692401,3.99540641998792,1.49999999820726,0.745355992195687,0,0.502654824573413,0.799999999969932,0.923606797623459,0.666666666577705,1.41047395787354,11291.95,18192.65,3090.13215824458,4978.56373865349,24.0819549732744,0.398631084746948,0.662872780145624,0.998945318779031,0.279795850203943,0.195547973721887,1.31609826235621,TRUE,TRUE,TRUE,TRUE,TRUE,TRUE,FALSE,,,,,,,0.100073627995647,-0.983669293915148,0,Duct2 singlet,Duct2 singlet,,0,0
PC1_cellid_000162465-1,PC1_A2,PASC,PC1,singlet,Duct2,Myeloid,,FALSE,FALSE,250.778629214773,255.662871299332,,,Duct2 singlet,272,242,11197.6546483708,18379.3519293523,162465,TRUE,63.9905105444693,43.9781484010324,9.02636408045957,12.7261614219262,7.08876260980339,1.79525851231268,0.83049717211679,134.738377250985,0.415768476708012,0.798977988884104,0.78736158530397,0.709328998229117,1.55086580625243,11197.65,18379.35,3064.32621130694,5029.65568237838,TRUE,15.963272451107,15.9816256750585,4.5083333670139,3.99540641876438,3.99540641794901,0.999999999519144,2.02027545286019e-05,89.9999999883002,0.785398163395217,0.999999999953087,0.999999999828767,1.00000000015738,1.12837916629877,11186.7,18386.7,3061.32965649287,5031.66706848646,48.0272380933623,0.249463120590653,0.332379563795684,3.60901854103295,0.799661635818392,44.7383772626848,2.25901535672284,TRUE,TRUE,TRUE,TRUE,TRUE,TRUE,FALSE,,,,,,,0.0415434656195653,-0.983669293915148,0,Duct2 singlet,Duct2 singlet,,0,0
PC1_cellid_000162497-1,PC1_A2,PASC,PC1,singlet,Duct2,Fibroblast,,FALSE,FALSE,226.056119148335,229.211082658234,,,Duct2 singlet,246,221,11282.5821387321,18893.6339040289,162497,TRUE,43.9817512393201,28.022935326821,7.48326833172559,8.01822533409561,5.99316812371139,1.33789427643637,0.664325703318301,179.804452023725,0.703809513328204,0.956599993469196,0.957545536216036,0.915245916629278,1.19198950982491,11283.5665525114,18890.65,3087.83796099066,5169.57700442731,TRUE,23.9999518613652,20.0046162819345,5.52790084766636,6.02053762020878,3.99548953004525,1.50683353586889,0.748049165236551,179.739566432181,0.753632786248789,0.999999999968856,0.999999999863203,0.997711778110599,1.15191413588297,11279.9248287671,18890.65,3086.84137424934,5169.57700442731,19.981799377955,0.545679768986829,1.20109062229062,0.996586741323426,0.266350662433112,0.0648855915439128,0.977683742029619,TRUE,TRUE,TRUE,TRUE,TRUE,TRUE,FALSE,,,,,,,0.0525740727662329,-0.983669293915148,0,Duct2 singlet,Duct2 singlet,,0,0
PC1_cellid_000162504-1,PC1_A2,PASC,PC1,singlet,Duct2,Myeloid,,FALSE,FALSE,206.716530505141,210.755734377139,,,Duct2 singlet,257,224,11337.9992220939,18966.5234407908,162504,TRUE,44.0914631652868,39.981991645233,7.49259597784887,14.1452454024315,5.66970848551642,2.49488054487084,0.916156477656088,135,0.346605561458013,0.733853929704076,0.806994149538704,0.549772857784539,1.69856525591582,11338.687585034,18967.15,3102.92227106941,5190.51183942975,TRUE,16.0733588205132,19.977594384945,4.52385190595306,6.02052164145487,4.0091827127286,1.50168302837161,0.746023612391821,89.6075692790921,0.506092756677176,0.801097342460208,0.884771059482271,0.665911736170907,1.40567505803082,11327.75,18974.5,3099.92911370977,5192.52322553782,28.0181043447736,0.364545825041304,0.573677598490873,3.60619814421056,0.962603120532831,45.3924307209079,1.4843720359479,TRUE,TRUE,TRUE,TRUE,TRUE,TRUE,FALSE,,,,,,,-0.367460388812933,-0.775477520726527,0,Duct2 singlet,Duct2 singlet,,0,0
PC1_cellid_000162512-1,PC1_A2,PASC,PC1,singlet,Fibroblast,Duct2,,FALSE,FALSE,233.098714734829,243.22136982698,,,Fibroblast singlet,230,210,11505.8978658551,18429.6606748013,162512,TRUE,52.0453905767754,35.986679574778,8.1404084297741,10.0160217788775,8.00449541549161,1.2512995829904,0.601106231004215,179.607569286373,0.505020005398564,0.812977791285943,0.82785526221755,0.649161943265525,1.40716721696713,11508.4128424658,18425.75,3149.3689411358,5042.35341236678,TRUE,8.0640137808915,12.0412313591141,3.20428170345873,4.02277221656146,2.02506900677059,1.98648648400405,0.864052701085859,179.999999994201,0.69890689239351,0.999999999907132,0.999999999772733,0.989887846839431,1.19616292646417,11493.825,18433.05,3145.37686172322,5044.35111557617,43.9813767958839,0.154941939910055,0.183350644443961,4.46402465820754,1.09675692214963,0.392430707827998,2.46806336315769,TRUE,TRUE,TRUE,TRUE,TRUE,TRUE,FALSE,,,,,,,-0.367460388812933,0.186197670003273,0,Fibroblast singlet,Fibroblast singlet,,0,5.56784653711457
PC1_cellid_000162517-1,PC1_A2,PASC,PC1,singlet,Fibroblast,Endothelium,,FALSE,FALSE,246.888408684931,248.3856966681,,,Fibroblast singlet,303,169,11423.681258203,18245.566620358,162517,TRUE,52.0188050930117,35.9865858586161,8.13832904927623,12.0045878861123,6.0114157832102,1.99696515988398,0.86558625207196,179.738377249686,0.504764663407357,0.865790424897934,0.920993399124105,0.720835802787798,1.40752308919455,11423.6752283105,18243.35,3126.17981733397,4992.43819792961,TRUE,16.0186900792472,20.032013595442,4.51615208598586,6.02053761826529,4.01373339820034,1.4999844326631,0.745349804406944,179.738377247336,0.501634792124051,0.798372648522046,0.882370598329361,0.662892648008613,1.41190727010494,11434.65,18239.65,3129.1831511184,4991.42566342623,36.0001150137645,0.307940369785999,0.444962191611692,3.16942265109164,0.778887809552165,2.34959429690207e-09,1.81108848164519,TRUE,TRUE,TRUE,TRUE,TRUE,TRUE,FALSE,,,,,,,-0.367460388812933,1.26832497690451,0,Fibroblast singlet,Fibroblast singlet,,0,7.55757285439576
PC1_cellid_000162524-1,PC1_A2,PASC,PC1,singlet,Fibroblast,Epithelium,,FALSE,FALSE,175.396109459405,185.84253903331,,,Fibroblast singlet,154,138,11950.4839832135,18181.254246774,162524,TRUE,71.9448123993913,48.0277697273033,9.5709445816731,15.2490277085857,8.54042314427501,1.78551196423113,0.828449712621756,21.6122259941883,0.391944440918723,0.705440473475417,0.818111183623401,0.552430873840048,1.59730461084776,11949.6499126363,18182.85,3270.11698376294,4975.88189050939,TRUE,7.98163622555162,11.9864066910633,3.18787309566473,4.00918271374801,1.99765635138124,2.00694313888561,0.867021792236885,179.607569291966,0.698109867206225,0.999999999906075,0.999999999771693,0.996587190424062,1.1968455554156,11946,18182.9,3269.11815606603,4975.89557340808,63.9631761738397,0.110941094406269,0.124784863756784,0.998921413245224,0.208740402294378,22.0046567022227,3.19153574300418,TRUE,TRUE,TRUE,TRUE,TRUE,TRUE,FALSE,,,,,,,0.563277283690014,0.379250669334446,0.386737584025946,Fibroblast singlet,Fibroblast singlet,,0,4.87420545642672
PC1_cellid_000162525-1,PC1_A2,PASC,PC1,singlet,Fibroblast,Tcell,,FALSE,FALSE,307.746158929362,312.545046998726,,,Fibroblast singlet,380,275,11765.2927962387,18935.3976995983,162525,TRUE,92.1187012586526,44.0599460659899,10.8300126155126,12.0226657148966,10.006946777447,1.20143196311434,0.554265242241258,179.73956642453,0.596306781025621,0.884513331601198,0.876949811003058,0.765676723057407,1.29498615664755,11762.4579545455,18939.9,3218.89041178368,5183.0546596413,FALSE,16.0729843770809,20.03201331145,4.52379921203515,6.02053762020877,4.02273066062153,1.49662955938067,0.744010420638415,89.7395664321857,0.503335064573469,0.801093630412598,0.923816471569806,0.663651824116522,1.40952053215567,11769.7668181818,18932.7,3220.89054059783,5181.0843222293,76.0457168815718,0.174481230800313,0.211359495762242,2.80762262248671,0.518489260719839,89.999999992344,3.15310670173871,TRUE,TRUE,TRUE,TRUE,TRUE,TRUE,FALSE,,,,,,,-0.367460388812933,0.947881044188682,0,Fibroblast singlet,Fibroblast singlet,,0,6.36293735532134
PC1_cellid_000162545-1,PC1_A2,PASC,PC1,singlet,Fibroblast,Duct2,,FALSE,FALSE,232.193596616751,241.738492812441,,,Fibroblast singlet,193,169,11703.6978005683,18416.8627009146,162545,TRUE,36.1090780528701,28.0230604362599,6.78052402848355,8.00454251409627,6.02053383787849,1.32954032416476,0.659003748632761,89.8037823346369,0.577823415707926,0.900469685210006,0.916472463073504,0.749281280739167,1.31553507314904,11703.9000856164,18414.05,3202.86558401736,5039.15161407229,TRUE,24.0272862320002,24.0001785354044,5.53104791004864,6.02047542512878,5.99310962896292,1.00456620938228,0.095237847151644,89.9999999922356,0.524186269987388,0.800548936415777,0.887943633473197,0.665919468599779,1.38120193819322,11698.4251712329,18421.35,3201.36733003995,5041.14931728168,12.0817918208698,0.665408465709536,1.98871877353563,2.4971149540253,0.736555150065067,0.196217657598723,0.624738059217454,TRUE,TRUE,TRUE,TRUE,TRUE,TRUE,FALSE,,,,,,,-0.367460388812933,0.266448604171909,0,Fibroblast singlet,Fibroblast singlet,,0,5.33875794118672
PC1_cellid_000162578-1,PC1_A2,PASC,PC1,doublet_certain,Duct2,Fibroblast,Duct2__Fibroblast,FALSE,FALSE,306.762788429099,335.324072176322,TRUE,spatially_supported_contact,Supported Duct2-Fibroblast doublet,409,332,11906.5788522454,18017.2632731798,162578,TRUE,63.9908849879068,35.9864606304849,9.02639048951477,10.0023392018368,8.0044954175296,1.24959022107907,0.599650048273202,179.607569287635,0.620940105535205,0.889101616955359,0.89255502539792,0.799249876367086,1.26903951216312,11905.2083514944,18018.65,3257.95519618443,4930.94725119698,TRUE,8.03667941025878,16.0371044499604,3.19884635978353,5.65049047492732,2.84459533198901,1.98639518456231,0.86403922052215,44.6102388229419,0.392676211911336,0.665148134333434,0.853045410751348,0.499999999730673,1.59581558879566,11897.8753424658,18015,3255.94845979115,4929.94839959229,55.954205577648,0.125591002695488,0.143629586477998,2.24158325303984,0.496673227394046,45.0026695353069,2.91377206486562,TRUE,TRUE,TRUE,TRUE,TRUE,FALSE,TRUE,PC1_A2,5.84602045313104,22.0166497485448,TRUE,TRUE,30,0.526213016065401,-0.481420103160542,0.192407618204742,Supported Duct2-Fibroblast,Supported Duct2-Fibroblast,22.0166497485448,0,4.30877874016816
PC1_cellid_000162581-1,PC1_A2,PASC,PC1,doublet_certain,Duct2,Fibroblast,Duct2__Fibroblast,FALSE,FALSE,236.846517453469,258.577006034657,TRUE,spatially_supported_contact,Supported Duct2-Fibroblast doublet,251,231,11755.8672849433,18057.3686403304,162581,TRUE,44.0087111665181,35.9863665529787,7.48556152670184,9.98851604487302,8.01817863451046,1.24573378777982,0.596329549879885,90,0.427043892889084,0.732819144283807,0.843792556964734,0.549492730042868,1.53025477058939,11751.8834474886,18055.75,3215.99661360763,4941.09996202822,TRUE,15.9906068217444,19.9773132393859,4.51219159054188,5.99310962937011,4.02277221696914,1.48979591735585,0.741246534711416,7.79510855863919e-09,0.503501362797406,0.80027359778124,0.88380689948699,0.663265305832124,1.40928774219831,11750.025,18048.45,3215.48803463333,4939.10225881884,28.0181043447736,0.363350945625434,0.570724079661728,2.06142443128019,0.550773490651069,89.9999999922049,1.48668496807998,TRUE,TRUE,TRUE,TRUE,TRUE,FALSE,TRUE,PC1_A2,9.00343592859508,10.9874171999769,TRUE,TRUE,30,0.0503627373151514,-0.273072897884563,0.173612727971352,Supported Duct2-Fibroblast,Supported Duct2-Fibroblast,10.9874171999769,0,4.39050651489966
PC1_cellid_000162636-1,PC1_A2,PASC,PC1,singlet,Fibroblast,Tcell,,FALSE,FALSE,219.438335571217,222.246250341325,,,Fibroblast singlet,269,215,11964.5316789128,18481.1962347291,162636,TRUE,67.9817031006812,39.9818576716991,9.30360106121454,12.0026686636069,8.00180410050523,1.49999531464963,0.745354130157352,179.84302565596,0.534411711297988,0.829555371764838,0.888731076473876,0.707825669163573,1.36792414859622,11961.70875,18475.25,3273.41698076334,5055.89948207424,TRUE,16.0183156358111,16.0092719870852,4.51609930222579,4.02286529211109,3.99550013700929,1.00684899296911,0.116441124060802,179.607569267554,0.785386704395091,0.999999999953167,0.999999999829063,0.996575501652671,1.12838739794564,11961.7251712329,18478.85,3273.42147456466,5056.88465078023,51.9633874648701,0.2356268658014,0.308261574431761,0.985178955076063,0.211784436257762,0.235456388406703,2.39375087949437,TRUE,TRUE,TRUE,TRUE,TRUE,TRUE,FALSE,,,,,,,-0.367460388812933,0.566395125638205,0,Fibroblast singlet,Fibroblast singlet,,0,6.50749407914416
PC1_cellid_000162656-1,PC1_A2,PASC,PC1,singlet,Duct2,Fibroblast,,FALSE,FALSE,136.892504911681,137.934817666627,,,Duct2 singlet,131,123,11352.4102257401,18074.6936133329,162656,TRUE,36.0001150137649,27.968375983755,6.77028581749246,8.01822000327499,6.00229394407694,1.33585926886031,0.663042394968482,179.738377251021,0.578334704007939,0.857424418070849,0.875164242154509,0.748012163760734,1.31495343209102,11353.625,18075.45,3107.01001378412,4946.49102411382,TRUE,3.99081811277512,7.99118769388073,2.25416668350649,2.02525386967331,1.99751579838164,1.01388628242117,0.16493819698915,89.2151754343583,0.785324481077915,0.999999999812348,0.99999999965755,0.986488986646429,1.1284320988028,11357.3,18075.45,3108.01570683816,4946.49102411382,32.0092969009898,0.110855704492628,0.124676843851729,1.00569305403815,0.297090278956562,89.4767981833369,2.25805956699299,TRUE,TRUE,TRUE,TRUE,TRUE,TRUE,FALSE,,,,,,,0.122275150938242,-0.983669293915148,0,Duct2 singlet,Duct2 singlet,,0,0
PC1_cellid_000162673-1,PC1_A2,PASC,PC1,singlet,Fibroblast,Duct2,,FALSE,FALSE,213.830023756543,223.387157149625,,,Fibroblast singlet,232,198,11971.0998914309,18363.5875283536,162673,TRUE,75.9906736968718,44.0046370102195,9.83637793000672,12.7326559162774,8.49488745782027,1.49886104735316,0.744902578491056,44.9999999999984,0.493143454399243,0.844216945648423,0.813046357043527,0.702560392154794,1.42401106315967,11972.2542237443,18365.5,3276.30283374189,5025.86551944003,FALSE,20.0091337485897,20.0320110628611,5.04741719541781,5.99310962896292,4.02277221656146,1.48979591740561,0.741246534731719,90,0.626598063690585,0.908190145960758,0.940220027096097,0.829947503892984,1.26329703104772,11968.5833333333,18354.6,3275.29826530966,5022.88264752465,55.9815399482821,0.263310387611162,0.357423782259307,3.14748829999305,0.639968963370486,45.0000000000016,2.39448036729446,TRUE,TRUE,TRUE,TRUE,TRUE,TRUE,FALSE,,,,,,,-0.367460388812933,0.290478996472596,0,Fibroblast singlet,Fibroblast singlet,,0,5.15568060618549
PC1_cellid_000162687-1,PC1_A2,PASC,PC1,singlet,Fibroblast,Myeloid,,FALSE,FALSE,143.876111016708,145.664943419161,,,Fibroblast singlet,119,106,11668.2389956915,18415.95938783,162687,TRUE,31.9819625303526,27.9683603641944,6.3812772555252,8.01138392210027,6.00685101982956,1.33370777667094,0.661676510116746,89.8037823437099,0.513784455573122,0.84172973823634,0.87516299982286,0.664585260052761,1.39511343001511,11669.1189212329,18410.55,3193.34744104269,5038.19381116369,TRUE,15.9640213379735,15.9820005445998,4.50843911575878,3.99550013673883,3.99550013635803,0.999999999410391,1.38062696219822e-05,179.607569283384,0.785398163395107,0.999999999952961,0.999999999828771,0.999999999753575,1.12837916629887,11669.15,18414.15,3193.35594599513,5039.17897986968,16.0179411923791,0.499157026959531,0.996633783098315,0.985205416900724,0.30878000574568,89.8037869396746,0.93641906988321,TRUE,TRUE,TRUE,TRUE,TRUE,TRUE,FALSE,,,,,,,-0.367460388812933,-0.0348488799579031,0,Fibroblast singlet,Fibroblast singlet,,0,6.04303196358451
PC1_cellid_000162695-1,PC1_A2,PASC,PC1,singlet,Duct2,Fibroblast,,FALSE,FALSE,182.568624676904,185.653644146197,,,Duct2 singlet,183,172,11367.7148695655,18694.2073691051,162695,TRUE,35.9177374584229,27.9955540689749,6.7625353004239,8.00901543459549,5.99317210627641,1.33635665535968,0.663356825786061,89.7395664249704,0.575891543490576,0.857144133663621,0.873903064145597,0.748295427553567,1.31773975724673,11366.8918181818,18693,3110.6405843677,5115.48850588835,TRUE,15.9632724511059,15.9818131098287,4.50833336701374,4.02286529193915,3.99531270605545,1.00689622694276,0.116837845170883,89.6075693259428,0.785379741197384,0.999999999953087,0.999999999828769,0.993197595129978,1.12839240008954,11363.25,18693,3109.6439717828,5115.48850588835,19.9544650073169,0.444439810974733,0.79998498768334,0.996612584905051,0.294745250910595,0.131997099027572,1.12710096670508,TRUE,TRUE,TRUE,TRUE,TRUE,TRUE,FALSE,,,,,,,0.746026136675493,-0.983669293915148,0,Duct2 singlet,Duct2 singlet,,0,0
PC1_cellid_000162731-1,PC1_A2,PASC,PC1,singlet,Duct2,Fibroblast,,FALSE,FALSE,243.83189294659,248.604626996952,,,Duct2 singlet,298,273,11072.7323937801,18367.5231678146,162731,TRUE,44.0910887218588,32.0731349866871,7.49256416262799,10.0294257612052,6.00674662031938,1.66969349476285,0.800814608137133,179.610238816257,0.538614278992976,0.845833363251358,0.910228584713011,0.73187252216695,1.36257704588701,11073.387755102,18368.9,3030.32085713739,5026.79595655125,TRUE,27.9634356035052,24.0274506154077,5.96692148574439,6.0204754247206,5.99310962896292,1.00456620931417,0.0952378464462138,89.9999999922356,0.608674356724556,0.874360445355474,0.901451235245994,0.775010377733475,1.28176230990627,11066.05,18368.9,3028.31282194328,5026.79595655125,16.1276531183536,0.634219666780415,1.7338812647417,2.00803519411102,0.536007472252765,89.6102388240212,0.7628213384418,TRUE,TRUE,TRUE,TRUE,TRUE,TRUE,FALSE,,,,,,,-0.367460388812933,-0.983669293915148,0,Duct2 singlet,Duct2 singlet,,0,0
PC1_cellid_000162746-1,PC1_A2,PASC,PC1,doublet_certain,Duct2,Fibroblast,Duct2__Fibroblast,FALSE,FALSE,321.378898149961,346.262447221765,TRUE,spatially_supported_contact,Supported Duct2-Fibroblast doublet,487,429,11773.6033005707,18006.8899005986,162746,TRUE,91.9269862207778,52.0226682302727,10.818737176058,16.8718354056936,9.0122414141984,1.87210202491797,0.845384081904875,168.388513577377,0.426842485040515,0.765539004588411,0.834137310290988,0.604571785551295,1.53061575755155,11769.9418949772,18008.15,3220.93845175892,4928.07384247116,TRUE,24.0272862319998,24.0001164114907,5.5310479100486,8.00913981802088,4.00456990171682,2.00000000227592,0.86602540431021,179.739566396776,0.524188983686275,0.857562879190175,0.902481519036754,0.749139967538001,1.38119836298358,11769.9996575342,18011.85,3220.95425894325,4929.08637697454,67.8996999887779,0.261373588074351,0.353864394576593,1.01265788281204,0.187204451769293,11.3510528193989,2.64384463300469,TRUE,TRUE,TRUE,TRUE,TRUE,FALSE,TRUE,PC1_A2,6.40318723785832,21.2103879299166,TRUE,TRUE,30,-0.367460388812933,-0.339557731479722,0,Supported Duct2-Fibroblast,Supported Duct2-Fibroblast,21.2103879299166,0,4.1367915191431
PC1_cellid_000162765-1,PC1_A2,PASC,PC1,singlet,Duct2,Fibroblast,,FALSE,FALSE,321.057751497457,330.73230580509,,,Duct2 singlet,412,366,11064.579296624,18037.050895313,162765,TRUE,107.999970597859,51.9960119728999,11.7264586894522,16.0090850304562,10.009133931521,1.5994475781429,0.780451871173875,179.80411775629,0.501988110531079,0.857237964460442,0.865200158305953,0.674001131103128,1.41141030612246,11068.4957762557,18032.7,3028.982128118,4934.7921457301,TRUE,24.0272862320019,20.0046471671288,5.53104791004883,6.00216898831943,4.02285523437536,1.49201714567002,0.742150215610045,179.738377261859,0.754488794832357,0.999999999968883,0.999999999863203,0.995089397682501,1.15126049580627,11057.500170068,18029.1,3025.97309280701,4933.80697702411,83.9726843658567,0.222474933064969,0.286132167985213,3.16620449151168,0.540010342416427,0.0657404944307984,3.09770538970167,TRUE,TRUE,TRUE,TRUE,TRUE,TRUE,FALSE,,,,,,,0.527346117454882,-0.801282309298045,0.0698709842598186,Duct2 singlet,Duct2 singlet,,0,0
PC1_cellid_000162786-1,PC1_A2,PASC,PC1,doublet_certain,Fibroblast,Duct2,Duct2__Fibroblast,FALSE,FALSE,267.079524115259,288.587528792245,TRUE,spatially_supported_contact,Supported Duct2-Fibroblast doublet,325,276,11947.0557587584,18062.525570214,162786,TRUE,68.1187493972964,39.9547201969803,9.31297404004448,10.0159168284508,10.0091691373875,1.00067415069446,0.0367006774057287,89.8037823347181,0.536216708928252,0.872246062370321,0.875205672946858,0.679481956193458,1.36561987388492,11945.5685787671,18065.95,3269.00009420555,4943.89127336188,TRUE,16.0183156358114,16.0092719870852,4.51609930222583,4.02286529007362,3.99550013696042,1.00684899247149,0.116441119873803,179.607569267553,0.785386704395105,0.999999999953116,0.999999999829063,0.996575502169615,1.12838739794563,11938.2748287671,18069.65,3267.0041013585,4944.90380786527,52.100433761485,0.235152814389391,0.307450715402265,2.23812724526693,0.480647155427863,89.8037869328353,2.39843736890932,TRUE,TRUE,TRUE,TRUE,TRUE,FALSE,TRUE,PC1_A2,5.00765869070756,7.06367998736006,TRUE,TRUE,30,-0.367460388812933,-0.188264841086971,0,Supported Duct2-Fibroblast,Supported Duct2-Fibroblast,7.06367998736006,0,4.82090172066367
PC1_cellid_000162799-1,PC1_A2,PASC,PC1,singlet,Fibroblast,Endothelium,,FALSE,FALSE,344.854267231519,349.533286850896,,,Fibroblast singlet,389,291,11547.5907742733,18401.2799668008,162799,TRUE,123.990202976162,51.9682581147356,12.5646022455543,16.0091370208392,9.99763812461873,1.60129190683902,0.781028201093417,89.7389732085905,0.57692706662457,0.898750393550515,0.874181235046304,0.774679451324013,1.31655662457071,11548.5061647736,18396.3,3160.340798485,5034.29418503578,TRUE,44.063754351223,28.0228882785345,7.49024128646556,8.01834495930481,6.01129082513946,1.3338807236079,0.661786655041699,179.738377249912,0.705124120044276,0.956677262254066,0.958240298521305,0.914174329014828,1.19087784138658,11544.8334474886,18392.65,3159.33573011412,5033.29533343109,79.9264486249393,0.355380935670705,0.55130379372268,1.4169922224025,0.22555305650815,89.9994040413217,2.5371804795444,TRUE,TRUE,TRUE,TRUE,TRUE,TRUE,FALSE,,,,,,,-0.367460388812933,0.558891852547659,0,Fibroblast singlet,Fibroblast singlet,,0,6.46719164391224
PC1_cellid_000162820-1,PC1_A2,PASC,PC1,singlet,Duct2,Fibroblast,,FALSE,FALSE,339.046411886002,347.199489410212,,,Duct2 singlet,466,417,11007.6458797501,18098.0615955899,162820,TRUE,135.962282871064,56.0185679367168,13.1572244468165,14.0023119232141,14.0021875345702,1.00000888331963,0.00421506742407466,179.739566435581,0.544457904626622,0.860850454478873,0.813107676129549,0.693462227077551,1.3552451014177,11006.5752283105,18098.75,3012.03707642528,4952.86725490541,TRUE,11.9451199676917,15.9819068206191,3.89987167859029,4.02286529034426,3.99531270328775,1.00689622724108,0.116837847672091,89.6075692865308,0.587683085689093,0.856862745051893,0.926777983245003,0.743197516343247,1.30445290414219,11021.2375,18105.95,3016.04952398843,4954.8375923174,124.017162903372,0.0878561297631415,0.0963182811723853,4.47011912191077,0.679492720244263,89.8680028509499,4.62867638411312,TRUE,TRUE,TRUE,TRUE,TRUE,TRUE,FALSE,,,,,,,-0.367460388812933,-0.752277689352663,0,Duct2 singlet,Duct2 singlet,,0,0
PC1_cellid_000162832-1,PC1_A2,PASC,PC1,singlet,Fibroblast,Endothelium,,FALSE,FALSE,273.036127251692,280.246659103145,,,Fibroblast singlet,310,239,11552.899814119,18296.8435581043,162832,TRUE,104.145824338258,56.0182712956618,11.5153194470024,16.0363572706527,11.9862192567023,1.33789954309608,0.664329013562094,89.9999999956302,0.417054028758461,0.765526732260285,0.829159198046918,0.541818613881163,1.54847372124336,11555.4457762557,18294,3162.23987850276,5006.29897430704,TRUE,24.0819549732702,20.0319196006596,5.53733666905844,6.02053762020877,4.02273065718778,1.49662956065818,0.744010421150615,89.7395664321904,0.754147797696301,0.999999999968903,0.999999999863389,0.994341373387648,1.15152074463762,11559.0748863636,18293.95,3163.23301342192,5006.28529140835,80.0638693649882,0.231233034295656,0.300784300849609,0.993229172626653,0.172505708673179,0.26043356343979,2.98899138897199,TRUE,TRUE,TRUE,TRUE,TRUE,TRUE,FALSE,,,,,,,-0.367460388812933,0.737035557554484,0,Fibroblast singlet,Fibroblast singlet,,0,5.87447756548424
