CellID,display_class,feature,value
PC1_cellid_000152206-1,Supported Duct2-Fibroblast,Cell area,80.0365349943545
PC1_cellid_000152252-1,Fibroblast singlet,Cell area,100.100337484208
PC1_cellid_000152253-1,Duct2 singlet,Cell area,143.808370573741
PC1_cellid_000152270-1,Duct2 singlet,Cell area,91.9816549620461
PC1_cellid_000152277-1,Fibroblast singlet,Cell area,112.182129305083
PC1_cellid_000152283-1,Duct2 singlet,Cell area,64.0185938019782
PC1_cellid_000152292-1,Fibroblast singlet,Cell area,175.980924811673
PC1_cellid_000152293-1,Duct2 singlet,Cell area,175.817667474727
PC1_cellid_000152340-1,Fibroblast singlet,Cell area,83.8906812539433
PC1_cellid_000152348-1,Duct2 singlet,Cell area,119.917381751481
PC1_cellid_000152361-1,Fibroblast singlet,Cell area,112.154794934446
PC1_cellid_000152362-1,Fibroblast singlet,Cell area,56.0635430601913
PC1_cellid_000152369-1,Fibroblast singlet,Cell area,39.9366388287042
PC1_cellid_000152370-1,Duct2 singlet,Cell area,75.8813362143252
PC1_cellid_000152407-1,Fibroblast singlet,Cell area,215.971857938217
PC1_cellid_000152414-1,Fibroblast singlet,Cell area,119.972050492752
PC1_cellid_000152420-1,Fibroblast singlet,Cell area,68.0086630278846
PC1_cellid_000152428-1,Fibroblast singlet,Cell area,92.0086148892503
PC1_cellid_000152437-1,Fibroblast singlet,Cell area,55.9815399482794
PC1_cellid_000152456-1,Fibroblast singlet,Cell area,88.0177967764689
PC1_cellid_000152531-1,Duct2 singlet,Cell area,135.962657314501
PC1_cellid_000152537-1,Duct2 singlet,Cell area,68.0094119147498
PC1_cellid_000152554-1,Duct2 singlet,Cell area,88.0455055905428
PC1_cellid_000152556-1,Duct2 singlet,Cell area,148.04519802223
PC1_cellid_000152576-1,Fibroblast singlet,Cell area,79.9545318824459
PC1_cellid_000152578-1,Duct2 singlet,Cell area,139.982307571647
PC1_cellid_000152594-1,Duct2 singlet,Cell area,144.000460055043
PC1_cellid_000152597-1,Duct2 singlet,Cell area,183.880557925316
PC1_cellid_000152672-1,Fibroblast singlet,Cell area,116.035901121252
PC1_cellid_000152674-1,Fibroblast singlet,Cell area,115.981606823409
PC1_cellid_000152690-1,Fibroblast singlet,Cell area,71.89051810155
PC1_cellid_000152692-1,Fibroblast singlet,Cell area,55.9272456504438
PC1_cellid_000152699-1,Duct2 singlet,Cell area,68.0637062125851
PC1_cellid_000152708-1,Duct2 singlet,Cell area,63.9905105444725
PC1_cellid_000152719-1,Duct2 singlet,Cell area,96.0275162595213
PC1_cellid_000152736-1,Duct2 singlet,Cell area,75.9082961415293
PC1_cellid_000152740-1,Duct2 singlet,Cell area,104.036486855718
PC1_cellid_000152777-1,Fibroblast singlet,Cell area,151.953638579666
PC1_cellid_000152829-1,Fibroblast singlet,Cell area,108.1093080804
PC1_cellid_000152890-1,Supported Duct2-Fibroblast,Cell area,195.881469964591
PC1_cellid_000152941-1,Duct2 singlet,Cell area,191.972654963714
PC1_cellid_000152982-1,Supported Duct2-Fibroblast,Cell area,103.899440559099
PC1_cellid_000152996-1,Duct2 singlet,Cell area,155.916747878379
PC1_cellid_000153035-1,Duct2 singlet,Cell area,84.054313034334
PC1_cellid_000153040-1,Fibroblast singlet,Cell area,87.9354192211243
PC1_cellid_000153092-1,Duct2 singlet,Cell area,55.9542055776439
PC1_cellid_000153102-1,Duct2 singlet,Cell area,115.871894897428
PC1_cellid_000153104-1,Supported Duct2-Fibroblast,Cell area,131.890959420116
PC1_cellid_000153132-1,Duct2 singlet,Cell area,68.0367462853851
PC1_cellid_000153150-1,Fibroblast singlet,Cell area,88.0181712199048
PC1_cellid_000153170-1,Supported Duct2-Fibroblast,Cell area,176.063302367008
PC1_cellid_000153180-1,Fibroblast singlet,Cell area,63.991259431335
PC1_cellid_000153186-1,Fibroblast singlet,Cell area,107.862549857813
PC1_cellid_000153218-1,Fibroblast singlet,Cell area,80.091203735618
PC1_cellid_000153220-1,Fibroblast singlet,Cell area,92.1183268152279
PC1_cellid_000153227-1,Fibroblast singlet,Cell area,59.9723580610572
PC1_cellid_000153239-1,Supported Duct2-Fibroblast,Cell area,111.880702341219
PC1_cellid_000153244-1,Duct2 singlet,Cell area,160.154324213742
PC1_cellid_000153247-1,Duct2 singlet,Cell area,88.0174223330439
PC1_cellid_000153260-1,Duct2 singlet,Cell area,100.017959928869
PC1_cellid_000153277-1,Duct2 singlet,Cell area,68.0363718419531
PC1_cellid_000153284-1,Duct2 singlet,Cell area,244.045005467691
PC1_cellid_000153307-1,Supported Duct2-Fibroblast,Cell area,159.990692433369
PC1_cellid_000153322-1,Supported Duct2-Fibroblast,Cell area,95.9178043335461
PC1_cellid_000153324-1,Fibroblast singlet,Cell area,147.962446023461
PC1_cellid_000153331-1,Duct2 singlet,Cell area,200.145631783711
PC1_cellid_000153332-1,Fibroblast singlet,Cell area,56.0088743189212
PC1_cellid_000153348-1,Duct2 singlet,Cell area,128.036064273644
PC1_cellid_000153359-1,Fibroblast singlet,Cell area,67.8993255453428
PC1_cellid_000153364-1,Duct2 singlet,Cell area,128.036064273647
PC1_cellid_000153366-1,Duct2 singlet,Cell area,83.9723099224188
PC1_cellid_000153371-1,Fibroblast singlet,Cell area,67.9270343594036
PC1_cellid_000153405-1,Supported Duct2-Fibroblast,Cell area,127.981021088941
PC1_cellid_000153436-1,Fibroblast singlet,Cell area,107.889884228443
PC1_cellid_000153444-1,Duct2 singlet,Cell area,135.96303175793
PC1_cellid_000153460-1,Duct2 singlet,Cell area,307.679420307035
PC1_cellid_000153492-1,Duct2 singlet,Cell area,44.0641287946583
PC1_cellid_000153494-1,Fibroblast singlet,Cell area,92.0082404458124
PC1_cellid_000153516-1,Fibroblast singlet,Cell area,51.8540499823234
PC1_cellid_000153597-1,Fibroblast singlet,Cell area,64.0998480270102
PC1_cellid_000153604-1,Duct2 singlet,Cell area,27.908392418802
PC1_cellid_000153618-1,Duct2 singlet,Cell area,191.999614890921
PC1_cellid_000153624-1,Supported Duct2-Fibroblast,Cell area,60.082069987036
PC1_cellid_000153648-1,Fibroblast singlet,Cell area,80.0088261802752
PC1_cellid_000153655-1,Fibroblast singlet,Cell area,47.9175261673852
PC1_cellid_000153680-1,Fibroblast singlet,Cell area,68.0633317691581
PC1_cellid_000153748-1,Fibroblast singlet,Cell area,119.78070989831
PC1_cellid_000153752-1,Duct2 singlet,Cell area,115.981606823412
PC1_cellid_000153757-1,Duct2 singlet,Cell area,127.954435605175
PC1_cellid_000153768-1,Duct2 singlet,Cell area,279.881488701089
PC1_cellid_000153776-1,Supported Duct2-Fibroblast,Cell area,187.926419222797
PC1_cellid_000153787-1,Duct2 singlet,Cell area,136.072743683894
PC1_cellid_000153824-1,Fibroblast singlet,Cell area,67.9000744322103
PC1_cellid_000153831-1,Supported Duct2-Fibroblast,Cell area,123.990577419604
PC1_cellid_000153841-1,Supported Duct2-Fibroblast,Cell area,40.0182674971756
PC1_cellid_000153850-1,Duct2 singlet,Cell area,120.16413997408
PC1_cellid_000153860-1,Duct2 singlet,Cell area,55.9542055776454
PC1_cellid_000153861-1,Fibroblast singlet,Cell area,47.9725693520933
PC1_cellid_000153867-1,Duct2 singlet,Cell area,200.007836600235
PC1_cellid_000153868-1,Fibroblast singlet,Cell area,43.8997481274115
PC1_cellid_000153879-1,Duct2 singlet,Cell area,135.854068718826
PC1_cellid_000153905-1,Fibroblast singlet,Cell area,60.027401245767
PC1_cellid_000153909-1,Fibroblast singlet,Cell area,148.099866763503
PC1_cellid_000153925-1,Duct2 singlet,Cell area,219.908756196579
PC1_cellid_000153969-1,Duct2 singlet,Cell area,175.844252958493
PC1_cellid_000153988-1,Duct2 singlet,Cell area,112.155543821319
PC1_cellid_000154013-1,Supported Duct2-Fibroblast,Cell area,107.999596154417
PC1_cellid_000154018-1,Duct2 singlet,Cell area,216.026526679479
PC1_cellid_000154063-1,Fibroblast singlet,Cell area,87.9631280352026
PC1_cellid_000154073-1,Fibroblast singlet,Cell area,80.0638693649871
PC1_cellid_000154090-1,Fibroblast singlet,Cell area,52.0446416899113
PC1_cellid_000154093-1,Fibroblast singlet,Cell area,36.1637467941381
PC1_cellid_000154100-1,Duct2 singlet,Cell area,184.044938592556
PC1_cellid_000154117-1,Duct2 singlet,Cell area,124.045246160871
PC1_cellid_000154121-1,Fibroblast singlet,Cell area,76.0176336240723
PC1_cellid_000154124-1,Supported Duct2-Fibroblast,Cell area,111.907662268422
PC1_cellid_000154140-1,Duct2 singlet,Cell area,108.054264895694
PC1_cellid_000154199-1,Fibroblast singlet,Cell area,59.9996924316931
PC1_cellid_000154242-1,Supported Duct2-Fibroblast,Cell area,140.008518611976
PC1_cellid_000154316-1,Supported Duct2-Fibroblast,Cell area,156.081502989059
PC1_cellid_000154329-1,Supported Duct2-Fibroblast,Cell area,272.117404110304
PC1_cellid_000154334-1,Supported Duct2-Fibroblast,Cell area,95.8900955194822
PC1_cellid_000154344-1,Fibroblast singlet,Cell area,104.09115559698
PC1_cellid_000154377-1,Fibroblast singlet,Cell area,123.853905566418
PC1_cellid_000154379-1,Duct2 singlet,Cell area,36.1090780528722
PC1_cellid_000154396-1,Fibroblast singlet,Cell area,87.9088337373646
PC1_cellid_000154435-1,Fibroblast singlet,Cell area,123.96324304896
PC1_cellid_000154443-1,Supported Duct2-Fibroblast,Cell area,127.844723679191
PC1_cellid_000154444-1,Supported Duct2-Fibroblast,Cell area,168.108626068661
PC1_cellid_000154461-1,Fibroblast singlet,Cell area,80.0634949215534
PC1_cellid_000154519-1,Duct2 singlet,Cell area,96.0275162595233
PC1_cellid_000154523-1,Duct2 singlet,Cell area,59.9996924316945
PC1_cellid_000154537-1,Fibroblast singlet,Cell area,88.0455055905445
PC1_cellid_000154555-1,Duct2 singlet,Cell area,196.209856855642
PC1_cellid_000154578-1,Duct2 singlet,Cell area,216.163572976088
PC1_cellid_000154582-1,Supported Duct2-Fibroblast,Cell area,139.899555572872
PC1_cellid_000154595-1,Fibroblast singlet,Cell area,144.027419982253
PC1_cellid_000154601-1,Supported Duct2-Fibroblast,Cell area,171.990106698893
PC1_cellid_000154646-1,Fibroblast singlet,Cell area,107.835589930609
PC1_cellid_000154648-1,Duct2 singlet,Cell area,71.9998555840934
PC1_cellid_000154677-1,Supported Duct2-Fibroblast,Cell area,119.999384863386
PC1_cellid_000154682-1,Fibroblast singlet,Cell area,88.0177967764688
PC1_cellid_000154694-1,Fibroblast singlet,Cell area,83.9453499952216
PC1_cellid_000154705-1,Duct2 singlet,Cell area,143.835704944384
PC1_cellid_000154716-1,Fibroblast singlet,Cell area,68.0359973985211
PC1_cellid_000154734-1,Fibroblast singlet,Cell area,43.9544168686799
PC1_cellid_000154800-1,Duct2 singlet,Cell area,211.762364860344
PC1_cellid_000154819-1,Supported Duct2-Fibroblast,Cell area,103.899440559099
PC1_cellid_000154821-1,Fibroblast singlet,Cell area,127.871683606402
PC1_cellid_000154850-1,Duct2 singlet,Cell area,211.926371084159
PC1_cellid_000154855-1,Duct2 singlet,Cell area,119.890047380847
PC1_cellid_000154857-1,Fibroblast singlet,Cell area,63.9635506172682
PC1_cellid_000154862-1,Duct2 singlet,Cell area,108.109682523837
PC1_cellid_000154866-1,Supported Duct2-Fibroblast,Cell area,111.881076784648
PC1_cellid_000154871-1,Duct2 singlet,Cell area,47.9179006108228
PC1_cellid_000154878-1,Fibroblast singlet,Cell area,91.8992774067017
PC1_cellid_000154888-1,Fibroblast singlet,Cell area,48.0276125367984
PC1_cellid_000154913-1,Fibroblast singlet,Cell area,80.1181636628218
PC1_cellid_000154926-1,Fibroblast singlet,Cell area,59.9723580610591
PC1_cellid_000154927-1,Fibroblast singlet,Cell area,99.9906255582388
PC1_cellid_000154948-1,Fibroblast singlet,Cell area,83.9992698496252
PC1_cellid_000154986-1,Duct2 singlet,Cell area,80.0638693649895
PC1_cellid_000155100-1,Fibroblast singlet,Cell area,64.0732625432482
PC1_cellid_000155109-1,Supported Duct2-Fibroblast,Cell area,112.045457451904
PC1_cellid_000155152-1,Duct2 singlet,Cell area,87.9908368492614
PC1_cellid_000155164-1,Duct2 singlet,Cell area,119.890047380844
PC1_cellid_000155182-1,Duct2 singlet,Cell area,80.0088261802795
PC1_cellid_000155184-1,Duct2 singlet,Cell area,135.99036612857
PC1_cellid_000155196-1,Duct2 singlet,Cell area,152.009430651237
PC1_cellid_000155201-1,Fibroblast singlet,Cell area,48.0541980205682
PC1_cellid_000155234-1,Supported Duct2-Fibroblast,Cell area,91.9539461479756
PC1_cellid_000155243-1,Fibroblast singlet,Cell area,107.972261783791
PC1_cellid_000155259-1,Supported Duct2-Fibroblast,Cell area,176.035967996363
PC1_cellid_000155345-1,Supported Duct2-Fibroblast,Cell area,115.92656363869
PC1_cellid_000155372-1,Fibroblast singlet,Cell area,91.953571704544
PC1_cellid_000155381-1,Duct2 singlet,Cell area,284.090981778936
PC1_cellid_000155417-1,Duct2 singlet,Cell area,143.917333612843
PC1_cellid_000155440-1,Duct2 singlet,Cell area,100.045294299503
PC1_cellid_000155442-1,Fibroblast singlet,Cell area,44.0090856099524
PC1_cellid_000155443-1,Fibroblast singlet,Cell area,95.9728475182489
PC1_cellid_000155444-1,Duct2 singlet,Cell area,23.99957741793
PC1_cellid_000155450-1,Duct2 singlet,Cell area,79.9811173662138
PC1_cellid_000155478-1,Fibroblast singlet,Cell area,44.0090856099529
PC1_cellid_000155508-1,Duct2 singlet,Cell area,199.981251116474
PC1_cellid_000155510-1,Duct2 singlet,Cell area,71.9728956568951
PC1_cellid_000155519-1,Fibroblast singlet,Cell area,80.0092006237187
PC1_cellid_000155525-1,Fibroblast singlet,Cell area,140.035852982611
PC1_cellid_000155530-1,Duct2 singlet,Cell area,123.716484826378
PC1_cellid_000155554-1,Supported Duct2-Fibroblast,Cell area,124.127249272772
PC1_cellid_000155555-1,Supported Duct2-Fibroblast,Cell area,75.9914225837305
PC1_cellid_000155569-1,Duct2 singlet,Cell area,92.0089893326848
PC1_cellid_000155573-1,Duct2 singlet,Cell area,196.045101744964
PC1_cellid_000155578-1,Fibroblast singlet,Cell area,115.954272452764
PC1_cellid_000155585-1,Duct2 singlet,Cell area,147.826897500576
PC1_cellid_000155588-1,Duct2 singlet,Cell area,91.9809060751717
PC1_cellid_000155607-1,Duct2 singlet,Cell area,108.054639339125
PC1_cellid_000155608-1,Supported Duct2-Fibroblast,Cell area,55.8995368363767
PC1_cellid_000155632-1,Duct2 singlet,Cell area,60.0820699870345
PC1_cellid_000155664-1,Duct2 singlet,Cell area,171.990855585761
PC1_cellid_000155667-1,Fibroblast singlet,Cell area,47.9452349814561
PC1_cellid_000155668-1,Fibroblast singlet,Cell area,135.991489458869
PC1_cellid_000155670-1,Fibroblast singlet,Cell area,75.9363793990338
PC1_cellid_000155681-1,Fibroblast singlet,Cell area,116.008566750607
PC1_cellid_000155724-1,Supported Duct2-Fibroblast,Cell area,119.808418712371
PC1_cellid_000155786-1,Duct2 singlet,Cell area,124.072580531499
PC1_cellid_000155792-1,Fibroblast singlet,Cell area,55.9815399482833
PC1_cellid_000155809-1,Fibroblast singlet,Cell area,155.944831135884
PC1_cellid_000155824-1,Duct2 singlet,Cell area,232.017882388083
PC1_cellid_000155860-1,Fibroblast singlet,Cell area,64.0455537291818
PC1_cellid_000155871-1,Fibroblast singlet,Cell area,59.9727325044898
PC1_cellid_000155895-1,Duct2 singlet,Cell area,104.118489967621
PC1_cellid_000155901-1,Duct2 singlet,Cell area,92.0636580739492
PC1_cellid_000155908-1,Fibroblast singlet,Cell area,64.0182193585377
PC1_cellid_000155913-1,Fibroblast singlet,Cell area,131.99954801579
PC1_cellid_000155943-1,Duct2 singlet,Cell area,36.0270749409657
PC1_cellid_000155979-1,Fibroblast singlet,Cell area,111.935745525926
PC1_cellid_000155981-1,Duct2 singlet,Cell area,32.0362568281911
PC1_cellid_000155987-1,Fibroblast singlet,Cell area,91.9550694782749
PC1_cellid_000156001-1,Duct2 singlet,Cell area,76.0457168815803
PC1_cellid_000156015-1,Duct2 singlet,Cell area,168.081291698028
PC1_cellid_000156029-1,Fibroblast singlet,Cell area,132.081925571121
PC1_cellid_000156102-1,Duct2 singlet,Cell area,59.9173148763578
PC1_cellid_000156162-1,Duct2 singlet,Cell area,139.871472315371
PC1_cellid_000156167-1,Fibroblast singlet,Cell area,88.0997998883809
PC1_cellid_000156188-1,Fibroblast singlet,Cell area,56.008874318919
PC1_cellid_000156201-1,Duct2 singlet,Cell area,75.9906736968707
PC1_cellid_000156239-1,Fibroblast singlet,Cell area,55.9815399482804
PC1_cellid_000156255-1,Fibroblast singlet,Cell area,143.97200235412
PC1_cellid_000156288-1,Supported Duct2-Fibroblast,Cell area,127.981021088949
PC1_cellid_000156319-1,Fibroblast singlet,Cell area,39.8538868299306
PC1_cellid_000156375-1,Supported Duct2-Fibroblast,Cell area,132.246306238372
PC1_cellid_000156391-1,Duct2 singlet,Cell area,120.02709367746
PC1_cellid_000156392-1,Fibroblast singlet,Cell area,199.926582375205
PC1_cellid_000156396-1,Fibroblast singlet,Cell area,60.0820699870359
PC1_cellid_000156398-1,Duct2 singlet,Cell area,132.108885498327
PC1_cellid_000156428-1,Duct2 singlet,Cell area,132.16430312646
PC1_cellid_000156431-1,Fibroblast singlet,Cell area,115.980857936549
PC1_cellid_000156479-1,Duct2 singlet,Cell area,115.98235571028
PC1_cellid_000156481-1,Fibroblast singlet,Cell area,51.9356786507985
PC1_cellid_000156526-1,Fibroblast singlet,Cell area,107.889884228449
PC1_cellid_000156639-1,Duct2 singlet,Cell area,35.9181119018557
PC1_cellid_000156641-1,Fibroblast singlet,Cell area,60.0824444304664
PC1_cellid_000156649-1,Fibroblast singlet,Cell area,35.944697385625
PC1_cellid_000156652-1,Duct2 singlet,Cell area,67.9266599159726
PC1_cellid_000156709-1,Duct2 singlet,Cell area,79.9549063258875
PC1_cellid_000156712-1,Fibroblast singlet,Cell area,275.890296144868
PC1_cellid_000156741-1,Fibroblast singlet,Cell area,204.246161822471
PC1_cellid_000156783-1,Fibroblast singlet,Cell area,79.9271975118068
PC1_cellid_000156806-1,Fibroblast singlet,Cell area,155.999499877147
PC1_cellid_000156812-1,Duct2 singlet,Cell area,168.137083769597
PC1_cellid_000156813-1,Duct2 singlet,Cell area,71.944812399391
PC1_cellid_000156818-1,Duct2 singlet,Cell area,36.0547837550357
PC1_cellid_000156836-1,Fibroblast singlet,Cell area,64.0455537291764
PC1_cellid_000156859-1,Duct2 singlet,Cell area,152.008307320947
PC1_cellid_000156873-1,Fibroblast singlet,Cell area,107.97263622722
PC1_cellid_000156887-1,Fibroblast singlet,Cell area,120.218808715338
PC1_cellid_000156897-1,Fibroblast singlet,Cell area,44.0910887218594
PC1_cellid_000156913-1,Duct2 singlet,Cell area,111.96307989657
PC1_cellid_000156919-1,Fibroblast singlet,Cell area,47.9995292792959
PC1_cellid_000156931-1,Duct2 singlet,Cell area,195.991181890554
PC1_cellid_000156940-1,Fibroblast singlet,Cell area,111.854116857456
PC1_cellid_000156941-1,Fibroblast singlet,Cell area,32.0089224575564
PC1_cellid_000156946-1,Fibroblast singlet,Cell area,84.081647404967
PC1_cellid_000156947-1,Fibroblast singlet,Cell area,96.027141816093
PC1_cellid_000156979-1,Fibroblast singlet,Cell area,60.0274012457615
PC1_cellid_000156993-1,Supported Duct2-Fibroblast,Cell area,103.927523816601
PC1_cellid_000156999-1,Fibroblast singlet,Cell area,51.990721835507
PC1_cellid_000157009-1,Fibroblast singlet,Cell area,63.9628017304024
PC1_cellid_000157018-1,Fibroblast singlet,Cell area,68.0363718419558
PC1_cellid_000157042-1,Duct2 singlet,Cell area,211.844367972262
PC1_cellid_000157054-1,Fibroblast singlet,Cell area,60.0820699870387
PC1_cellid_000157059-1,Duct2 singlet,Cell area,139.899555572868
PC1_cellid_000157091-1,Fibroblast singlet,Cell area,67.8173224334331
PC1_cellid_000157104-1,Fibroblast singlet,Cell area,131.807832977898
PC1_cellid_000157108-1,Supported Duct2-Fibroblast,Cell area,79.8991142543079
PC1_cellid_000157115-1,Fibroblast singlet,Cell area,40.1002706090815
PC1_cellid_000157125-1,Fibroblast singlet,Cell area,168.08129169803
PC1_cellid_000157126-1,Supported Duct2-Fibroblast,Cell area,55.9819143917125
PC1_cellid_000157133-1,Supported Duct2-Fibroblast,Cell area,124.018286233672
PC1_cellid_000157141-1,Duct2 singlet,Cell area,67.953619843178
PC1_cellid_000157144-1,Supported Duct2-Fibroblast,Cell area,239.999518613636
PC1_cellid_000157146-1,Fibroblast singlet,Cell area,47.999903722728
PC1_cellid_000157163-1,Supported Duct2-Fibroblast,Cell area,99.9082480028921
PC1_cellid_000157193-1,Supported Duct2-Fibroblast,Cell area,163.981136102715
PC1_cellid_000157221-1,Duct2 singlet,Cell area,95.9170554466833
PC1_cellid_000157227-1,Fibroblast singlet,Cell area,176.064051253874
PC1_cellid_000157228-1,Fibroblast singlet,Cell area,43.8724137567728
PC1_cellid_000157238-1,Fibroblast singlet,Cell area,55.8722024657414
PC1_cellid_000157287-1,Fibroblast singlet,Cell area,55.9545800210789
PC1_cellid_000157307-1,Fibroblast singlet,Cell area,64.0182193585407
PC1_cellid_000157319-1,Duct2 singlet,Cell area,35.9720317562655
PC1_cellid_000157331-1,Fibroblast singlet,Cell area,132.054216757055
PC1_cellid_000157335-1,Duct2 singlet,Cell area,68.0637062125882
PC1_cellid_000157343-1,Fibroblast singlet,Cell area,87.9088337373601
PC1_cellid_000157358-1,Supported Duct2-Fibroblast,Cell area,123.990577419596
PC1_cellid_000157371-1,Fibroblast singlet,Cell area,99.9089968897638
PC1_cellid_000157408-1,Fibroblast singlet,Cell area,88.0462544774004
PC1_cellid_000157441-1,Duct2 singlet,Cell area,111.990414267196
PC1_cellid_000157460-1,Fibroblast singlet,Cell area,52.0457650202055
PC1_cellid_000157473-1,Duct2 singlet,Cell area,175.95396488447
PC1_cellid_000157497-1,Supported Duct2-Fibroblast,Cell area,108.081599266329
PC1_cellid_000157507-1,Duct2 singlet,Cell area,180.13574914826
PC1_cellid_000157547-1,Fibroblast singlet,Cell area,88.1275087024533
PC1_cellid_000157620-1,Fibroblast singlet,Cell area,23.9729919341594
PC1_cellid_000157641-1,Duct2 singlet,Cell area,39.9635987559005
PC1_cellid_000157651-1,Fibroblast singlet,Cell area,76.1003856228471
PC1_cellid_000157654-1,Supported Duct2-Fibroblast,Cell area,67.9817031006819
PC1_cellid_000157658-1,Fibroblast singlet,Cell area,55.9815399482799
PC1_cellid_000157662-1,Fibroblast singlet,Cell area,123.853156679551
PC1_cellid_000157679-1,Supported Duct2-Fibroblast,Cell area,72.0271899547298
PC1_cellid_000157700-1,Duct2 singlet,Cell area,123.962868605534
PC1_cellid_000157715-1,Fibroblast singlet,Cell area,67.8723656181413
PC1_cellid_000157719-1,Supported Duct2-Fibroblast,Cell area,95.8900955194855
PC1_cellid_000157739-1,Fibroblast singlet,Cell area,79.9271975118203
PC1_cellid_000157775-1,Fibroblast singlet,Cell area,83.9449755517889
PC1_cellid_000157814-1,Fibroblast singlet,Cell area,95.9724730748236
PC1_cellid_000157821-1,Duct2 singlet,Cell area,76.0180080675164
PC1_cellid_000157826-1,Fibroblast singlet,Cell area,59.862646135085
PC1_cellid_000157842-1,Duct2 singlet,Cell area,151.98172183717
PC1_cellid_000157898-1,Fibroblast singlet,Cell area,63.9905105444665
PC1_cellid_000157908-1,Fibroblast singlet,Cell area,67.9543687300488
PC1_cellid_000157918-1,Fibroblast singlet,Cell area,44.0090856099513
PC1_cellid_000157932-1,Fibroblast singlet,Cell area,163.981136102688
PC1_cellid_000157934-1,Supported Duct2-Fibroblast,Cell area,159.935649248657
PC1_cellid_000157964-1,Supported Duct2-Fibroblast,Cell area,55.9268712070066
PC1_cellid_000158008-1,Duct2 singlet,Cell area,112.045083008467
PC1_cellid_000158028-1,Fibroblast singlet,Cell area,48.1912443171779
PC1_cellid_000158053-1,Fibroblast singlet,Cell area,96.0541017433006
PC1_cellid_000158065-1,Fibroblast singlet,Cell area,56.0096232057837
PC1_cellid_000158071-1,Fibroblast singlet,Cell area,123.881239937054
PC1_cellid_000158099-1,Duct2 singlet,Cell area,315.825811643269
PC1_cellid_000158105-1,Fibroblast singlet,Cell area,55.8722024657388
PC1_cellid_000158109-1,Duct2 singlet,Cell area,59.8637694653854
PC1_cellid_000158130-1,Fibroblast singlet,Cell area,88.0732144046098
PC1_cellid_000158153-1,Duct2 singlet,Cell area,187.871001594658
PC1_cellid_000158169-1,Supported Duct2-Fibroblast,Cell area,127.926726791098
PC1_cellid_000158181-1,Fibroblast singlet,Cell area,48.0549469074269
PC1_cellid_000158191-1,Duct2 singlet,Cell area,119.999759306822
PC1_cellid_000158219-1,Fibroblast singlet,Cell area,59.8087262806774
PC1_cellid_000158243-1,Duct2 singlet,Cell area,39.9628498690371
PC1_cellid_000158257-1,Supported Duct2-Fibroblast,Cell area,175.926630513836
PC1_cellid_000158282-1,Duct2 singlet,Cell area,192.219038742874
PC1_cellid_000158315-1,Duct2 singlet,Cell area,128.036438717087
PC1_cellid_000158320-1,Duct2 singlet,Cell area,227.943937833099
PC1_cellid_000158356-1,Supported Duct2-Fibroblast,Cell area,163.953801732066
PC1_cellid_000158358-1,Fibroblast singlet,Cell area,79.9534085521461
PC1_cellid_000158360-1,Duct2 singlet,Cell area,179.970994037579
PC1_cellid_000158376-1,Duct2 singlet,Cell area,83.9723099224258
PC1_cellid_000158387-1,Duct2 singlet,Cell area,72.1091930666314
PC1_cellid_000158389-1,Fibroblast singlet,Cell area,95.9994330020197
PC1_cellid_000158407-1,Fibroblast singlet,Cell area,151.980972950298
PC1_cellid_000158429-1,Duct2 singlet,Cell area,68.0090374713178
PC1_cellid_000158433-1,Fibroblast singlet,Cell area,40.045601867812
PC1_cellid_000158457-1,Fibroblast singlet,Cell area,28.0727730860491
PC1_cellid_000158459-1,Duct2 singlet,Cell area,84.0269786636932
PC1_cellid_000158465-1,Fibroblast singlet,Cell area,140.009267498853
PC1_cellid_000158474-1,Supported Duct2-Fibroblast,Cell area,48.0272380933683
PC1_cellid_000158481-1,Duct2 singlet,Cell area,72.1091930666361
PC1_cellid_000158517-1,Fibroblast singlet,Cell area,79.8991142543068
PC1_cellid_000158523-1,Duct2 singlet,Cell area,123.853156679559
PC1_cellid_000158545-1,Fibroblast singlet,Cell area,60.0547356163973
PC1_cellid_000158553-1,Supported Duct2-Fibroblast,Cell area,143.944667983485
PC1_cellid_000158575-1,Supported Duct2-Fibroblast,Cell area,132.027631273289
PC1_cellid_000158579-1,Fibroblast singlet,Cell area,140.035478539188
PC1_cellid_000158588-1,Fibroblast singlet,Cell area,111.881076784658
PC1_cellid_000158618-1,Duct2 singlet,Cell area,92.0909924445874
PC1_cellid_000158636-1,Duct2 singlet,Cell area,160.045361174633
PC1_cellid_000158647-1,Fibroblast singlet,Cell area,47.9999037227283
PC1_cellid_000158676-1,Fibroblast singlet,Cell area,24.0546206026327
PC1_cellid_000158681-1,Fibroblast singlet,Cell area,40.0182674971762
PC1_cellid_000158693-1,Duct2 singlet,Cell area,96.0544761867289
PC1_cellid_000158708-1,Duct2 singlet,Cell area,132.054591200494
PC1_cellid_000158709-1,Fibroblast singlet,Cell area,107.944927413159
PC1_cellid_000158725-1,Duct2 singlet,Cell area,191.972280520272
PC1_cellid_000158742-1,Supported Duct2-Fibroblast,Cell area,95.8900955194817
PC1_cellid_000158797-1,Duct2 singlet,Cell area,75.9906736968714
PC1_cellid_000158813-1,Fibroblast singlet,Cell area,40.072561795012
PC1_cellid_000158824-1,Fibroblast singlet,Cell area,95.9724730748279
PC1_cellid_000158826-1,Fibroblast singlet,Cell area,84.1643994037394
PC1_cellid_000158829-1,Fibroblast singlet,Cell area,127.954061161744
PC1_cellid_000158833-1,Fibroblast singlet,Cell area,71.9994811406657
PC1_cellid_000158844-1,Supported Duct2-Fibroblast,Cell area,119.917381751482
PC1_cellid_000158854-1,Fibroblast singlet,Cell area,56.0365831329877
PC1_cellid_000158857-1,Duct2 singlet,Cell area,27.9911444175758
PC1_cellid_000158859-1,Fibroblast singlet,Cell area,35.9450718290591
PC1_cellid_000158880-1,Fibroblast singlet,Cell area,63.9354673597671
PC1_cellid_000158959-1,Duct2 singlet,Cell area,59.9450236904279
PC1_cellid_000158970-1,Fibroblast singlet,Cell area,71.9451868428195
PC1_cellid_000158975-1,Fibroblast singlet,Cell area,171.90772914355
PC1_cellid_000158977-1,Supported Duct2-Fibroblast,Cell area,176.035967996391
PC1_cellid_000158985-1,Duct2 singlet,Cell area,75.9910481403028
PC1_cellid_000159019-1,Duct2 singlet,Cell area,87.9354192211314
PC1_cellid_000159036-1,Fibroblast singlet,Cell area,51.9360530942333
PC1_cellid_000159041-1,Fibroblast singlet,Cell area,64.0728880998093
PC1_cellid_000159044-1,Fibroblast singlet,Cell area,112.10012619318
PC1_cellid_000159057-1,Fibroblast singlet,Cell area,59.9446492469926
PC1_cellid_000159061-1,Duct2 singlet,Cell area,99.9089968897722
PC1_cellid_000159069-1,Duct2 singlet,Cell area,79.8448199564738
PC1_cellid_000159092-1,Supported Duct2-Fibroblast,Cell area,107.99959615442
PC1_cellid_000159113-1,Duct2 singlet,Cell area,64.1002224704441
PC1_cellid_000159136-1,Duct2 singlet,Cell area,111.88182567153
PC1_cellid_000159146-1,Fibroblast singlet,Cell area,51.9633874648722
PC1_cellid_000159149-1,Fibroblast singlet,Cell area,71.9725212134532
PC1_cellid_000159171-1,Duct2 singlet,Cell area,72.0818586959955
PC1_cellid_000159201-1,Fibroblast singlet,Cell area,43.9825001261831
PC1_cellid_000159202-1,Fibroblast singlet,Cell area,59.9453981338565
PC1_cellid_000159214-1,Supported Duct2-Fibroblast,Cell area,59.9176893197867
PC1_cellid_000159270-1,Fibroblast singlet,Cell area,39.9905586831088
PC1_cellid_000159323-1,Duct2 singlet,Cell area,111.880702341227
PC1_cellid_000159329-1,Duct2 singlet,Cell area,51.9633874648646
PC1_cellid_000159334-1,Duct2 singlet,Cell area,71.8908925449882
PC1_cellid_000159342-1,Supported Duct2-Fibroblast,Cell area,99.9636656310399
PC1_cellid_000159353-1,Duct2 singlet,Cell area,107.999596154422
PC1_cellid_000159356-1,Fibroblast singlet,Cell area,75.9910481402994
PC1_cellid_000159386-1,Supported Duct2-Fibroblast,Cell area,104.200493079522
PC1_cellid_000159407-1,Duct2 singlet,Cell area,43.8997481274084
PC1_cellid_000159414-1,Fibroblast singlet,Cell area,79.8171111424051
PC1_cellid_000159423-1,Fibroblast singlet,Cell area,27.9907699741437
PC1_cellid_000159427-1,Fibroblast singlet,Cell area,71.9178524721957
PC1_cellid_000159431-1,Duct2 singlet,Cell area,79.8991142543089
PC1_cellid_000159433-1,Fibroblast singlet,Cell area,31.89921053158
PC1_cellid_000159436-1,Fibroblast singlet,Cell area,68.0090374713116
PC1_cellid_000159491-1,Fibroblast singlet,Cell area,131.889836089819
PC1_cellid_000159494-1,Supported Duct2-Fibroblast,Cell area,51.9903473920744
PC1_cellid_000159513-1,Fibroblast singlet,Cell area,52.0176817627077
PC1_cellid_000159568-1,Duct2 singlet,Cell area,187.926793666235
PC1_cellid_000159603-1,Fibroblast singlet,Cell area,39.9358899418387
PC1_cellid_000159607-1,Duct2 singlet,Cell area,52.1277681321129
PC1_cellid_000159618-1,Fibroblast singlet,Cell area,120.109096789369
PC1_cellid_000159629-1,Fibroblast singlet,Cell area,207.989847269216
PC1_cellid_000159662-1,Duct2 singlet,Cell area,76.0726768087719
PC1_cellid_000159667-1,Fibroblast singlet,Cell area,123.963243048961
PC1_cellid_000159706-1,Supported Duct2-Fibroblast,Cell area,88.0997998883837
PC1_cellid_000159710-1,Fibroblast singlet,Cell area,111.908785598725
PC1_cellid_000159711-1,Fibroblast singlet,Cell area,47.9733182389612
PC1_cellid_000159736-1,Fibroblast singlet,Cell area,75.991048140299
PC1_cellid_000159763-1,Fibroblast singlet,Cell area,67.9266599159765
PC1_cellid_000159770-1,Supported Duct2-Fibroblast,Cell area,115.954272452782
PC1_cellid_000159783-1,Fibroblast singlet,Cell area,44.0087111665202
PC1_cellid_000159800-1,Fibroblast singlet,Cell area,111.936494412799
PC1_cellid_000159817-1,Fibroblast singlet,Cell area,64.0178449151128
PC1_cellid_000159818-1,Duct2 singlet,Cell area,171.826474918517
PC1_cellid_000159821-1,Fibroblast singlet,Cell area,124.072580531504
PC1_cellid_000159835-1,Duct2 singlet,Cell area,91.9820294054781
PC1_cellid_000159846-1,Duct2 singlet,Cell area,67.9813286572475
PC1_cellid_000159870-1,Fibroblast singlet,Cell area,35.9993661268956
PC1_cellid_000159873-1,Duct2 singlet,Cell area,108.054264895694
PC1_cellid_000159878-1,Fibroblast singlet,Cell area,104.009526928507
PC1_cellid_000159882-1,Fibroblast singlet,Cell area,100.017959928876
PC1_cellid_000159908-1,Fibroblast singlet,Cell area,75.9090450284017
PC1_cellid_000159948-1,Duct2 singlet,Cell area,59.9453981338627
PC1_cellid_000159964-1,Duct2 singlet,Cell area,27.9634356035079
PC1_cellid_000159967-1,Duct2 singlet,Cell area,59.9176893197899
PC1_cellid_000159986-1,Duct2 singlet,Cell area,51.990721835507
PC1_cellid_000159992-1,Duct2 singlet,Cell area,75.9629648828009
PC1_cellid_000160001-1,Duct2 singlet,Cell area,95.9994330020278
PC1_cellid_000160009-1,Duct2 singlet,Cell area,304.044323455949
PC1_cellid_000160029-1,Fibroblast singlet,Cell area,99.9906255582345
PC1_cellid_000160035-1,Duct2 singlet,Cell area,51.9637619083037
PC1_cellid_000160038-1,Fibroblast singlet,Cell area,75.9910481403077
PC1_cellid_000160063-1,Fibroblast singlet,Cell area,96.0544761867301
PC1_cellid_000160074-1,Fibroblast singlet,Cell area,23.9999518613659
PC1_cellid_000160098-1,Fibroblast singlet,Cell area,176.090636737645
PC1_cellid_000160123-1,Duct2 singlet,Cell area,92.1452867424288
PC1_cellid_000160129-1,Duct2 singlet,Cell area,92.0359492598822
PC1_cellid_000160146-1,Fibroblast singlet,Cell area,119.999384863393
PC1_cellid_000160150-1,Fibroblast singlet,Cell area,64.1005969138797
PC1_cellid_000160156-1,Fibroblast singlet,Cell area,140.00814416854
PC1_cellid_000160176-1,Supported Duct2-Fibroblast,Cell area,72.027564398163
PC1_cellid_000160182-1,Duct2 singlet,Cell area,131.917170460447
PC1_cellid_000160191-1,Fibroblast singlet,Cell area,155.999499877146
PC1_cellid_000160210-1,Supported Duct2-Fibroblast,Cell area,116.008566750616
PC1_cellid_000160264-1,Duct2 singlet,Cell area,155.972165506503
PC1_cellid_000160289-1,Fibroblast singlet,Cell area,55.9815399482821
PC1_cellid_000160317-1,Supported Duct2-Fibroblast,Cell area,140.173273722646
PC1_cellid_000160350-1,Duct2 singlet,Cell area,107.917967485944
PC1_cellid_000160355-1,Duct2 singlet,Cell area,59.9450236904225
PC1_cellid_000160385-1,Fibroblast singlet,Cell area,176.145305478934
PC1_cellid_000160388-1,Supported Duct2-Fibroblast,Cell area,140.255276834559
PC1_cellid_000160416-1,Supported Duct2-Fibroblast,Cell area,124.072206088079
PC1_cellid_000160418-1,Duct2 singlet,Cell area,68.0910405832207
PC1_cellid_000160436-1,Fibroblast singlet,Cell area,64.0732625432471
PC1_cellid_000160461-1,Supported Duct2-Fibroblast,Cell area,64.073262543246
PC1_cellid_000160475-1,Duct2 singlet,Cell area,147.881191798415
PC1_cellid_000160488-1,Fibroblast singlet,Cell area,128.227404868092
PC1_cellid_000160494-1,Duct2 singlet,Cell area,92.0906180011554
PC1_cellid_000160505-1,Duct2 singlet,Cell area,23.8902399353898
PC1_cellid_000160528-1,Fibroblast singlet,Cell area,136.045034869838
PC1_cellid_000160536-1,Fibroblast singlet,Cell area,92.0089893326839
PC1_cellid_000160544-1,Fibroblast singlet,Cell area,39.9909331265386
PC1_cellid_000160549-1,Duct2 singlet,Cell area,20.0364681192267
PC1_cellid_000160596-1,Fibroblast singlet,Cell area,48.0545724640008
PC1_cellid_000160609-1,Fibroblast singlet,Cell area,148.044823578807
PC1_cellid_000160639-1,Duct2 singlet,Cell area,44.0364199805897
PC1_cellid_000160643-1,Supported Duct2-Fibroblast,Cell area,111.908411155295
PC1_cellid_000160667-1,Fibroblast singlet,Cell area,55.9819143917158
PC1_cellid_000160675-1,Fibroblast singlet,Cell area,43.9270824980437
PC1_cellid_000160695-1,Duct2 singlet,Cell area,116.06360993532
PC1_cellid_000160722-1,Duct2 singlet,Cell area,15.9636468945398
PC1_cellid_000160740-1,Duct2 singlet,Cell area,63.9905105444758
PC1_cellid_000160755-1,Fibroblast singlet,Cell area,107.834841043749
PC1_cellid_000160789-1,Duct2 singlet,Cell area,27.9638100469346
PC1_cellid_000160791-1,Fibroblast singlet,Cell area,19.8994218226127
PC1_cellid_000160803-1,Fibroblast singlet,Cell area,55.9268712070115
PC1_cellid_000160810-1,Fibroblast singlet,Cell area,92.0370725901805
PC1_cellid_000160823-1,Fibroblast singlet,Cell area,63.9631761738386
PC1_cellid_000160858-1,Fibroblast singlet,Cell area,75.8809617708969
PC1_cellid_000160867-1,Fibroblast singlet,Cell area,179.917448626611
PC1_cellid_000160884-1,Duct2 singlet,Cell area,48.1092412052703
PC1_cellid_000160897-1,Fibroblast singlet,Cell area,55.8995368363805
PC1_cellid_000160903-1,Duct2 singlet,Cell area,40.0182674971775
PC1_cellid_000160915-1,Duct2 singlet,Cell area,100.073003113572
PC1_cellid_000160927-1,Duct2 singlet,Cell area,40.1010194959507
PC1_cellid_000160974-1,Fibroblast singlet,Cell area,80.1454980334587
PC1_cellid_000160990-1,Duct2 singlet,Cell area,92.0363237033128
PC1_cellid_000161048-1,Fibroblast singlet,Cell area,32.0089224575586
PC1_cellid_000161050-1,Fibroblast singlet,Cell area,51.936053094231
PC1_cellid_000161059-1,Fibroblast singlet,Cell area,163.927216248311
PC1_cellid_000161061-1,Fibroblast singlet,Cell area,91.9266117773429
PC1_cellid_000161072-1,Duct2 singlet,Cell area,119.863461897081
PC1_cellid_000161081-1,Fibroblast singlet,Cell area,59.9996924316931
PC1_cellid_000161114-1,Fibroblast singlet,Cell area,95.9994330020169
PC1_cellid_000161131-1,Fibroblast singlet,Cell area,76.0453424381428
PC1_cellid_000161135-1,Supported Duct2-Fibroblast,Cell area,87.9908368492703
PC1_cellid_000161138-1,Fibroblast singlet,Cell area,71.9451868428261
PC1_cellid_000161139-1,Fibroblast singlet,Cell area,27.9630611600714
PC1_cellid_000161141-1,Fibroblast singlet,Cell area,128.00947878988
PC1_cellid_000161152-1,Fibroblast singlet,Cell area,31.9819625303482
PC1_cellid_000161176-1,Duct2 singlet,Cell area,63.9905105444719
PC1_cellid_000161188-1,Fibroblast singlet,Cell area,163.871798620163
PC1_cellid_000161196-1,Fibroblast singlet,Cell area,116.090569862523
PC1_cellid_000161213-1,Duct2 singlet,Cell area,104.063821226347
PC1_cellid_000161222-1,Duct2 singlet,Cell area,96.0541017433001
PC1_cellid_000161224-1,Supported Duct2-Fibroblast,Cell area,104.008778041646
PC1_cellid_000161241-1,Supported Duct2-Fibroblast,Cell area,104.063446782923
PC1_cellid_000161242-1,Fibroblast singlet,Cell area,52.018430649573
PC1_cellid_000161256-1,Duct2 singlet,Cell area,140.227568020492
PC1_cellid_000161278-1,Supported Duct2-Fibroblast,Cell area,127.926726791101
PC1_cellid_000161282-1,Fibroblast singlet,Cell area,139.953849870709
PC1_cellid_000161283-1,Duct2 singlet,Cell area,76.1554288075483
PC1_cellid_000161290-1,Fibroblast singlet,Cell area,80.0361605509175
PC1_cellid_000161346-1,Supported Duct2-Fibroblast,Cell area,107.97301067066
PC1_cellid_000161348-1,Duct2 singlet,Cell area,179.999451738507
PC1_cellid_000161383-1,Supported Duct2-Fibroblast,Cell area,147.880817354977
PC1_cellid_000161386-1,Supported Duct2-Fibroblast,Cell area,96.0271418160925
PC1_cellid_000161409-1,Fibroblast singlet,Cell area,147.990154837525
PC1_cellid_000161412-1,Fibroblast singlet,Cell area,35.9724061996913
PC1_cellid_000161413-1,Supported Duct2-Fibroblast,Cell area,76.1823887347507
PC1_cellid_000161419-1,Fibroblast singlet,Cell area,59.8626461350823
PC1_cellid_000161425-1,Fibroblast singlet,Cell area,128.063398644281
PC1_cellid_000161448-1,Fibroblast singlet,Cell area,23.9456575635252
PC1_cellid_000161457-1,Supported Duct2-Fibroblast,Cell area,99.9089968897578
PC1_cellid_000161465-1,Fibroblast singlet,Cell area,63.8538386912917
PC1_cellid_000161467-1,Duct2 singlet,Cell area,55.9545800210751
PC1_cellid_000161473-1,Fibroblast singlet,Cell area,51.9633874648679
PC1_cellid_000161484-1,Duct2 singlet,Cell area,120.136805603432
PC1_cellid_000161490-1,Fibroblast singlet,Cell area,68.0367462853846
PC1_cellid_000161507-1,Fibroblast singlet,Cell area,51.9356786508048
PC1_cellid_000161517-1,Fibroblast singlet,Cell area,107.972636227227
PC1_cellid_000161520-1,Fibroblast singlet,Cell area,48.0276125367933
PC1_cellid_000161564-1,Fibroblast singlet,Cell area,151.981347393736
PC1_cellid_000161614-1,Fibroblast singlet,Cell area,132.054591200489
PC1_cellid_000161661-1,Fibroblast singlet,Cell area,100.017959928873
PC1_cellid_000161662-1,Fibroblast singlet,Cell area,48.0268636499322
PC1_cellid_000161667-1,Fibroblast singlet,Cell area,63.9905105444736
PC1_cellid_000161697-1,Duct2 singlet,Cell area,47.9729437955259
PC1_cellid_000161736-1,Duct2 singlet,Cell area,72.1646106947672
PC1_cellid_000161801-1,Duct2 singlet,Cell area,51.9360530942402
PC1_cellid_000161809-1,Duct2 singlet,Cell area,48.0545724640006
PC1_cellid_000161821-1,Fibroblast singlet,Cell area,60.0270268023311
PC1_cellid_000161826-1,Fibroblast singlet,Cell area,52.1000593180466
PC1_cellid_000161832-1,Duct2 singlet,Cell area,107.944552969724
PC1_cellid_000161842-1,Duct2 singlet,Cell area,59.945023690423
PC1_cellid_000161854-1,Fibroblast singlet,Cell area,36.0267004975348
PC1_cellid_000161860-1,Duct2 singlet,Cell area,20.0087593051561
PC1_cellid_000161880-1,Supported Duct2-Fibroblast,Cell area,96.0541017432969
PC1_cellid_000161899-1,Fibroblast singlet,Cell area,104.145824338259
PC1_cellid_000161900-1,Supported Duct2-Fibroblast,Cell area,84.1093562190383
PC1_cellid_000161917-1,Fibroblast singlet,Cell area,60.0543611729708
PC1_cellid_000161945-1,Duct2 singlet,Cell area,308.17293675221
PC1_cellid_000161994-1,Duct2 singlet,Cell area,47.8351486120537
PC1_cellid_000162008-1,Duct2 singlet,Cell area,116.063235491874
PC1_cellid_000162011-1,Duct2 singlet,Cell area,120.109471232801
PC1_cellid_000162036-1,Duct2 singlet,Cell area,35.945446272491
PC1_cellid_000162069-1,Fibroblast singlet,Cell area,151.872009911195
PC1_cellid_000162077-1,Duct2 singlet,Cell area,59.9996924316944
PC1_cellid_000162078-1,Fibroblast singlet,Cell area,92.1179523717852
PC1_cellid_000162081-1,Duct2 singlet,Cell area,36.0008639006286
PC1_cellid_000162092-1,Fibroblast singlet,Cell area,56.0365831329858
PC1_cellid_000162101-1,Fibroblast singlet,Cell area,91.8992774067062
PC1_cellid_000162106-1,Fibroblast singlet,Cell area,84.0269786636938
PC1_cellid_000162138-1,Supported Duct2-Fibroblast,Cell area,188.035756705339
PC1_cellid_000162177-1,Duct2 singlet,Cell area,47.9721949086585
PC1_cellid_000162179-1,Fibroblast singlet,Cell area,55.9542055776479
PC1_cellid_000162187-1,Fibroblast singlet,Cell area,51.8813843529609
PC1_cellid_000162188-1,Duct2 singlet,Cell area,35.917737458419
PC1_cellid_000162196-1,Duct2 singlet,Cell area,32.0362568281857
PC1_cellid_000162214-1,Duct2 singlet,Cell area,176.008633625744
PC1_cellid_000162217-1,Fibroblast singlet,Cell area,55.9268712070162
PC1_cellid_000162234-1,Fibroblast singlet,Cell area,83.94460110835
PC1_cellid_000162245-1,Duct2 singlet,Cell area,83.9726843658601
PC1_cellid_000162250-1,Duct2 singlet,Cell area,47.9999037227287
PC1_cellid_000162269-1,Duct2 singlet,Cell area,32.0085480141196
PC1_cellid_000162283-1,Fibroblast singlet,Cell area,72.0548987687977
PC1_cellid_000162284-1,Duct2 singlet,Cell area,32.0092969009856
PC1_cellid_000162289-1,Fibroblast singlet,Cell area,72.0275643981596
PC1_cellid_000162311-1,Duct2 singlet,Cell area,32.0085480141199
PC1_cellid_000162312-1,Fibroblast singlet,Cell area,31.9546281597168
PC1_cellid_000162314-1,Supported Duct2-Fibroblast,Cell area,67.9266599159811
PC1_cellid_000162315-1,Fibroblast singlet,Cell area,60.02702680233
PC1_cellid_000162319-1,Duct2 singlet,Cell area,51.9087187235981
PC1_cellid_000162338-1,Duct2 singlet,Cell area,47.9721949086598
PC1_cellid_000162343-1,Fibroblast singlet,Cell area,63.9635506172671
PC1_cellid_000162362-1,Fibroblast singlet,Cell area,52.1551025027514
PC1_cellid_000162364-1,Duct2 singlet,Cell area,99.9910000016704
PC1_cellid_000162371-1,Fibroblast singlet,Cell area,40.0452274243783
PC1_cellid_000162390-1,Fibroblast singlet,Cell area,27.9364756763047
PC1_cellid_000162406-1,Fibroblast singlet,Cell area,68.1180005104247
PC1_cellid_000162407-1,Duct2 singlet,Cell area,184.073021850064
PC1_cellid_000162451-1,Fibroblast singlet,Cell area,39.9639731993404
PC1_cellid_000162458-1,Duct2 singlet,Cell area,40.0452274243792
PC1_cellid_000162465-1,Duct2 singlet,Cell area,63.9905105444693
PC1_cellid_000162497-1,Duct2 singlet,Cell area,43.9817512393201
PC1_cellid_000162504-1,Duct2 singlet,Cell area,44.0914631652868
PC1_cellid_000162512-1,Fibroblast singlet,Cell area,52.0453905767754
PC1_cellid_000162517-1,Fibroblast singlet,Cell area,52.0188050930117
PC1_cellid_000162524-1,Fibroblast singlet,Cell area,71.9448123993913
PC1_cellid_000162525-1,Fibroblast singlet,Cell area,92.1187012586526
PC1_cellid_000162545-1,Fibroblast singlet,Cell area,36.1090780528701
PC1_cellid_000162578-1,Supported Duct2-Fibroblast,Cell area,63.9908849879068
PC1_cellid_000162581-1,Supported Duct2-Fibroblast,Cell area,44.0087111665181
PC1_cellid_000162636-1,Fibroblast singlet,Cell area,67.9817031006812
PC1_cellid_000162656-1,Duct2 singlet,Cell area,36.0001150137649
PC1_cellid_000162673-1,Fibroblast singlet,Cell area,75.9906736968718
PC1_cellid_000162687-1,Fibroblast singlet,Cell area,31.9819625303526
PC1_cellid_000162695-1,Duct2 singlet,Cell area,35.9177374584229
PC1_cellid_000162731-1,Duct2 singlet,Cell area,44.0910887218588
PC1_cellid_000162746-1,Supported Duct2-Fibroblast,Cell area,91.9269862207778
PC1_cellid_000162765-1,Duct2 singlet,Cell area,107.999970597859
PC1_cellid_000162786-1,Supported Duct2-Fibroblast,Cell area,68.1187493972964
PC1_cellid_000162799-1,Fibroblast singlet,Cell area,123.990202976162
PC1_cellid_000162820-1,Duct2 singlet,Cell area,135.962282871064
PC1_cellid_000162832-1,Fibroblast singlet,Cell area,104.145824338258
PC1_cellid_000152206-1,Supported Duct2-Fibroblast,Nuclear area,27.9903955307038
PC1_cellid_000152252-1,Fibroblast singlet,Nuclear area,24.0276606754347
PC1_cellid_000152253-1,Duct2 singlet,Nuclear area,76.0726768087745
PC1_cellid_000152270-1,Duct2 singlet,Nuclear area,48.0545724640034
PC1_cellid_000152277-1,Fibroblast singlet,Nuclear area,35.9181119018579
PC1_cellid_000152283-1,Duct2 singlet,Nuclear area,24.0272862320001
PC1_cellid_000152292-1,Fibroblast singlet,Nuclear area,31.9815880869175
PC1_cellid_000152293-1,Duct2 singlet,Nuclear area,44.090714278421
PC1_cellid_000152340-1,Fibroblast singlet,Nuclear area,23.9722430472953
PC1_cellid_000152348-1,Duct2 singlet,Nuclear area,44.1457574631313
PC1_cellid_000152361-1,Fibroblast singlet,Nuclear area,36.0544093116007
PC1_cellid_000152362-1,Fibroblast singlet,Nuclear area,32.008922457552
PC1_cellid_000152369-1,Fibroblast singlet,Nuclear area,24.0272862319985
PC1_cellid_000152370-1,Duct2 singlet,Nuclear area,15.9640213379735
PC1_cellid_000152407-1,Fibroblast singlet,Nuclear area,48.0822812780709
PC1_cellid_000152414-1,Fibroblast singlet,Nuclear area,27.9638100469408
PC1_cellid_000152420-1,Fibroblast singlet,Nuclear area,32.009296900989
PC1_cellid_000152428-1,Fibroblast singlet,Nuclear area,28.0181043447764
PC1_cellid_000152437-1,Fibroblast singlet,Nuclear area,28.0184787882079
PC1_cellid_000152456-1,Fibroblast singlet,Nuclear area,31.9272937890812
PC1_cellid_000152531-1,Duct2 singlet,Nuclear area,51.9903473920709
PC1_cellid_000152537-1,Duct2 singlet,Nuclear area,24.0549950460715
PC1_cellid_000152554-1,Duct2 singlet,Nuclear area,52.0727249474091
PC1_cellid_000152556-1,Duct2 singlet,Nuclear area,35.9997405703329
PC1_cellid_000152576-1,Fibroblast singlet,Nuclear area,23.9456575635277
PC1_cellid_000152578-1,Duct2 singlet,Nuclear area,47.9999037227319
PC1_cellid_000152594-1,Duct2 singlet,Nuclear area,44.090714278424
PC1_cellid_000152597-1,Duct2 singlet,Nuclear area,75.908670584961
PC1_cellid_000152672-1,Fibroblast singlet,Nuclear area,32.0089224575529
PC1_cellid_000152674-1,Fibroblast singlet,Nuclear area,35.9997405703292
PC1_cellid_000152690-1,Fibroblast singlet,Nuclear area,27.9907699741406
PC1_cellid_000152692-1,Fibroblast singlet,Nuclear area,32.0639656422607
PC1_cellid_000152699-1,Duct2 singlet,Nuclear area,35.9997405703295
PC1_cellid_000152708-1,Duct2 singlet,Nuclear area,31.9815880869162
PC1_cellid_000152719-1,Duct2 singlet,Nuclear area,51.9087187235973
PC1_cellid_000152736-1,Duct2 singlet,Nuclear area,31.9538792728469
PC1_cellid_000152740-1,Duct2 singlet,Nuclear area,47.9999037227321
PC1_cellid_000152777-1,Fibroblast singlet,Nuclear area,23.9995774179317
PC1_cellid_000152829-1,Fibroblast singlet,Nuclear area,23.9456575635293
PC1_cellid_000152890-1,Supported Duct2-Fibroblast,Nuclear area,55.8729513526071
PC1_cellid_000152941-1,Duct2 singlet,Nuclear area,47.9725693520944
PC1_cellid_000152982-1,Supported Duct2-Fibroblast,Nuclear area,36.0821181256695
PC1_cellid_000152996-1,Duct2 singlet,Nuclear area,44.0367944240236
PC1_cellid_000153035-1,Duct2 singlet,Nuclear area,47.9448605380232
PC1_cellid_000153040-1,Fibroblast singlet,Nuclear area,19.981799377955
PC1_cellid_000153092-1,Duct2 singlet,Nuclear area,32.036631271621
PC1_cellid_000153102-1,Duct2 singlet,Nuclear area,55.9819143917125
PC1_cellid_000153104-1,Supported Duct2-Fibroblast,Nuclear area,47.9452349814576
PC1_cellid_000153132-1,Duct2 singlet,Nuclear area,35.917363014987
PC1_cellid_000153150-1,Fibroblast singlet,Nuclear area,23.9999518613609
PC1_cellid_000153170-1,Supported Duct2-Fibroblast,Nuclear area,27.9907699741421
PC1_cellid_000153180-1,Fibroblast singlet,Nuclear area,28.0184787882069
PC1_cellid_000153186-1,Fibroblast singlet,Nuclear area,39.9909331265457
PC1_cellid_000153218-1,Fibroblast singlet,Nuclear area,20.0091337485897
PC1_cellid_000153220-1,Fibroblast singlet,Nuclear area,35.9454462724941
PC1_cellid_000153227-1,Fibroblast singlet,Nuclear area,35.9181119018579
PC1_cellid_000153239-1,Supported Duct2-Fibroblast,Nuclear area,15.9632724511092
PC1_cellid_000153244-1,Duct2 singlet,Nuclear area,35.9181119018576
PC1_cellid_000153247-1,Duct2 singlet,Nuclear area,35.9727806431261
PC1_cellid_000153260-1,Duct2 singlet,Nuclear area,24.0819549732682
PC1_cellid_000153277-1,Duct2 singlet,Nuclear area,35.945446272493
PC1_cellid_000153284-1,Duct2 singlet,Nuclear area,52.1000593180471
PC1_cellid_000153307-1,Supported Duct2-Fibroblast,Nuclear area,15.9632724511083
PC1_cellid_000153322-1,Supported Duct2-Fibroblast,Nuclear area,40.0452274243799
PC1_cellid_000153324-1,Fibroblast singlet,Nuclear area,23.9456575635253
PC1_cellid_000153331-1,Duct2 singlet,Nuclear area,48.0272380933661
PC1_cellid_000153332-1,Fibroblast singlet,Nuclear area,32.0092969009877
PC1_cellid_000153348-1,Duct2 singlet,Nuclear area,63.9365906900672
PC1_cellid_000153359-1,Fibroblast singlet,Nuclear area,32.0370057150542
PC1_cellid_000153364-1,Duct2 singlet,Nuclear area,27.9634356035028
PC1_cellid_000153366-1,Duct2 singlet,Nuclear area,20.0911368604962
PC1_cellid_000153371-1,Fibroblast singlet,Nuclear area,23.9175743060214
PC1_cellid_000153405-1,Supported Duct2-Fibroblast,Nuclear area,52.0727249474096
PC1_cellid_000153436-1,Fibroblast singlet,Nuclear area,31.8718761609445
PC1_cellid_000153444-1,Duct2 singlet,Nuclear area,67.8446568040679
PC1_cellid_000153460-1,Duct2 singlet,Nuclear area,91.8719430360686
PC1_cellid_000153492-1,Duct2 singlet,Nuclear area,23.9995774179332
PC1_cellid_000153494-1,Fibroblast singlet,Nuclear area,27.8814324915966
PC1_cellid_000153516-1,Fibroblast singlet,Nuclear area,20.0091337485875
PC1_cellid_000153597-1,Fibroblast singlet,Nuclear area,24.0542461592004
PC1_cellid_000153604-1,Duct2 singlet,Nuclear area,11.9997887089667
PC1_cellid_000153618-1,Duct2 singlet,Nuclear area,59.9450236904225
PC1_cellid_000153624-1,Supported Duct2-Fibroblast,Nuclear area,12.0274975230368
PC1_cellid_000153648-1,Fibroblast singlet,Nuclear area,36.0270749409635
PC1_cellid_000153655-1,Fibroblast singlet,Nuclear area,27.9907699741345
PC1_cellid_000153680-1,Fibroblast singlet,Nuclear area,19.9275050801162
PC1_cellid_000153748-1,Fibroblast singlet,Nuclear area,27.99076997414
PC1_cellid_000153752-1,Duct2 singlet,Nuclear area,59.8907293925845
PC1_cellid_000153757-1,Duct2 singlet,Nuclear area,63.9635506172771
PC1_cellid_000153768-1,Duct2 singlet,Nuclear area,68.0086630278813
PC1_cellid_000153776-1,Supported Duct2-Fibroblast,Nuclear area,36.0821181256684
PC1_cellid_000153787-1,Duct2 singlet,Nuclear area,75.8262930296236
PC1_cellid_000153824-1,Fibroblast singlet,Nuclear area,27.9630611600713
PC1_cellid_000153831-1,Supported Duct2-Fibroblast,Nuclear area,51.9903473920738
PC1_cellid_000153841-1,Supported Duct2-Fibroblast,Nuclear area,24.0819549732701
PC1_cellid_000153850-1,Duct2 singlet,Nuclear area,51.9633874648711
PC1_cellid_000153860-1,Duct2 singlet,Nuclear area,28.0450642719811
PC1_cellid_000153861-1,Fibroblast singlet,Nuclear area,16.0460244498798
PC1_cellid_000153867-1,Duct2 singlet,Nuclear area,47.8905662401884
PC1_cellid_000153868-1,Fibroblast singlet,Nuclear area,24.0272862320007
PC1_cellid_000153879-1,Duct2 singlet,Nuclear area,68.1187493972921
PC1_cellid_000153905-1,Fibroblast singlet,Nuclear area,32.0089224575569
PC1_cellid_000153909-1,Fibroblast singlet,Nuclear area,44.0360455371553
PC1_cellid_000153925-1,Duct2 singlet,Nuclear area,67.9539942866113
PC1_cellid_000153969-1,Duct2 singlet,Nuclear area,56.0358342461233
PC1_cellid_000153988-1,Duct2 singlet,Nuclear area,23.9999518613661
PC1_cellid_000154013-1,Supported Duct2-Fibroblast,Nuclear area,56.0365831329842
PC1_cellid_000154018-1,Duct2 singlet,Nuclear area,44.0637543512219
PC1_cellid_000154063-1,Fibroblast singlet,Nuclear area,27.9907699741432
PC1_cellid_000154073-1,Fibroblast singlet,Nuclear area,27.9907699741427
PC1_cellid_000154090-1,Fibroblast singlet,Nuclear area,20.0087593051506
PC1_cellid_000154093-1,Fibroblast singlet,Nuclear area,16.0452755630135
PC1_cellid_000154100-1,Duct2 singlet,Nuclear area,63.9635506172673
PC1_cellid_000154117-1,Duct2 singlet,Nuclear area,52.0727249474074
PC1_cellid_000154121-1,Fibroblast singlet,Nuclear area,23.9452831200953
PC1_cellid_000154124-1,Supported Duct2-Fibroblast,Nuclear area,63.9358418032059
PC1_cellid_000154140-1,Duct2 singlet,Nuclear area,60.0551100598344
PC1_cellid_000154199-1,Fibroblast singlet,Nuclear area,35.9997405703304
PC1_cellid_000154242-1,Supported Duct2-Fibroblast,Nuclear area,56.0639175036221
PC1_cellid_000154316-1,Supported Duct2-Fibroblast,Nuclear area,39.9909331265407
PC1_cellid_000154329-1,Supported Duct2-Fibroblast,Nuclear area,44.0910887218594
PC1_cellid_000154334-1,Supported Duct2-Fibroblast,Nuclear area,63.9085074325617
PC1_cellid_000154344-1,Fibroblast singlet,Nuclear area,31.9812136434857
PC1_cellid_000154377-1,Fibroblast singlet,Nuclear area,27.8818069350369
PC1_cellid_000154379-1,Duct2 singlet,Nuclear area,15.9632724511059
PC1_cellid_000154396-1,Fibroblast singlet,Nuclear area,43.9278313849127
PC1_cellid_000154435-1,Fibroblast singlet,Nuclear area,16.0179411923754
PC1_cellid_000154443-1,Supported Duct2-Fibroblast,Nuclear area,24.0269117885681
PC1_cellid_000154444-1,Supported Duct2-Fibroblast,Nuclear area,80.0638693649849
PC1_cellid_000154461-1,Fibroblast singlet,Nuclear area,27.9634356035063
PC1_cellid_000154519-1,Duct2 singlet,Nuclear area,28.0727730860431
PC1_cellid_000154523-1,Duct2 singlet,Nuclear area,16.0729843770798
PC1_cellid_000154537-1,Fibroblast singlet,Nuclear area,23.9449086766616
PC1_cellid_000154555-1,Duct2 singlet,Nuclear area,59.9453981338549
PC1_cellid_000154578-1,Duct2 singlet,Nuclear area,64.1275568410749
PC1_cellid_000154582-1,Supported Duct2-Fibroblast,Nuclear area,16.0183156358113
PC1_cellid_000154595-1,Fibroblast singlet,Nuclear area,47.9452349814531
PC1_cellid_000154601-1,Supported Duct2-Fibroblast,Nuclear area,55.8722024657379
PC1_cellid_000154646-1,Fibroblast singlet,Nuclear area,43.9270824980437
PC1_cellid_000154648-1,Duct2 singlet,Nuclear area,43.9544168686769
PC1_cellid_000154677-1,Supported Duct2-Fibroblast,Nuclear area,27.9634356035063
PC1_cellid_000154682-1,Fibroblast singlet,Nuclear area,56.0092487623464
PC1_cellid_000154694-1,Fibroblast singlet,Nuclear area,23.9999518613638
PC1_cellid_000154705-1,Duct2 singlet,Nuclear area,51.9903473920705
PC1_cellid_000154716-1,Fibroblast singlet,Nuclear area,23.9449086766607
PC1_cellid_000154734-1,Fibroblast singlet,Nuclear area,19.9275050801141
PC1_cellid_000154800-1,Duct2 singlet,Nuclear area,43.9544168686768
PC1_cellid_000154819-1,Supported Duct2-Fibroblast,Nuclear area,44.0360455371534
PC1_cellid_000154821-1,Fibroblast singlet,Nuclear area,36.027074940963
PC1_cellid_000154850-1,Duct2 singlet,Nuclear area,52.0176817627052
PC1_cellid_000154855-1,Duct2 singlet,Nuclear area,35.9997405703262
PC1_cellid_000154857-1,Fibroblast singlet,Nuclear area,15.9906068217418
PC1_cellid_000154862-1,Duct2 singlet,Nuclear area,27.990769974144
PC1_cellid_000154866-1,Supported Duct2-Fibroblast,Nuclear area,39.9909331265398
PC1_cellid_000154871-1,Duct2 singlet,Nuclear area,16.0456500064488
PC1_cellid_000154878-1,Fibroblast singlet,Nuclear area,52.0457650202091
PC1_cellid_000154888-1,Fibroblast singlet,Nuclear area,24.0276606754324
PC1_cellid_000154913-1,Fibroblast singlet,Nuclear area,16.0179411923776
PC1_cellid_000154926-1,Fibroblast singlet,Nuclear area,24.0272862319991
PC1_cellid_000154927-1,Fibroblast singlet,Nuclear area,31.9269193456466
PC1_cellid_000154948-1,Fibroblast singlet,Nuclear area,3.99081811277768
PC1_cellid_000154986-1,Duct2 singlet,Nuclear area,39.9905586831041
PC1_cellid_000155100-1,Fibroblast singlet,Nuclear area,15.9632724511059
PC1_cellid_000155109-1,Supported Duct2-Fibroblast,Nuclear area,40.0182674971782
PC1_cellid_000155152-1,Duct2 singlet,Nuclear area,52.0457650202097
PC1_cellid_000155164-1,Duct2 singlet,Nuclear area,35.9181119018598
PC1_cellid_000155182-1,Duct2 singlet,Nuclear area,31.9815880869188
PC1_cellid_000155184-1,Duct2 singlet,Nuclear area,40.0452274243789
PC1_cellid_000155196-1,Duct2 singlet,Nuclear area,75.908296141529
PC1_cellid_000155201-1,Fibroblast singlet,Nuclear area,16.0179411923788
PC1_cellid_000155234-1,Supported Duct2-Fibroblast,Nuclear area,19.9548394507528
PC1_cellid_000155243-1,Fibroblast singlet,Nuclear area,43.8447049427047
PC1_cellid_000155259-1,Supported Duct2-Fibroblast,Nuclear area,72.0818586960037
PC1_cellid_000155345-1,Supported Duct2-Fibroblast,Nuclear area,47.9452349814576
PC1_cellid_000155372-1,Fibroblast singlet,Nuclear area,16.0183156358102
PC1_cellid_000155381-1,Duct2 singlet,Nuclear area,88.1001743318085
PC1_cellid_000155417-1,Duct2 singlet,Nuclear area,63.96317617384
PC1_cellid_000155440-1,Duct2 singlet,Nuclear area,23.9456575635269
PC1_cellid_000155442-1,Fibroblast singlet,Nuclear area,16.017941192382
PC1_cellid_000155443-1,Fibroblast singlet,Nuclear area,32.09130001289
PC1_cellid_000155444-1,Duct2 singlet,Nuclear area,3.99081811277621
PC1_cellid_000155450-1,Duct2 singlet,Nuclear area,43.9540424252513
PC1_cellid_000155478-1,Fibroblast singlet,Nuclear area,11.9728287817634
PC1_cellid_000155508-1,Duct2 singlet,Nuclear area,51.9633874648673
PC1_cellid_000155510-1,Duct2 singlet,Nuclear area,35.9181119018579
PC1_cellid_000155519-1,Fibroblast singlet,Nuclear area,19.9267561932452
PC1_cellid_000155525-1,Fibroblast singlet,Nuclear area,24.0819549732724
PC1_cellid_000155530-1,Duct2 singlet,Nuclear area,31.9815880869197
PC1_cellid_000155554-1,Supported Duct2-Fibroblast,Nuclear area,43.9267080546169
PC1_cellid_000155555-1,Supported Duct2-Fibroblast,Nuclear area,31.9265449022097
PC1_cellid_000155569-1,Duct2 singlet,Nuclear area,47.9452349814646
PC1_cellid_000155573-1,Duct2 singlet,Nuclear area,55.9815399482788
PC1_cellid_000155578-1,Fibroblast singlet,Nuclear area,35.9450718290592
PC1_cellid_000155585-1,Duct2 singlet,Nuclear area,24.0272862320004
PC1_cellid_000155588-1,Duct2 singlet,Nuclear area,15.9632724511087
PC1_cellid_000155607-1,Duct2 singlet,Nuclear area,48.0272380933623
PC1_cellid_000155608-1,Supported Duct2-Fibroblast,Nuclear area,19.9814249345223
PC1_cellid_000155632-1,Duct2 singlet,Nuclear area,23.9449086766627
PC1_cellid_000155664-1,Duct2 singlet,Nuclear area,39.9632243124729
PC1_cellid_000155667-1,Fibroblast singlet,Nuclear area,12.0278719664655
PC1_cellid_000155668-1,Fibroblast singlet,Nuclear area,48.0822812780688
PC1_cellid_000155670-1,Fibroblast singlet,Nuclear area,16.0183156358132
PC1_cellid_000155681-1,Fibroblast singlet,Nuclear area,28.0454387154127
PC1_cellid_000155724-1,Supported Duct2-Fibroblast,Nuclear area,28.0184787882087
PC1_cellid_000155786-1,Duct2 singlet,Nuclear area,51.8813843529665
PC1_cellid_000155792-1,Fibroblast singlet,Nuclear area,24.027286231998
PC1_cellid_000155809-1,Fibroblast singlet,Nuclear area,23.9999518613687
PC1_cellid_000155824-1,Duct2 singlet,Nuclear area,63.9908849879008
PC1_cellid_000155860-1,Fibroblast singlet,Nuclear area,15.9632724511092
PC1_cellid_000155871-1,Fibroblast singlet,Nuclear area,12.0001631523972
PC1_cellid_000155895-1,Duct2 singlet,Nuclear area,24.0272862320018
PC1_cellid_000155901-1,Duct2 singlet,Nuclear area,40.0729362384463
PC1_cellid_000155908-1,Fibroblast singlet,Nuclear area,19.9267561932506
PC1_cellid_000155913-1,Fibroblast singlet,Nuclear area,47.917151723955
PC1_cellid_000155943-1,Duct2 singlet,Nuclear area,7.98163622555242
PC1_cellid_000155979-1,Fibroblast singlet,Nuclear area,15.9366869673375
PC1_cellid_000155981-1,Duct2 singlet,Nuclear area,12.0274975230351
PC1_cellid_000155987-1,Fibroblast singlet,Nuclear area,51.9910962789378
PC1_cellid_000156001-1,Duct2 singlet,Nuclear area,24.081954973273
PC1_cellid_000156015-1,Duct2 singlet,Nuclear area,63.9635506172699
PC1_cellid_000156029-1,Fibroblast singlet,Nuclear area,32.0358823847493
PC1_cellid_000156102-1,Duct2 singlet,Nuclear area,35.9450718290598
PC1_cellid_000156162-1,Duct2 singlet,Nuclear area,47.9999037227308
PC1_cellid_000156167-1,Fibroblast singlet,Nuclear area,35.9724061996919
PC1_cellid_000156188-1,Fibroblast singlet,Nuclear area,16.0729843770836
PC1_cellid_000156201-1,Duct2 singlet,Nuclear area,36.0544093115961
PC1_cellid_000156239-1,Fibroblast singlet,Nuclear area,15.9086037098353
PC1_cellid_000156255-1,Fibroblast singlet,Nuclear area,43.8997481274092
PC1_cellid_000156288-1,Supported Duct2-Fibroblast,Nuclear area,23.9999518613627
PC1_cellid_000156319-1,Fibroblast singlet,Nuclear area,23.99957741793
PC1_cellid_000156375-1,Supported Duct2-Fibroblast,Nuclear area,44.1187975359277
PC1_cellid_000156391-1,Duct2 singlet,Nuclear area,12.0271230796034
PC1_cellid_000156392-1,Fibroblast singlet,Nuclear area,83.999269849622
PC1_cellid_000156396-1,Fibroblast singlet,Nuclear area,12.0821662643049
PC1_cellid_000156398-1,Duct2 singlet,Nuclear area,48.0545724640003
PC1_cellid_000156428-1,Duct2 singlet,Nuclear area,35.9173630149946
PC1_cellid_000156431-1,Fibroblast singlet,Nuclear area,28.1001074566858
PC1_cellid_000156479-1,Duct2 singlet,Nuclear area,28.0454387154106
PC1_cellid_000156481-1,Fibroblast singlet,Nuclear area,16.0729843770798
PC1_cellid_000156526-1,Fibroblast singlet,Nuclear area,35.9454462724941
PC1_cellid_000156639-1,Duct2 singlet,Nuclear area,7.98238511242004
PC1_cellid_000156641-1,Fibroblast singlet,Nuclear area,15.9640213379717
PC1_cellid_000156649-1,Fibroblast singlet,Nuclear area,11.9724543383308
PC1_cellid_000156652-1,Duct2 singlet,Nuclear area,32.0092969009857
PC1_cellid_000156709-1,Duct2 singlet,Nuclear area,4.01815248341097
PC1_cellid_000156712-1,Fibroblast singlet,Nuclear area,84.0273531071275
PC1_cellid_000156741-1,Fibroblast singlet,Nuclear area,32.091300012896
PC1_cellid_000156783-1,Fibroblast singlet,Nuclear area,20.036842562656
PC1_cellid_000156806-1,Fibroblast singlet,Nuclear area,28.0177299013454
PC1_cellid_000156812-1,Duct2 singlet,Nuclear area,52.1277681321188
PC1_cellid_000156813-1,Duct2 singlet,Nuclear area,15.9632724511078
PC1_cellid_000156818-1,Duct2 singlet,Nuclear area,19.9548394507502
PC1_cellid_000156836-1,Fibroblast singlet,Nuclear area,11.9724543383312
PC1_cellid_000156859-1,Duct2 singlet,Nuclear area,56.0642919470554
PC1_cellid_000156873-1,Fibroblast singlet,Nuclear area,44.0090856099497
PC1_cellid_000156887-1,Fibroblast singlet,Nuclear area,43.9821256827524
PC1_cellid_000156897-1,Fibroblast singlet,Nuclear area,23.9175743060242
PC1_cellid_000156913-1,Duct2 singlet,Nuclear area,23.9729919341618
PC1_cellid_000156919-1,Fibroblast singlet,Nuclear area,11.9724543383287
PC1_cellid_000156931-1,Duct2 singlet,Nuclear area,43.981751239317
PC1_cellid_000156940-1,Fibroblast singlet,Nuclear area,52.0457650202088
PC1_cellid_000156941-1,Fibroblast singlet,Nuclear area,15.9359380804755
PC1_cellid_000156946-1,Fibroblast singlet,Nuclear area,43.9813767958861
PC1_cellid_000156947-1,Fibroblast singlet,Nuclear area,40.100645052511
PC1_cellid_000156979-1,Fibroblast singlet,Nuclear area,24.0272862320007
PC1_cellid_000156993-1,Supported Duct2-Fibroblast,Nuclear area,44.0910887218561
PC1_cellid_000156999-1,Fibroblast singlet,Nuclear area,12.0271230796011
PC1_cellid_000157009-1,Fibroblast singlet,Nuclear area,23.9726174907257
PC1_cellid_000157018-1,Fibroblast singlet,Nuclear area,15.9632724511092
PC1_cellid_000157042-1,Duct2 singlet,Nuclear area,107.889884228451
PC1_cellid_000157054-1,Fibroblast singlet,Nuclear area,20.036093675794
PC1_cellid_000157059-1,Duct2 singlet,Nuclear area,47.9452349814613
PC1_cellid_000157091-1,Fibroblast singlet,Nuclear area,7.98163622555296
PC1_cellid_000157104-1,Fibroblast singlet,Nuclear area,39.9635987559032
PC1_cellid_000157108-1,Supported Duct2-Fibroblast,Nuclear area,55.9542055776441
PC1_cellid_000157115-1,Fibroblast singlet,Nuclear area,15.9632724511048
PC1_cellid_000157125-1,Fibroblast singlet,Nuclear area,19.9540905638843
PC1_cellid_000157126-1,Supported Duct2-Fibroblast,Nuclear area,15.9640213379746
PC1_cellid_000157133-1,Supported Duct2-Fibroblast,Nuclear area,31.9272937890838
PC1_cellid_000157141-1,Duct2 singlet,Nuclear area,15.9632724511086
PC1_cellid_000157144-1,Supported Duct2-Fibroblast,Nuclear area,40.1272305362842
PC1_cellid_000157146-1,Fibroblast singlet,Nuclear area,11.9724543383297
PC1_cellid_000157163-1,Supported Duct2-Fibroblast,Nuclear area,15.9632724511103
PC1_cellid_000157193-1,Supported Duct2-Fibroblast,Nuclear area,59.8360606513166
PC1_cellid_000157221-1,Duct2 singlet,Nuclear area,16.0183156358113
PC1_cellid_000157227-1,Fibroblast singlet,Nuclear area,63.963176173834
PC1_cellid_000157228-1,Fibroblast singlet,Nuclear area,19.9267561932482
PC1_cellid_000157238-1,Fibroblast singlet,Nuclear area,23.9999518613627
PC1_cellid_000157287-1,Fibroblast singlet,Nuclear area,11.9724543383292
PC1_cellid_000157307-1,Fibroblast singlet,Nuclear area,12.0274975230346
PC1_cellid_000157319-1,Duct2 singlet,Nuclear area,16.0179411923811
PC1_cellid_000157331-1,Fibroblast singlet,Nuclear area,23.9999518613594
PC1_cellid_000157335-1,Duct2 singlet,Nuclear area,20.0368425626563
PC1_cellid_000157343-1,Fibroblast singlet,Nuclear area,19.9544650073158
PC1_cellid_000157358-1,Supported Duct2-Fibroblast,Nuclear area,63.9085074325623
PC1_cellid_000157371-1,Fibroblast singlet,Nuclear area,28.0184787882117
PC1_cellid_000157408-1,Fibroblast singlet,Nuclear area,23.9729919341594
PC1_cellid_000157441-1,Duct2 singlet,Nuclear area,35.9727806431259
PC1_cellid_000157460-1,Fibroblast singlet,Nuclear area,28.0458131588412
PC1_cellid_000157473-1,Duct2 singlet,Nuclear area,84.1640249603041
PC1_cellid_000157497-1,Supported Duct2-Fibroblast,Nuclear area,39.9901842396738
PC1_cellid_000157507-1,Duct2 singlet,Nuclear area,44.0087111665168
PC1_cellid_000157547-1,Fibroblast singlet,Nuclear area,27.963435603503
PC1_cellid_000157620-1,Fibroblast singlet,Nuclear area,11.9997887089645
PC1_cellid_000157641-1,Duct2 singlet,Nuclear area,16.0183156358092
PC1_cellid_000157651-1,Fibroblast singlet,Nuclear area,23.9179487494573
PC1_cellid_000157654-1,Supported Duct2-Fibroblast,Nuclear area,28.0454387154125
PC1_cellid_000157658-1,Fibroblast singlet,Nuclear area,32.0092969009835
PC1_cellid_000157662-1,Fibroblast singlet,Nuclear area,47.9452349814584
PC1_cellid_000157679-1,Supported Duct2-Fibroblast,Nuclear area,36.0270749409658
PC1_cellid_000157700-1,Duct2 singlet,Nuclear area,80.0915781790567
PC1_cellid_000157715-1,Fibroblast singlet,Nuclear area,27.9361012328677
PC1_cellid_000157719-1,Supported Duct2-Fibroblast,Nuclear area,31.9272937890804
PC1_cellid_000157739-1,Fibroblast singlet,Nuclear area,35.9727806431261
PC1_cellid_000157775-1,Fibroblast singlet,Nuclear area,7.98163622555501
PC1_cellid_000157814-1,Fibroblast singlet,Nuclear area,27.9634356035024
PC1_cellid_000157821-1,Duct2 singlet,Nuclear area,24.0272862319952
PC1_cellid_000157826-1,Fibroblast singlet,Nuclear area,20.0364681192228
PC1_cellid_000157842-1,Duct2 singlet,Nuclear area,55.8999112798072
PC1_cellid_000157898-1,Fibroblast singlet,Nuclear area,16.017941192376
PC1_cellid_000157908-1,Fibroblast singlet,Nuclear area,28.0735219729166
PC1_cellid_000157918-1,Fibroblast singlet,Nuclear area,19.872836338842
PC1_cellid_000157932-1,Fibroblast singlet,Nuclear area,24.0272862319963
PC1_cellid_000157934-1,Supported Duct2-Fibroblast,Nuclear area,39.9632243124691
PC1_cellid_000157964-1,Supported Duct2-Fibroblast,Nuclear area,27.9907699741378
PC1_cellid_000158008-1,Duct2 singlet,Nuclear area,64.0178449151099
PC1_cellid_000158028-1,Fibroblast singlet,Nuclear area,23.9449086766616
PC1_cellid_000158053-1,Fibroblast singlet,Nuclear area,16.0460244498795
PC1_cellid_000158065-1,Fibroblast singlet,Nuclear area,23.9999518613605
PC1_cellid_000158071-1,Fibroblast singlet,Nuclear area,7.98163622555242
PC1_cellid_000158099-1,Duct2 singlet,Nuclear area,132.054591200493
PC1_cellid_000158105-1,Fibroblast singlet,Nuclear area,20.009508192023
PC1_cellid_000158109-1,Duct2 singlet,Nuclear area,11.9997887089645
PC1_cellid_000158130-1,Fibroblast singlet,Nuclear area,15.9632724511097
PC1_cellid_000158153-1,Duct2 singlet,Nuclear area,51.99034739207
PC1_cellid_000158169-1,Supported Duct2-Fibroblast,Nuclear area,35.9181119018591
PC1_cellid_000158181-1,Fibroblast singlet,Nuclear area,8.00934503962054
PC1_cellid_000158191-1,Duct2 singlet,Nuclear area,44.0356710937192
PC1_cellid_000158219-1,Fibroblast singlet,Nuclear area,7.98163622555242
PC1_cellid_000158243-1,Duct2 singlet,Nuclear area,20.0360936757886
PC1_cellid_000158257-1,Supported Duct2-Fibroblast,Nuclear area,91.9266117773413
PC1_cellid_000158282-1,Duct2 singlet,Nuclear area,47.9452349814647
PC1_cellid_000158315-1,Duct2 singlet,Nuclear area,51.8813843529679
PC1_cellid_000158320-1,Duct2 singlet,Nuclear area,67.9539942866096
PC1_cellid_000158356-1,Supported Duct2-Fibroblast,Nuclear area,20.0364681192256
PC1_cellid_000158358-1,Fibroblast singlet,Nuclear area,20.0087593051527
PC1_cellid_000158360-1,Duct2 singlet,Nuclear area,76.0457168815741
PC1_cellid_000158376-1,Duct2 singlet,Nuclear area,32.036256828189
PC1_cellid_000158387-1,Duct2 singlet,Nuclear area,15.964021337972
PC1_cellid_000158389-1,Fibroblast singlet,Nuclear area,20.0091337485904
PC1_cellid_000158407-1,Fibroblast singlet,Nuclear area,16.0183156358146
PC1_cellid_000158429-1,Duct2 singlet,Nuclear area,15.9636468945407
PC1_cellid_000158433-1,Fibroblast singlet,Nuclear area,16.0456500064434
PC1_cellid_000158457-1,Fibroblast singlet,Nuclear area,16.0456500064488
PC1_cellid_000158459-1,Duct2 singlet,Nuclear area,43.8993736839802
PC1_cellid_000158465-1,Fibroblast singlet,Nuclear area,16.0460244498779
PC1_cellid_000158474-1,Supported Duct2-Fibroblast,Nuclear area,20.0091337485852
PC1_cellid_000158481-1,Duct2 singlet,Nuclear area,32.0089224575542
PC1_cellid_000158517-1,Fibroblast singlet,Nuclear area,27.9634356035074
PC1_cellid_000158523-1,Duct2 singlet,Nuclear area,80.0365349943532
PC1_cellid_000158545-1,Fibroblast singlet,Nuclear area,15.9636468945391
PC1_cellid_000158553-1,Supported Duct2-Fibroblast,Nuclear area,59.9173148763545
PC1_cellid_000158575-1,Supported Duct2-Fibroblast,Nuclear area,56.1462950589582
PC1_cellid_000158579-1,Fibroblast singlet,Nuclear area,12.0001631524009
PC1_cellid_000158588-1,Fibroblast singlet,Nuclear area,31.9819625303526
PC1_cellid_000158618-1,Duct2 singlet,Nuclear area,11.9997887089655
PC1_cellid_000158636-1,Duct2 singlet,Nuclear area,52.045390576777
PC1_cellid_000158647-1,Fibroblast singlet,Nuclear area,15.963272451107
PC1_cellid_000158676-1,Fibroblast singlet,Nuclear area,8.03630496682357
PC1_cellid_000158681-1,Fibroblast singlet,Nuclear area,19.9817993779533
PC1_cellid_000158693-1,Duct2 singlet,Nuclear area,35.9720317562625
PC1_cellid_000158708-1,Duct2 singlet,Nuclear area,36.0274493844016
PC1_cellid_000158709-1,Fibroblast singlet,Nuclear area,19.9544650073115
PC1_cellid_000158725-1,Duct2 singlet,Nuclear area,67.926659915982
PC1_cellid_000158742-1,Supported Duct2-Fibroblast,Nuclear area,51.9910962789382
PC1_cellid_000158797-1,Duct2 singlet,Nuclear area,23.9175743060245
PC1_cellid_000158813-1,Fibroblast singlet,Nuclear area,7.98163622555569
PC1_cellid_000158824-1,Fibroblast singlet,Nuclear area,27.9634356035008
PC1_cellid_000158826-1,Fibroblast singlet,Nuclear area,28.0177299013416
PC1_cellid_000158829-1,Fibroblast singlet,Nuclear area,43.8989992405477
PC1_cellid_000158833-1,Fibroblast singlet,Nuclear area,35.9177374584239
PC1_cellid_000158844-1,Supported Duct2-Fibroblast,Nuclear area,12.0001631524009
PC1_cellid_000158854-1,Fibroblast singlet,Nuclear area,11.9724543383281
PC1_cellid_000158857-1,Duct2 singlet,Nuclear area,7.98163622555678
PC1_cellid_000158859-1,Fibroblast singlet,Nuclear area,20.0364681192245
PC1_cellid_000158880-1,Fibroblast singlet,Nuclear area,15.936686967337
PC1_cellid_000158959-1,Duct2 singlet,Nuclear area,48.0545724639932
PC1_cellid_000158970-1,Fibroblast singlet,Nuclear area,15.9913557086092
PC1_cellid_000158975-1,Fibroblast singlet,Nuclear area,16.0183156358093
PC1_cellid_000158977-1,Supported Duct2-Fibroblast,Nuclear area,47.9725693520949
PC1_cellid_000158985-1,Duct2 singlet,Nuclear area,36.0817436822352
PC1_cellid_000159019-1,Duct2 singlet,Nuclear area,47.9452349814569
PC1_cellid_000159036-1,Fibroblast singlet,Nuclear area,8.00934503962048
PC1_cellid_000159041-1,Fibroblast singlet,Nuclear area,20.0091337485892
PC1_cellid_000159044-1,Fibroblast singlet,Nuclear area,15.9640213379744
PC1_cellid_000159057-1,Fibroblast singlet,Nuclear area,15.9906068217429
PC1_cellid_000159061-1,Duct2 singlet,Nuclear area,7.98163622555024
PC1_cellid_000159069-1,Duct2 singlet,Nuclear area,27.9903955307079
PC1_cellid_000159092-1,Supported Duct2-Fibroblast,Nuclear area,19.9817993779517
PC1_cellid_000159113-1,Duct2 singlet,Nuclear area,19.9814249345202
PC1_cellid_000159136-1,Duct2 singlet,Nuclear area,39.9905586831077
PC1_cellid_000159146-1,Fibroblast singlet,Nuclear area,7.98163622555678
PC1_cellid_000159149-1,Fibroblast singlet,Nuclear area,19.9540905638843
PC1_cellid_000159171-1,Duct2 singlet,Nuclear area,36.0270749409652
PC1_cellid_000159201-1,Fibroblast singlet,Nuclear area,15.9640213379725
PC1_cellid_000159202-1,Fibroblast singlet,Nuclear area,12.0001631524015
PC1_cellid_000159214-1,Supported Duct2-Fibroblast,Nuclear area,8.0363049668252
PC1_cellid_000159270-1,Fibroblast singlet,Nuclear area,19.9814249345191
PC1_cellid_000159323-1,Duct2 singlet,Nuclear area,55.9268712070164
PC1_cellid_000159329-1,Duct2 singlet,Nuclear area,35.9993661268967
PC1_cellid_000159334-1,Duct2 singlet,Nuclear area,11.9724543383307
PC1_cellid_000159342-1,Supported Duct2-Fibroblast,Nuclear area,60.0547356163973
PC1_cellid_000159353-1,Duct2 singlet,Nuclear area,52.0184306495705
PC1_cellid_000159356-1,Fibroblast singlet,Nuclear area,16.0460244498813
PC1_cellid_000159386-1,Supported Duct2-Fibroblast,Nuclear area,20.0091337485869
PC1_cellid_000159407-1,Duct2 singlet,Nuclear area,16.0183156358092
PC1_cellid_000159414-1,Fibroblast singlet,Nuclear area,40.0182674971744
PC1_cellid_000159423-1,Fibroblast singlet,Nuclear area,8.03667941025944
PC1_cellid_000159427-1,Fibroblast singlet,Nuclear area,23.9726174907301
PC1_cellid_000159431-1,Duct2 singlet,Nuclear area,20.0364681192215
PC1_cellid_000159433-1,Fibroblast singlet,Nuclear area,11.9451199676938
PC1_cellid_000159436-1,Fibroblast singlet,Nuclear area,8.03630496682194
PC1_cellid_000159491-1,Fibroblast singlet,Nuclear area,27.9911444175769
PC1_cellid_000159494-1,Supported Duct2-Fibroblast,Nuclear area,8.00897059619044
PC1_cellid_000159513-1,Fibroblast singlet,Nuclear area,7.98163622555242
PC1_cellid_000159568-1,Duct2 singlet,Nuclear area,55.9542055776435
PC1_cellid_000159603-1,Fibroblast singlet,Nuclear area,3.99081811277839
PC1_cellid_000159607-1,Duct2 singlet,Nuclear area,24.0269117885629
PC1_cellid_000159618-1,Fibroblast singlet,Nuclear area,16.0729843770804
PC1_cellid_000159629-1,Fibroblast singlet,Nuclear area,71.8354749168468
PC1_cellid_000159662-1,Duct2 singlet,Nuclear area,11.9997887089673
PC1_cellid_000159667-1,Fibroblast singlet,Nuclear area,11.9997887089671
PC1_cellid_000159706-1,Supported Duct2-Fibroblast,Nuclear area,44.0087111665188
PC1_cellid_000159710-1,Fibroblast singlet,Nuclear area,15.9906068217445
PC1_cellid_000159711-1,Fibroblast singlet,Nuclear area,3.9908181127773
PC1_cellid_000159736-1,Fibroblast singlet,Nuclear area,27.9634356035061
PC1_cellid_000159763-1,Fibroblast singlet,Nuclear area,11.9185344839254
PC1_cellid_000159770-1,Supported Duct2-Fibroblast,Nuclear area,32.009296900982
PC1_cellid_000159783-1,Fibroblast singlet,Nuclear area,3.99081811277512
PC1_cellid_000159800-1,Fibroblast singlet,Nuclear area,40.0175186103082
PC1_cellid_000159817-1,Fibroblast singlet,Nuclear area,11.9185344839259
PC1_cellid_000159818-1,Duct2 singlet,Nuclear area,28.0454387154086
PC1_cellid_000159821-1,Fibroblast singlet,Nuclear area,80.0915781790556
PC1_cellid_000159835-1,Duct2 singlet,Nuclear area,11.9724543383293
PC1_cellid_000159846-1,Duct2 singlet,Nuclear area,43.9544168686796
PC1_cellid_000159870-1,Fibroblast singlet,Nuclear area,20.063802489859
PC1_cellid_000159873-1,Duct2 singlet,Nuclear area,27.9087668622345
PC1_cellid_000159878-1,Fibroblast singlet,Nuclear area,20.0364681192258
PC1_cellid_000159882-1,Fibroblast singlet,Nuclear area,16.0183156358115
PC1_cellid_000159908-1,Fibroblast singlet,Nuclear area,28.0454387154106
PC1_cellid_000159948-1,Duct2 singlet,Nuclear area,27.936101232871
PC1_cellid_000159964-1,Duct2 singlet,Nuclear area,15.9632724511081
PC1_cellid_000159967-1,Duct2 singlet,Nuclear area,8.00897059618807
PC1_cellid_000159986-1,Duct2 singlet,Nuclear area,8.00897059618718
PC1_cellid_000159992-1,Duct2 singlet,Nuclear area,35.9724061996929
PC1_cellid_000160001-1,Duct2 singlet,Nuclear area,48.0819068346359
PC1_cellid_000160009-1,Duct2 singlet,Nuclear area,48.054572463997
PC1_cellid_000160029-1,Fibroblast singlet,Nuclear area,20.0364681192261
PC1_cellid_000160035-1,Duct2 singlet,Nuclear area,23.9729919341607
PC1_cellid_000160038-1,Fibroblast singlet,Nuclear area,15.9906068217429
PC1_cellid_000160063-1,Fibroblast singlet,Nuclear area,16.0183156358104
PC1_cellid_000160074-1,Fibroblast singlet,Nuclear area,4.01815248341206
PC1_cellid_000160098-1,Fibroblast singlet,Nuclear area,83.9719354789938
PC1_cellid_000160123-1,Duct2 singlet,Nuclear area,28.0458131588415
PC1_cellid_000160129-1,Duct2 singlet,Nuclear area,27.9630611600705
PC1_cellid_000160146-1,Fibroblast singlet,Nuclear area,28.1004819001165
PC1_cellid_000160150-1,Fibroblast singlet,Nuclear area,32.0639656422552
PC1_cellid_000160156-1,Fibroblast singlet,Nuclear area,39.9358899418387
PC1_cellid_000160176-1,Supported Duct2-Fibroblast,Nuclear area,16.0729843770823
PC1_cellid_000160182-1,Duct2 singlet,Nuclear area,48.1092412052702
PC1_cellid_000160191-1,Fibroblast singlet,Nuclear area,11.9997887089654
PC1_cellid_000160210-1,Supported Duct2-Fibroblast,Nuclear area,20.0095081920202
PC1_cellid_000160264-1,Duct2 singlet,Nuclear area,40.0459763112485
PC1_cellid_000160289-1,Fibroblast singlet,Nuclear area,15.9632724511048
PC1_cellid_000160317-1,Supported Duct2-Fibroblast,Nuclear area,35.9450718290571
PC1_cellid_000160350-1,Duct2 singlet,Nuclear area,35.9997405703327
PC1_cellid_000160355-1,Duct2 singlet,Nuclear area,20.0091337485892
PC1_cellid_000160385-1,Fibroblast singlet,Nuclear area,36.027823827827
PC1_cellid_000160388-1,Supported Duct2-Fibroblast,Nuclear area,59.9719836176253
PC1_cellid_000160416-1,Supported Duct2-Fibroblast,Nuclear area,8.00934503962146
PC1_cellid_000160418-1,Duct2 singlet,Nuclear area,11.9997887089623
PC1_cellid_000160436-1,Fibroblast singlet,Nuclear area,24.0003263047985
PC1_cellid_000160461-1,Supported Duct2-Fibroblast,Nuclear area,16.1003187477167
PC1_cellid_000160475-1,Duct2 singlet,Nuclear area,7.98163622555269
PC1_cellid_000160488-1,Fibroblast singlet,Nuclear area,27.990769974141
PC1_cellid_000160494-1,Duct2 singlet,Nuclear area,40.1002706090842
PC1_cellid_000160505-1,Duct2 singlet,Nuclear area,7.9816362255546
PC1_cellid_000160528-1,Fibroblast singlet,Nuclear area,31.9815880869238
PC1_cellid_000160536-1,Fibroblast singlet,Nuclear area,27.936101232865
PC1_cellid_000160544-1,Fibroblast singlet,Nuclear area,23.9722430472957
PC1_cellid_000160549-1,Duct2 singlet,Nuclear area,3.9908181127773
PC1_cellid_000160596-1,Fibroblast singlet,Nuclear area,15.9636468945391
PC1_cellid_000160609-1,Fibroblast singlet,Nuclear area,8.00934503962395
PC1_cellid_000160639-1,Duct2 singlet,Nuclear area,11.9997887089645
PC1_cellid_000160643-1,Supported Duct2-Fibroblast,Nuclear area,12.0548318936702
PC1_cellid_000160667-1,Fibroblast singlet,Nuclear area,11.9724543383297
PC1_cellid_000160675-1,Fibroblast singlet,Nuclear area,8.00897059618772
PC1_cellid_000160695-1,Duct2 singlet,Nuclear area,44.0914631652958
PC1_cellid_000160722-1,Duct2 singlet,Nuclear area,3.99081811277641
PC1_cellid_000160740-1,Duct2 singlet,Nuclear area,16.0179411923754
PC1_cellid_000160755-1,Fibroblast singlet,Nuclear area,20.0087593051527
PC1_cellid_000160789-1,Duct2 singlet,Nuclear area,11.9451199676956
PC1_cellid_000160791-1,Fibroblast singlet,Nuclear area,7.98163622555419
PC1_cellid_000160803-1,Fibroblast singlet,Nuclear area,27.9638100469422
PC1_cellid_000160810-1,Fibroblast singlet,Nuclear area,19.9540905638843
PC1_cellid_000160823-1,Fibroblast singlet,Nuclear area,16.0183156358099
PC1_cellid_000160858-1,Fibroblast singlet,Nuclear area,3.99081811277678
PC1_cellid_000160867-1,Fibroblast singlet,Nuclear area,19.9814249345202
PC1_cellid_000160884-1,Duct2 singlet,Nuclear area,15.96402133797
PC1_cellid_000160897-1,Fibroblast singlet,Nuclear area,19.9540905638851
PC1_cellid_000160903-1,Duct2 singlet,Nuclear area,7.9823851124194
PC1_cellid_000160915-1,Duct2 singlet,Nuclear area,20.0638024898549
PC1_cellid_000160927-1,Duct2 singlet,Nuclear area,12.0821662643032
PC1_cellid_000160974-1,Fibroblast singlet,Nuclear area,15.964021337974
PC1_cellid_000160990-1,Duct2 singlet,Nuclear area,56.063917503618
PC1_cellid_000161048-1,Fibroblast singlet,Nuclear area,7.9816362255546
PC1_cellid_000161050-1,Fibroblast singlet,Nuclear area,23.9999518613648
PC1_cellid_000161059-1,Fibroblast singlet,Nuclear area,35.8626942737175
PC1_cellid_000161061-1,Fibroblast singlet,Nuclear area,23.9456575635292
PC1_cellid_000161072-1,Duct2 singlet,Nuclear area,39.9909331265403
PC1_cellid_000161081-1,Fibroblast singlet,Nuclear area,8.03630496682273
PC1_cellid_000161114-1,Fibroblast singlet,Nuclear area,8.00934503962307
PC1_cellid_000161131-1,Fibroblast singlet,Nuclear area,11.9724543383286
PC1_cellid_000161135-1,Supported Duct2-Fibroblast,Nuclear area,20.0364681192223
PC1_cellid_000161138-1,Fibroblast singlet,Nuclear area,20.0095081920205
PC1_cellid_000161139-1,Fibroblast singlet,Nuclear area,11.9451199676949
PC1_cellid_000161141-1,Fibroblast singlet,Nuclear area,12.0001631523987
PC1_cellid_000161152-1,Fibroblast singlet,Nuclear area,15.9906068217418
PC1_cellid_000161176-1,Duct2 singlet,Nuclear area,12.082166264303
PC1_cellid_000161188-1,Fibroblast singlet,Nuclear area,32.0366312716227
PC1_cellid_000161196-1,Fibroblast singlet,Nuclear area,8.00934503962443
PC1_cellid_000161213-1,Duct2 singlet,Nuclear area,32.0366312716253
PC1_cellid_000161222-1,Duct2 singlet,Nuclear area,35.9181119018547
PC1_cellid_000161224-1,Supported Duct2-Fibroblast,Nuclear area,31.9272937890802
PC1_cellid_000161241-1,Supported Duct2-Fibroblast,Nuclear area,11.972828781764
PC1_cellid_000161242-1,Fibroblast singlet,Nuclear area,23.9999518613605
PC1_cellid_000161256-1,Duct2 singlet,Nuclear area,60.1094043576707
PC1_cellid_000161278-1,Supported Duct2-Fibroblast,Nuclear area,35.9993661268956
PC1_cellid_000161282-1,Fibroblast singlet,Nuclear area,23.9729919341619
PC1_cellid_000161283-1,Duct2 singlet,Nuclear area,32.0089224575564
PC1_cellid_000161290-1,Fibroblast singlet,Nuclear area,8.06401378089204
PC1_cellid_000161346-1,Supported Duct2-Fibroblast,Nuclear area,32.0089224575528
PC1_cellid_000161348-1,Duct2 singlet,Nuclear area,48.0268636499307
PC1_cellid_000161383-1,Supported Duct2-Fibroblast,Nuclear area,24.0276606754339
PC1_cellid_000161386-1,Supported Duct2-Fibroblast,Nuclear area,35.9446973856251
PC1_cellid_000161409-1,Fibroblast singlet,Nuclear area,24.0549950460674
PC1_cellid_000161412-1,Fibroblast singlet,Nuclear area,7.98163622555242
PC1_cellid_000161413-1,Supported Duct2-Fibroblast,Nuclear area,20.036093675782
PC1_cellid_000161419-1,Fibroblast singlet,Nuclear area,39.9905586831066
PC1_cellid_000161425-1,Fibroblast singlet,Nuclear area,27.8810580481694
PC1_cellid_000161448-1,Fibroblast singlet,Nuclear area,4.01815248341151
PC1_cellid_000161457-1,Supported Duct2-Fibroblast,Nuclear area,56.0908774308222
PC1_cellid_000161465-1,Fibroblast singlet,Nuclear area,20.0091337485853
PC1_cellid_000161467-1,Duct2 singlet,Nuclear area,19.954465007318
PC1_cellid_000161473-1,Fibroblast singlet,Nuclear area,7.98163622555351
PC1_cellid_000161484-1,Duct2 singlet,Nuclear area,35.9997405703327
PC1_cellid_000161490-1,Fibroblast singlet,Nuclear area,27.9911444175741
PC1_cellid_000161507-1,Fibroblast singlet,Nuclear area,15.9086037098364
PC1_cellid_000161517-1,Fibroblast singlet,Nuclear area,8.00897059619044
PC1_cellid_000161520-1,Fibroblast singlet,Nuclear area,24.0549950460675
PC1_cellid_000161564-1,Fibroblast singlet,Nuclear area,32.0366312716216
PC1_cellid_000161614-1,Fibroblast singlet,Nuclear area,28.073147529483
PC1_cellid_000161661-1,Fibroblast singlet,Nuclear area,19.9817993779531
PC1_cellid_000161662-1,Fibroblast singlet,Nuclear area,11.9724543383286
PC1_cellid_000161667-1,Fibroblast singlet,Nuclear area,19.9540905638843
PC1_cellid_000161697-1,Duct2 singlet,Nuclear area,16.0456500064494
PC1_cellid_000161736-1,Duct2 singlet,Nuclear area,23.9449086766583
PC1_cellid_000161801-1,Duct2 singlet,Nuclear area,27.9087668622373
PC1_cellid_000161809-1,Duct2 singlet,Nuclear area,8.00897059619154
PC1_cellid_000161821-1,Fibroblast singlet,Nuclear area,11.9997887089668
PC1_cellid_000161826-1,Fibroblast singlet,Nuclear area,16.0733588205144
PC1_cellid_000161832-1,Duct2 singlet,Nuclear area,16.0729843770798
PC1_cellid_000161842-1,Duct2 singlet,Nuclear area,15.9906068217434
PC1_cellid_000161854-1,Fibroblast singlet,Nuclear area,11.9724543383297
PC1_cellid_000161860-1,Duct2 singlet,Nuclear area,3.9908181127773
PC1_cellid_000161880-1,Supported Duct2-Fibroblast,Nuclear area,16.0456500064477
PC1_cellid_000161899-1,Fibroblast singlet,Nuclear area,11.9724543383319
PC1_cellid_000161900-1,Supported Duct2-Fibroblast,Nuclear area,11.9997887089634
PC1_cellid_000161917-1,Fibroblast singlet,Nuclear area,32.008548014119
PC1_cellid_000161945-1,Duct2 singlet,Nuclear area,32.0370057150558
PC1_cellid_000161994-1,Duct2 singlet,Nuclear area,27.9083924187987
PC1_cellid_000162008-1,Duct2 singlet,Nuclear area,28.0454387154089
PC1_cellid_000162011-1,Duct2 singlet,Nuclear area,27.9364756763017
PC1_cellid_000162036-1,Duct2 singlet,Nuclear area,7.98238511242085
PC1_cellid_000162069-1,Fibroblast singlet,Nuclear area,15.9913557086065
PC1_cellid_000162077-1,Duct2 singlet,Nuclear area,23.999951861365
PC1_cellid_000162078-1,Fibroblast singlet,Nuclear area,16.0183156358126
PC1_cellid_000162081-1,Duct2 singlet,Nuclear area,20.0368425626564
PC1_cellid_000162092-1,Fibroblast singlet,Nuclear area,15.9363125239038
PC1_cellid_000162101-1,Fibroblast singlet,Nuclear area,16.0183156358135
PC1_cellid_000162106-1,Fibroblast singlet,Nuclear area,8.00897059618772
PC1_cellid_000162138-1,Supported Duct2-Fibroblast,Nuclear area,31.9269193456434
PC1_cellid_000162177-1,Duct2 singlet,Nuclear area,7.98163622555344
PC1_cellid_000162179-1,Fibroblast singlet,Nuclear area,19.9817993779539
PC1_cellid_000162187-1,Fibroblast singlet,Nuclear area,8.00934503962089
PC1_cellid_000162188-1,Duct2 singlet,Nuclear area,20.036468119219
PC1_cellid_000162196-1,Duct2 singlet,Nuclear area,15.9632724511055
PC1_cellid_000162214-1,Duct2 singlet,Nuclear area,11.9732032251956
PC1_cellid_000162217-1,Fibroblast singlet,Nuclear area,23.999951861367
PC1_cellid_000162234-1,Fibroblast singlet,Nuclear area,36.0270749409663
PC1_cellid_000162245-1,Duct2 singlet,Nuclear area,35.9720317562587
PC1_cellid_000162250-1,Duct2 singlet,Nuclear area,11.9724543383297
PC1_cellid_000162269-1,Duct2 singlet,Nuclear area,19.9267561932508
PC1_cellid_000162283-1,Fibroblast singlet,Nuclear area,31.9815880869178
PC1_cellid_000162284-1,Duct2 singlet,Nuclear area,12.0278719664676
PC1_cellid_000162289-1,Fibroblast singlet,Nuclear area,27.9911444175769
PC1_cellid_000162311-1,Duct2 singlet,Nuclear area,16.0179411923798
PC1_cellid_000162312-1,Fibroblast singlet,Nuclear area,15.9640213379742
PC1_cellid_000162314-1,Supported Duct2-Fibroblast,Nuclear area,23.9995774179295
PC1_cellid_000162315-1,Fibroblast singlet,Nuclear area,11.9724543383275
PC1_cellid_000162319-1,Duct2 singlet,Nuclear area,7.98163622555242
PC1_cellid_000162338-1,Duct2 singlet,Nuclear area,4.04586129748271
PC1_cellid_000162343-1,Fibroblast singlet,Nuclear area,11.9724543383303
PC1_cellid_000162362-1,Fibroblast singlet,Nuclear area,7.98163622555569
PC1_cellid_000162364-1,Duct2 singlet,Nuclear area,23.9729919341627
PC1_cellid_000162371-1,Fibroblast singlet,Nuclear area,8.03630496682411
PC1_cellid_000162390-1,Fibroblast singlet,Nuclear area,8.00897059618827
PC1_cellid_000162406-1,Fibroblast singlet,Nuclear area,12.0001631524007
PC1_cellid_000162407-1,Duct2 singlet,Nuclear area,75.8262930296236
PC1_cellid_000162451-1,Fibroblast singlet,Nuclear area,15.9632724511065
PC1_cellid_000162458-1,Duct2 singlet,Nuclear area,15.9632724511048
PC1_cellid_000162465-1,Duct2 singlet,Nuclear area,15.963272451107
PC1_cellid_000162497-1,Duct2 singlet,Nuclear area,23.9999518613652
PC1_cellid_000162504-1,Duct2 singlet,Nuclear area,16.0733588205132
PC1_cellid_000162512-1,Fibroblast singlet,Nuclear area,8.0640137808915
PC1_cellid_000162517-1,Fibroblast singlet,Nuclear area,16.0186900792472
PC1_cellid_000162524-1,Fibroblast singlet,Nuclear area,7.98163622555162
PC1_cellid_000162525-1,Fibroblast singlet,Nuclear area,16.0729843770809
PC1_cellid_000162545-1,Fibroblast singlet,Nuclear area,24.0272862320002
PC1_cellid_000162578-1,Supported Duct2-Fibroblast,Nuclear area,8.03667941025878
PC1_cellid_000162581-1,Supported Duct2-Fibroblast,Nuclear area,15.9906068217444
PC1_cellid_000162636-1,Fibroblast singlet,Nuclear area,16.0183156358111
PC1_cellid_000162656-1,Duct2 singlet,Nuclear area,3.99081811277512
PC1_cellid_000162673-1,Fibroblast singlet,Nuclear area,20.0091337485897
PC1_cellid_000162687-1,Fibroblast singlet,Nuclear area,15.9640213379735
PC1_cellid_000162695-1,Duct2 singlet,Nuclear area,15.9632724511059
PC1_cellid_000162731-1,Duct2 singlet,Nuclear area,27.9634356035052
PC1_cellid_000162746-1,Supported Duct2-Fibroblast,Nuclear area,24.0272862319998
PC1_cellid_000162765-1,Duct2 singlet,Nuclear area,24.0272862320019
PC1_cellid_000162786-1,Supported Duct2-Fibroblast,Nuclear area,16.0183156358114
PC1_cellid_000162799-1,Fibroblast singlet,Nuclear area,44.063754351223
PC1_cellid_000162820-1,Duct2 singlet,Nuclear area,11.9451199676917
PC1_cellid_000162832-1,Fibroblast singlet,Nuclear area,24.0819549732702
PC1_cellid_000152206-1,Supported Duct2-Fibroblast,Nuclear fraction,0.34972023125665
PC1_cellid_000152252-1,Fibroblast singlet,Nuclear fraction,0.240035760886669
PC1_cellid_000152253-1,Duct2 singlet,Nuclear fraction,0.528986431735394
PC1_cellid_000152270-1,Duct2 singlet,Nuclear fraction,0.522436484520828
PC1_cellid_000152277-1,Fibroblast singlet,Nuclear fraction,0.3201767707669
PC1_cellid_000152283-1,Duct2 singlet,Nuclear fraction,0.375317307071254
PC1_cellid_000152292-1,Fibroblast singlet,Nuclear fraction,0.181733265234999
PC1_cellid_000152293-1,Duct2 singlet,Nuclear fraction,0.250775220199364
PC1_cellid_000152340-1,Fibroblast singlet,Nuclear fraction,0.285755732175687
PC1_cellid_000152348-1,Duct2 singlet,Nuclear fraction,0.368134767576383
PC1_cellid_000152361-1,Fibroblast singlet,Nuclear fraction,0.321470065809132
PC1_cellid_000152362-1,Fibroblast singlet,Nuclear fraction,0.570940056668859
PC1_cellid_000152369-1,Fibroblast singlet,Nuclear fraction,0.601635163365643
PC1_cellid_000152370-1,Duct2 singlet,Nuclear fraction,0.21038139458667
PC1_cellid_000152407-1,Fibroblast singlet,Nuclear fraction,0.222632160203018
PC1_cellid_000152414-1,Fibroblast singlet,Nuclear fraction,0.233086039037895
PC1_cellid_000152420-1,Fibroblast singlet,Nuclear fraction,0.470664992828312
PC1_cellid_000152428-1,Fibroblast singlet,Nuclear fraction,0.304516097492135
PC1_cellid_000152437-1,Fibroblast singlet,Nuclear fraction,0.500494963323425
PC1_cellid_000152456-1,Fibroblast singlet,Nuclear fraction,0.36273679817886
PC1_cellid_000152531-1,Duct2 singlet,Nuclear fraction,0.382386961355029
PC1_cellid_000152537-1,Duct2 singlet,Nuclear fraction,0.353700971163925
PC1_cellid_000152554-1,Duct2 singlet,Nuclear fraction,0.591429677099703
PC1_cellid_000152556-1,Duct2 singlet,Nuclear fraction,0.243167228987026
PC1_cellid_000152576-1,Fibroblast singlet,Nuclear fraction,0.299490935619999
PC1_cellid_000152578-1,Duct2 singlet,Nuclear fraction,0.34289978892322
PC1_cellid_000152594-1,Duct2 singlet,Nuclear fraction,0.306184537594595
PC1_cellid_000152597-1,Duct2 singlet,Nuclear fraction,0.412815098220788
PC1_cellid_000152672-1,Fibroblast singlet,Nuclear fraction,0.27585361207603
PC1_cellid_000152674-1,Fibroblast singlet,Nuclear fraction,0.310391807401305
PC1_cellid_000152690-1,Fibroblast singlet,Nuclear fraction,0.389352736764371
PC1_cellid_000152692-1,Fibroblast singlet,Nuclear fraction,0.573315657934124
PC1_cellid_000152699-1,Duct2 singlet,Nuclear fraction,0.528912434662337
PC1_cellid_000152708-1,Duct2 singlet,Nuclear fraction,0.499786418482965
PC1_cellid_000152719-1,Duct2 singlet,Nuclear fraction,0.540560880257536
PC1_cellid_000152736-1,Duct2 singlet,Nuclear fraction,0.420953715112511
PC1_cellid_000152740-1,Duct2 singlet,Nuclear fraction,0.461375668948591
PC1_cellid_000152777-1,Fibroblast singlet,Nuclear fraction,0.157940129901989
PC1_cellid_000152829-1,Fibroblast singlet,Nuclear fraction,0.221494873905827
PC1_cellid_000152890-1,Supported Duct2-Fibroblast,Nuclear fraction,0.285238574939501
PC1_cellid_000152941-1,Duct2 singlet,Nuclear fraction,0.249892722266424
PC1_cellid_000152982-1,Supported Duct2-Fibroblast,Nuclear fraction,0.347279233921119
PC1_cellid_000152996-1,Duct2 singlet,Nuclear fraction,0.282437871623319
PC1_cellid_000153035-1,Duct2 singlet,Nuclear fraction,0.570403335671008
PC1_cellid_000153040-1,Fibroblast singlet,Nuclear fraction,0.227232661795084
PC1_cellid_000153092-1,Duct2 singlet,Nuclear fraction,0.572550909000762
PC1_cellid_000153102-1,Duct2 singlet,Nuclear fraction,0.483136263857922
PC1_cellid_000153104-1,Supported Duct2-Fibroblast,Nuclear fraction,0.363521769715096
PC1_cellid_000153132-1,Duct2 singlet,Nuclear fraction,0.527911238715765
PC1_cellid_000153150-1,Fibroblast singlet,Nuclear fraction,0.272670421641375
PC1_cellid_000153170-1,Supported Duct2-Fibroblast,Nuclear fraction,0.15898128455074
PC1_cellid_000153180-1,Fibroblast singlet,Nuclear fraction,0.437848528577459
PC1_cellid_000153186-1,Fibroblast singlet,Nuclear fraction,0.370758276858419
PC1_cellid_000153218-1,Fibroblast singlet,Nuclear fraction,0.249829354695952
PC1_cellid_000153220-1,Fibroblast singlet,Nuclear fraction,0.390209500229979
PC1_cellid_000153227-1,Fibroblast singlet,Nuclear fraction,0.59891111600616
PC1_cellid_000153239-1,Supported Duct2-Fibroblast,Nuclear fraction,0.142681196270979
PC1_cellid_000153244-1,Duct2 singlet,Nuclear fraction,0.224271883234814
PC1_cellid_000153247-1,Duct2 singlet,Nuclear fraction,0.408700683177517
PC1_cellid_000153260-1,Duct2 singlet,Nuclear fraction,0.240776306455231
PC1_cellid_000153277-1,Duct2 singlet,Nuclear fraction,0.528326912415467
PC1_cellid_000153284-1,Duct2 singlet,Nuclear fraction,0.213485456160297
PC1_cellid_000153307-1,Supported Duct2-Fibroblast,Nuclear fraction,0.0997762570266939
PC1_cellid_000153322-1,Supported Duct2-Fibroblast,Nuclear fraction,0.417495247086256
PC1_cellid_000153324-1,Fibroblast singlet,Nuclear fraction,0.161836048304514
PC1_cellid_000153331-1,Duct2 singlet,Nuclear fraction,0.239961460377349
PC1_cellid_000153332-1,Fibroblast singlet,Nuclear fraction,0.571504021184356
PC1_cellid_000153348-1,Duct2 singlet,Nuclear fraction,0.499363917875714
PC1_cellid_000153359-1,Fibroblast singlet,Nuclear fraction,0.471830985845975
PC1_cellid_000153364-1,Duct2 singlet,Nuclear fraction,0.218402805178027
PC1_cellid_000153366-1,Duct2 singlet,Nuclear fraction,0.239259070956433
PC1_cellid_000153371-1,Fibroblast singlet,Nuclear fraction,0.352106853008654
PC1_cellid_000153405-1,Supported Duct2-Fibroblast,Nuclear fraction,0.406878492609876
PC1_cellid_000153436-1,Fibroblast singlet,Nuclear fraction,0.295411162834374
PC1_cellid_000153444-1,Duct2 singlet,Nuclear fraction,0.498993409619385
PC1_cellid_000153460-1,Duct2 singlet,Nuclear fraction,0.298596321266477
PC1_cellid_000153492-1,Duct2 singlet,Nuclear fraction,0.544651127095383
PC1_cellid_000153494-1,Fibroblast singlet,Nuclear fraction,0.30303190620178
PC1_cellid_000153516-1,Fibroblast singlet,Nuclear fraction,0.385874078332353
PC1_cellid_000153597-1,Fibroblast singlet,Nuclear fraction,0.375262140174059
PC1_cellid_000153604-1,Duct2 singlet,Nuclear fraction,0.429970616888082
PC1_cellid_000153618-1,Duct2 singlet,Nuclear fraction,0.312214291270096
PC1_cellid_000153624-1,Supported Duct2-Fibroblast,Nuclear fraction,0.200184473065427
PC1_cellid_000153648-1,Fibroblast singlet,Nuclear fraction,0.450288757583879
PC1_cellid_000153655-1,Fibroblast singlet,Nuclear fraction,0.584144721297087
PC1_cellid_000153680-1,Fibroblast singlet,Nuclear fraction,0.29277886578891
PC1_cellid_000153748-1,Fibroblast singlet,Nuclear fraction,0.233683453667677
PC1_cellid_000153752-1,Duct2 singlet,Nuclear fraction,0.516381269649138
PC1_cellid_000153757-1,Duct2 singlet,Nuclear fraction,0.499893187053308
PC1_cellid_000153768-1,Duct2 singlet,Nuclear fraction,0.242990929271796
PC1_cellid_000153776-1,Supported Duct2-Fibroblast,Nuclear fraction,0.192001307069929
PC1_cellid_000153787-1,Duct2 singlet,Nuclear fraction,0.557248211296455
PC1_cellid_000153824-1,Fibroblast singlet,Nuclear fraction,0.41182666425308
PC1_cellid_000153831-1,Supported Duct2-Fibroblast,Nuclear fraction,0.419308857736318
PC1_cellid_000153841-1,Supported Duct2-Fibroblast,Nuclear fraction,0.60177405153664
PC1_cellid_000153850-1,Duct2 singlet,Nuclear fraction,0.432436727560782
PC1_cellid_000153860-1,Duct2 singlet,Nuclear fraction,0.501214591065045
PC1_cellid_000153861-1,Fibroblast singlet,Nuclear fraction,0.334483323767081
PC1_cellid_000153867-1,Duct2 singlet,Nuclear fraction,0.239443449076023
PC1_cellid_000153868-1,Fibroblast singlet,Nuclear fraction,0.54732173307219
PC1_cellid_000153879-1,Duct2 singlet,Nuclear fraction,0.501411183593344
PC1_cellid_000153905-1,Fibroblast singlet,Nuclear fraction,0.533238517542549
PC1_cellid_000153909-1,Fibroblast singlet,Nuclear fraction,0.29734021033592
PC1_cellid_000153925-1,Duct2 singlet,Nuclear fraction,0.309009952394875
PC1_cellid_000153969-1,Duct2 singlet,Nuclear fraction,0.318667419037934
PC1_cellid_000153988-1,Duct2 singlet,Nuclear fraction,0.213988101180819
PC1_cellid_000154013-1,Supported Duct2-Fibroblast,Nuclear fraction,0.518859191359149
PC1_cellid_000154018-1,Duct2 singlet,Nuclear fraction,0.203973812968627
PC1_cellid_000154063-1,Fibroblast singlet,Nuclear fraction,0.318210261460453
PC1_cellid_000154073-1,Fibroblast singlet,Nuclear fraction,0.349605511108202
PC1_cellid_000154090-1,Fibroblast singlet,Nuclear fraction,0.384453781438651
PC1_cellid_000154093-1,Fibroblast singlet,Nuclear fraction,0.443683992422419
PC1_cellid_000154100-1,Duct2 singlet,Nuclear fraction,0.34754311149733
PC1_cellid_000154117-1,Duct2 singlet,Nuclear fraction,0.419788154361658
PC1_cellid_000154121-1,Fibroblast singlet,Nuclear fraction,0.314996428793893
PC1_cellid_000154124-1,Supported Duct2-Fibroblast,Nuclear fraction,0.571326757270079
PC1_cellid_000154140-1,Duct2 singlet,Nuclear fraction,0.555786577348416
PC1_cellid_000154199-1,Fibroblast singlet,Nuclear fraction,0.599998751748844
PC1_cellid_000154242-1,Supported Duct2-Fibroblast,Nuclear fraction,0.400432188379873
PC1_cellid_000154316-1,Supported Duct2-Fibroblast,Nuclear fraction,0.256218272877484
PC1_cellid_000154329-1,Supported Duct2-Fibroblast,Nuclear fraction,0.162029653576905
PC1_cellid_000154334-1,Supported Duct2-Fibroblast,Nuclear fraction,0.666476627014231
PC1_cellid_000154344-1,Fibroblast singlet,Nuclear fraction,0.307242372870161
PC1_cellid_000154377-1,Fibroblast singlet,Nuclear fraction,0.225118512050747
PC1_cellid_000154379-1,Duct2 singlet,Nuclear fraction,0.442084741773553
PC1_cellid_000154396-1,Fibroblast singlet,Nuclear fraction,0.499697578870787
PC1_cellid_000154435-1,Fibroblast singlet,Nuclear fraction,0.129215247980862
PC1_cellid_000154443-1,Supported Duct2-Fibroblast,Nuclear fraction,0.187938235503414
PC1_cellid_000154444-1,Supported Duct2-Fibroblast,Nuclear fraction,0.476262707230273
PC1_cellid_000154461-1,Fibroblast singlet,Nuclear fraction,0.349265737492628
PC1_cellid_000154519-1,Duct2 singlet,Nuclear fraction,0.292340926607437
PC1_cellid_000154523-1,Duct2 singlet,Nuclear fraction,0.267884446119434
PC1_cellid_000154537-1,Fibroblast singlet,Nuclear fraction,0.271960601660893
PC1_cellid_000154555-1,Duct2 singlet,Nuclear fraction,0.305516751764942
PC1_cellid_000154578-1,Duct2 singlet,Nuclear fraction,0.2966621801963
PC1_cellid_000154582-1,Supported Duct2-Fibroblast,Nuclear fraction,0.114498688498854
PC1_cellid_000154595-1,Fibroblast singlet,Nuclear fraction,0.332889632988162
PC1_cellid_000154601-1,Supported Duct2-Fibroblast,Nuclear fraction,0.324857071926271
PC1_cellid_000154646-1,Fibroblast singlet,Nuclear fraction,0.407352364115007
PC1_cellid_000154648-1,Duct2 singlet,Nuclear fraction,0.610479236465062
PC1_cellid_000154677-1,Supported Duct2-Fibroblast,Nuclear fraction,0.233029824552943
PC1_cellid_000154682-1,Fibroblast singlet,Nuclear fraction,0.636340044936876
PC1_cellid_000154694-1,Fibroblast singlet,Nuclear fraction,0.285899717612362
PC1_cellid_000154705-1,Duct2 singlet,Nuclear fraction,0.361456478477015
PC1_cellid_000154716-1,Fibroblast singlet,Nuclear fraction,0.351944699698953
PC1_cellid_000154734-1,Fibroblast singlet,Nuclear fraction,0.453367522429355
PC1_cellid_000154800-1,Duct2 singlet,Nuclear fraction,0.207564818685269
PC1_cellid_000154819-1,Supported Duct2-Fibroblast,Nuclear fraction,0.423833326685403
PC1_cellid_000154821-1,Fibroblast singlet,Nuclear fraction,0.281743963339369
PC1_cellid_000154850-1,Duct2 singlet,Nuclear fraction,0.245451670285968
PC1_cellid_000154855-1,Duct2 singlet,Nuclear fraction,0.300272969723379
PC1_cellid_000154857-1,Fibroblast singlet,Nuclear fraction,0.249995609451437
PC1_cellid_000154862-1,Duct2 singlet,Nuclear fraction,0.2589108516287
PC1_cellid_000154866-1,Supported Duct2-Fibroblast,Nuclear fraction,0.357441439359231
PC1_cellid_000154871-1,Duct2 singlet,Nuclear fraction,0.334857115995523
PC1_cellid_000154878-1,Fibroblast singlet,Nuclear fraction,0.566334866641186
PC1_cellid_000154888-1,Fibroblast singlet,Nuclear fraction,0.500288467431517
PC1_cellid_000154913-1,Fibroblast singlet,Nuclear fraction,0.199928960651046
PC1_cellid_000154926-1,Fibroblast singlet,Nuclear fraction,0.400639344604893
PC1_cellid_000154927-1,Fibroblast singlet,Nuclear fraction,0.319299125935141
PC1_cellid_000154948-1,Fibroblast singlet,Nuclear fraction,0.0475101524030734
PC1_cellid_000154986-1,Duct2 singlet,Nuclear fraction,0.499483212531275
PC1_cellid_000155100-1,Fibroblast singlet,Nuclear fraction,0.24914093359675
PC1_cellid_000155109-1,Supported Duct2-Fibroblast,Nuclear fraction,0.357160998791803
PC1_cellid_000155152-1,Duct2 singlet,Nuclear fraction,0.591490737875982
PC1_cellid_000155164-1,Duct2 singlet,Nuclear fraction,0.299592106964192
PC1_cellid_000155182-1,Duct2 singlet,Nuclear fraction,0.399725750392327
PC1_cellid_000155184-1,Duct2 singlet,Nuclear fraction,0.294471061160127
PC1_cellid_000155196-1,Duct2 singlet,Nuclear fraction,0.499365702583911
PC1_cellid_000155201-1,Fibroblast singlet,Nuclear fraction,0.333330735895114
PC1_cellid_000155234-1,Supported Duct2-Fibroblast,Nuclear fraction,0.217009060344955
PC1_cellid_000155243-1,Fibroblast singlet,Nuclear fraction,0.406073784269155
PC1_cellid_000155259-1,Supported Duct2-Fibroblast,Nuclear fraction,0.409472334048223
PC1_cellid_000155345-1,Supported Duct2-Fibroblast,Nuclear fraction,0.413582818919339
PC1_cellid_000155372-1,Fibroblast singlet,Nuclear fraction,0.174200037444295
PC1_cellid_000155381-1,Duct2 singlet,Nuclear fraction,0.310112534291082
PC1_cellid_000155417-1,Duct2 singlet,Nuclear fraction,0.444443866236886
PC1_cellid_000155440-1,Duct2 singlet,Nuclear fraction,0.239348164536834
PC1_cellid_000155442-1,Fibroblast singlet,Nuclear fraction,0.363968961561881
PC1_cellid_000155443-1,Fibroblast singlet,Nuclear fraction,0.334378950290541
PC1_cellid_000155444-1,Duct2 singlet,Nuclear fraction,0.16628701587603
PC1_cellid_000155450-1,Duct2 singlet,Nuclear fraction,0.549555243377022
PC1_cellid_000155478-1,Fibroblast singlet,Nuclear fraction,0.272053568328063
PC1_cellid_000155508-1,Duct2 singlet,Nuclear fraction,0.259841295982312
PC1_cellid_000155510-1,Duct2 singlet,Nuclear fraction,0.499050532412841
PC1_cellid_000155519-1,Fibroblast singlet,Nuclear fraction,0.249055809024636
PC1_cellid_000155525-1,Fibroblast singlet,Nuclear fraction,0.171969923834742
PC1_cellid_000155530-1,Duct2 singlet,Nuclear fraction,0.258507086822077
PC1_cellid_000155554-1,Supported Duct2-Fibroblast,Nuclear fraction,0.353884487962416
PC1_cellid_000155555-1,Supported Duct2-Fibroblast,Nuclear fraction,0.420133533660728
PC1_cellid_000155569-1,Duct2 singlet,Nuclear fraction,0.521092942374293
PC1_cellid_000155573-1,Duct2 singlet,Nuclear fraction,0.285554392571612
PC1_cellid_000155578-1,Fibroblast singlet,Nuclear fraction,0.309993509213748
PC1_cellid_000155585-1,Duct2 singlet,Nuclear fraction,0.16253663329626
PC1_cellid_000155588-1,Duct2 singlet,Nuclear fraction,0.173549849969158
PC1_cellid_000155607-1,Duct2 singlet,Nuclear fraction,0.444471781893474
PC1_cellid_000155608-1,Supported Duct2-Fibroblast,Nuclear fraction,0.357452423790833
PC1_cellid_000155632-1,Duct2 singlet,Nuclear fraction,0.398536679542575
PC1_cellid_000155664-1,Duct2 singlet,Nuclear fraction,0.232356680673772
PC1_cellid_000155667-1,Fibroblast singlet,Nuclear fraction,0.250866889454373
PC1_cellid_000155668-1,Fibroblast singlet,Nuclear fraction,0.353568311266093
PC1_cellid_000155670-1,Fibroblast singlet,Nuclear fraction,0.210943894882452
PC1_cellid_000155681-1,Fibroblast singlet,Nuclear fraction,0.241753169602437
PC1_cellid_000155724-1,Supported Duct2-Fibroblast,Nuclear fraction,0.233860684307463
PC1_cellid_000155786-1,Duct2 singlet,Nuclear fraction,0.418153504396674
PC1_cellid_000155792-1,Fibroblast singlet,Nuclear fraction,0.42920016580292
PC1_cellid_000155809-1,Fibroblast singlet,Nuclear fraction,0.153900271557684
PC1_cellid_000155824-1,Duct2 singlet,Nuclear fraction,0.275801521531469
PC1_cellid_000155860-1,Fibroblast singlet,Nuclear fraction,0.249248722497081
PC1_cellid_000155871-1,Fibroblast singlet,Nuclear fraction,0.200093653386527
PC1_cellid_000155895-1,Duct2 singlet,Nuclear fraction,0.230768677467048
PC1_cellid_000155901-1,Duct2 singlet,Nuclear fraction,0.435274212131625
PC1_cellid_000155908-1,Fibroblast singlet,Nuclear fraction,0.311266954779498
PC1_cellid_000155913-1,Fibroblast singlet,Nuclear fraction,0.363009968144686
PC1_cellid_000155943-1,Duct2 singlet,Nuclear fraction,0.221545497002345
PC1_cellid_000155979-1,Fibroblast singlet,Nuclear fraction,0.142373527696946
PC1_cellid_000155981-1,Duct2 singlet,Nuclear fraction,0.375433921128291
PC1_cellid_000155987-1,Fibroblast singlet,Nuclear fraction,0.565396737431286
PC1_cellid_000156001-1,Duct2 singlet,Nuclear fraction,0.31667733512996
PC1_cellid_000156015-1,Duct2 singlet,Nuclear fraction,0.380551279486715
PC1_cellid_000156029-1,Fibroblast singlet,Nuclear fraction,0.242545543183149
PC1_cellid_000156102-1,Duct2 singlet,Nuclear fraction,0.599911259328544
PC1_cellid_000156162-1,Duct2 singlet,Nuclear fraction,0.343171505416579
PC1_cellid_000156167-1,Fibroblast singlet,Nuclear fraction,0.408314278138934
PC1_cellid_000156188-1,Fibroblast singlet,Nuclear fraction,0.286972101647555
PC1_cellid_000156201-1,Duct2 singlet,Nuclear fraction,0.474458345384247
PC1_cellid_000156239-1,Fibroblast singlet,Nuclear fraction,0.284175885866859
PC1_cellid_000156255-1,Fibroblast singlet,Nuclear fraction,0.30491864672676
PC1_cellid_000156288-1,Supported Duct2-Fibroblast,Nuclear fraction,0.187527429108469
PC1_cellid_000156319-1,Fibroblast singlet,Nuclear fraction,0.602189129364523
PC1_cellid_000156375-1,Supported Duct2-Fibroblast,Nuclear fraction,0.333610811428398
PC1_cellid_000156391-1,Duct2 singlet,Nuclear fraction,0.100203401666302
PC1_cellid_000156392-1,Fibroblast singlet,Nuclear fraction,0.420150581515858
PC1_cellid_000156396-1,Fibroblast singlet,Nuclear fraction,0.201094374160226
PC1_cellid_000156398-1,Duct2 singlet,Nuclear fraction,0.363749737794673
PC1_cellid_000156428-1,Duct2 singlet,Nuclear fraction,0.271762965964492
PC1_cellid_000156431-1,Fibroblast singlet,Nuclear fraction,0.242282286527283
PC1_cellid_000156479-1,Duct2 singlet,Nuclear fraction,0.24180780379258
PC1_cellid_000156481-1,Fibroblast singlet,Nuclear fraction,0.309478662675333
PC1_cellid_000156526-1,Fibroblast singlet,Nuclear fraction,0.333167901015172
PC1_cellid_000156639-1,Duct2 singlet,Nuclear fraction,0.222238438702154
PC1_cellid_000156641-1,Fibroblast singlet,Nuclear fraction,0.265701928186192
PC1_cellid_000156649-1,Fibroblast singlet,Nuclear fraction,0.333079847816107
PC1_cellid_000156652-1,Duct2 singlet,Nuclear fraction,0.471233193798574
PC1_cellid_000156709-1,Duct2 singlet,Nuclear fraction,0.0502552334503509
PC1_cellid_000156712-1,Fibroblast singlet,Nuclear fraction,0.304567990531859
PC1_cellid_000156741-1,Fibroblast singlet,Nuclear fraction,0.157120700457609
PC1_cellid_000156783-1,Fibroblast singlet,Nuclear fraction,0.250688666485389
PC1_cellid_000156806-1,Fibroblast singlet,Nuclear fraction,0.179601408476398
PC1_cellid_000156812-1,Duct2 singlet,Nuclear fraction,0.310031356321432
PC1_cellid_000156813-1,Duct2 singlet,Nuclear fraction,0.221882188812603
PC1_cellid_000156818-1,Duct2 singlet,Nuclear fraction,0.553458858075348
PC1_cellid_000156836-1,Fibroblast singlet,Nuclear fraction,0.186936541872816
PC1_cellid_000156859-1,Duct2 singlet,Nuclear fraction,0.36882386845473
PC1_cellid_000156873-1,Fibroblast singlet,Nuclear fraction,0.407594804976885
PC1_cellid_000156887-1,Fibroblast singlet,Nuclear fraction,0.365850619791432
PC1_cellid_000156897-1,Fibroblast singlet,Nuclear fraction,0.542458238023543
PC1_cellid_000156913-1,Duct2 singlet,Nuclear fraction,0.214115152549989
PC1_cellid_000156919-1,Fibroblast singlet,Nuclear fraction,0.249428578063131
PC1_cellid_000156931-1,Duct2 singlet,Nuclear fraction,0.224406786125884
PC1_cellid_000156940-1,Fibroblast singlet,Nuclear fraction,0.465300397319139
PC1_cellid_000156941-1,Fibroblast singlet,Nuclear fraction,0.497859248358888
PC1_cellid_000156946-1,Fibroblast singlet,Nuclear fraction,0.523079389475154
PC1_cellid_000156947-1,Fibroblast singlet,Nuclear fraction,0.417596986538807
PC1_cellid_000156979-1,Fibroblast singlet,Nuclear fraction,0.40027197128902
PC1_cellid_000156993-1,Supported Duct2-Fibroblast,Nuclear fraction,0.424248429082371
PC1_cellid_000156999-1,Fibroblast singlet,Nuclear fraction,0.231332104126968
PC1_cellid_000157009-1,Fibroblast singlet,Nuclear fraction,0.374789984779283
PC1_cellid_000157018-1,Fibroblast singlet,Nuclear fraction,0.234628508496082
PC1_cellid_000157042-1,Duct2 singlet,Nuclear fraction,0.509288423648273
PC1_cellid_000157054-1,Fibroblast singlet,Nuclear fraction,0.333478751261093
PC1_cellid_000157059-1,Duct2 singlet,Nuclear fraction,0.342711846236434
PC1_cellid_000157091-1,Fibroblast singlet,Nuclear fraction,0.117693178349978
PC1_cellid_000157104-1,Fibroblast singlet,Nuclear fraction,0.303195931910757
PC1_cellid_000157108-1,Supported Duct2-Fibroblast,Nuclear fraction,0.700310711737635
PC1_cellid_000157115-1,Fibroblast singlet,Nuclear fraction,0.398083908279382
PC1_cellid_000157125-1,Fibroblast singlet,Nuclear fraction,0.118716903952322
PC1_cellid_000157126-1,Supported Duct2-Fibroblast,Nuclear fraction,0.285163905318077
PC1_cellid_000157133-1,Supported Duct2-Fibroblast,Nuclear fraction,0.25744021108591
PC1_cellid_000157141-1,Duct2 singlet,Nuclear fraction,0.234914232466191
PC1_cellid_000157144-1,Supported Duct2-Fibroblast,Nuclear fraction,0.167197129254293
PC1_cellid_000157146-1,Fibroblast singlet,Nuclear fraction,0.249426632290649
PC1_cellid_000157163-1,Supported Duct2-Fibroblast,Nuclear fraction,0.159779325216977
PC1_cellid_000157193-1,Supported Duct2-Fibroblast,Nuclear fraction,0.364896000050807
PC1_cellid_000157221-1,Duct2 singlet,Nuclear fraction,0.16700174499253
PC1_cellid_000157227-1,Fibroblast singlet,Nuclear fraction,0.363294924288491
PC1_cellid_000157228-1,Fibroblast singlet,Nuclear fraction,0.454197854241151
PC1_cellid_000157238-1,Fibroblast singlet,Nuclear fraction,0.429550846358401
PC1_cellid_000157287-1,Fibroblast singlet,Nuclear fraction,0.213967370172011
PC1_cellid_000157307-1,Fibroblast singlet,Nuclear fraction,0.18787616465548
PC1_cellid_000157319-1,Duct2 singlet,Nuclear fraction,0.445288753675647
PC1_cellid_000157331-1,Fibroblast singlet,Nuclear fraction,0.181743169199174
PC1_cellid_000157335-1,Duct2 singlet,Nuclear fraction,0.294383654294845
PC1_cellid_000157343-1,Fibroblast singlet,Nuclear fraction,0.226990441764507
PC1_cellid_000157358-1,Supported Duct2-Fibroblast,Nuclear fraction,0.515430355736916
PC1_cellid_000157371-1,Fibroblast singlet,Nuclear fraction,0.280439996973665
PC1_cellid_000157408-1,Fibroblast singlet,Nuclear fraction,0.272277248745317
PC1_cellid_000157441-1,Duct2 singlet,Nuclear fraction,0.321213033055551
PC1_cellid_000157460-1,Fibroblast singlet,Nuclear fraction,0.538868304511701
PC1_cellid_000157473-1,Duct2 singlet,Nuclear fraction,0.478329800699757
PC1_cellid_000157497-1,Supported Duct2-Fibroblast,Nuclear fraction,0.369999930676747
PC1_cellid_000157507-1,Duct2 singlet,Nuclear fraction,0.244308591560316
PC1_cellid_000157547-1,Fibroblast singlet,Nuclear fraction,0.317306548341715
PC1_cellid_000157620-1,Fibroblast singlet,Nuclear fraction,0.500554488022009
PC1_cellid_000157641-1,Duct2 singlet,Nuclear fraction,0.400822651874813
PC1_cellid_000157651-1,Fibroblast singlet,Nuclear fraction,0.31429471152553
PC1_cellid_000157654-1,Supported Duct2-Fibroblast,Nuclear fraction,0.412543926264268
PC1_cellid_000157658-1,Fibroblast singlet,Nuclear fraction,0.571783072149112
PC1_cellid_000157662-1,Fibroblast singlet,Nuclear fraction,0.3871135485197
PC1_cellid_000157679-1,Supported Duct2-Fibroblast,Nuclear fraction,0.500187150971841
PC1_cellid_000157700-1,Duct2 singlet,Nuclear fraction,0.646093294496577
PC1_cellid_000157715-1,Fibroblast singlet,Nuclear fraction,0.411597576927315
PC1_cellid_000157719-1,Supported Duct2-Fibroblast,Nuclear fraction,0.332957159055733
PC1_cellid_000157739-1,Fibroblast singlet,Nuclear fraction,0.450069335075904
PC1_cellid_000157775-1,Fibroblast singlet,Nuclear fraction,0.0950817624537874
PC1_cellid_000157814-1,Fibroblast singlet,Nuclear fraction,0.291369334400578
PC1_cellid_000157821-1,Duct2 singlet,Nuclear fraction,0.316073609920091
PC1_cellid_000157826-1,Fibroblast singlet,Nuclear fraction,0.334707357751307
PC1_cellid_000157842-1,Duct2 singlet,Nuclear fraction,0.367806803347175
PC1_cellid_000157898-1,Fibroblast singlet,Nuclear fraction,0.250317446346081
PC1_cellid_000157908-1,Fibroblast singlet,Nuclear fraction,0.413123136796523
PC1_cellid_000157918-1,Fibroblast singlet,Nuclear fraction,0.451562127658312
PC1_cellid_000157932-1,Fibroblast singlet,Nuclear fraction,0.146524696691238
PC1_cellid_000157934-1,Supported Duct2-Fibroblast,Nuclear fraction,0.249870647961908
PC1_cellid_000157964-1,Supported Duct2-Fibroblast,Nuclear fraction,0.500488751919063
PC1_cellid_000158008-1,Duct2 singlet,Nuclear fraction,0.571357914068915
PC1_cellid_000158028-1,Fibroblast singlet,Nuclear fraction,0.496872596069441
PC1_cellid_000158053-1,Fibroblast singlet,Nuclear fraction,0.167051944237541
PC1_cellid_000158065-1,Fibroblast singlet,Nuclear fraction,0.428496934694559
PC1_cellid_000158071-1,Fibroblast singlet,Nuclear fraction,0.0644297411695564
PC1_cellid_000158099-1,Duct2 singlet,Nuclear fraction,0.418124758420536
PC1_cellid_000158105-1,Fibroblast singlet,Nuclear fraction,0.358129934124427
PC1_cellid_000158109-1,Duct2 singlet,Nuclear fraction,0.200451605605934
PC1_cellid_000158130-1,Fibroblast singlet,Nuclear fraction,0.181250026551338
PC1_cellid_000158153-1,Duct2 singlet,Nuclear fraction,0.276734285483157
PC1_cellid_000158169-1,Supported Duct2-Fibroblast,Nuclear fraction,0.280770975698496
PC1_cellid_000158181-1,Fibroblast singlet,Nuclear fraction,0.166670562624552
PC1_cellid_000158191-1,Duct2 singlet,Nuclear fraction,0.366964661799502
PC1_cellid_000158219-1,Fibroblast singlet,Nuclear fraction,0.133452703653322
PC1_cellid_000158243-1,Duct2 singlet,Nuclear fraction,0.501367988930608
PC1_cellid_000158257-1,Supported Duct2-Fibroblast,Nuclear fraction,0.522528121544888
PC1_cellid_000158282-1,Duct2 singlet,Nuclear fraction,0.249430208852024
PC1_cellid_000158315-1,Duct2 singlet,Nuclear fraction,0.405207961645624
PC1_cellid_000158320-1,Duct2 singlet,Nuclear fraction,0.298117137615585
PC1_cellid_000158356-1,Supported Duct2-Fibroblast,Nuclear fraction,0.122208011685799
PC1_cellid_000158358-1,Fibroblast singlet,Nuclear fraction,0.250255238206641
PC1_cellid_000158360-1,Duct2 singlet,Nuclear fraction,0.422544295451687
PC1_cellid_000158376-1,Duct2 singlet,Nuclear fraction,0.381509772137615
PC1_cellid_000158387-1,Duct2 singlet,Nuclear fraction,0.221386769936627
PC1_cellid_000158389-1,Fibroblast singlet,Nuclear fraction,0.20842970755968
PC1_cellid_000158407-1,Fibroblast singlet,Nuclear fraction,0.105396848854225
PC1_cellid_000158429-1,Duct2 singlet,Nuclear fraction,0.234728316790632
PC1_cellid_000158433-1,Fibroblast singlet,Nuclear fraction,0.400684451076606
PC1_cellid_000158457-1,Fibroblast singlet,Nuclear fraction,0.571573387194407
PC1_cellid_000158459-1,Duct2 singlet,Nuclear fraction,0.52244379575347
PC1_cellid_000158465-1,Fibroblast singlet,Nuclear fraction,0.114606873783289
PC1_cellid_000158474-1,Supported Duct2-Fibroblast,Nuclear fraction,0.416620537402544
PC1_cellid_000158481-1,Duct2 singlet,Nuclear fraction,0.443895169143493
PC1_cellid_000158517-1,Fibroblast singlet,Nuclear fraction,0.349984300339102
PC1_cellid_000158523-1,Duct2 singlet,Nuclear fraction,0.646221195596709
PC1_cellid_000158545-1,Fibroblast singlet,Nuclear fraction,0.265818286069054
PC1_cellid_000158553-1,Supported Duct2-Fibroblast,Nuclear fraction,0.416252409426284
PC1_cellid_000158575-1,Supported Duct2-Fibroblast,Nuclear fraction,0.425261701003225
PC1_cellid_000158579-1,Fibroblast singlet,Nuclear fraction,0.0856937347358428
PC1_cellid_000158588-1,Fibroblast singlet,Nuclear fraction,0.285856763687134
PC1_cellid_000158618-1,Duct2 singlet,Nuclear fraction,0.130303609388105
PC1_cellid_000158636-1,Duct2 singlet,Nuclear fraction,0.32519149690778
PC1_cellid_000158647-1,Fibroblast singlet,Nuclear fraction,0.332568843054212
PC1_cellid_000158676-1,Fibroblast singlet,Nuclear fraction,0.334085708365035
PC1_cellid_000158681-1,Fibroblast singlet,Nuclear fraction,0.499316952548487
PC1_cellid_000158693-1,Duct2 singlet,Nuclear fraction,0.374496152397815
PC1_cellid_000158708-1,Duct2 singlet,Nuclear fraction,0.272822391513629
PC1_cellid_000158709-1,Fibroblast singlet,Nuclear fraction,0.184857829669821
PC1_cellid_000158725-1,Duct2 singlet,Nuclear fraction,0.353835771124626
PC1_cellid_000158742-1,Supported Duct2-Fibroblast,Nuclear fraction,0.542194644732139
PC1_cellid_000158797-1,Duct2 singlet,Nuclear fraction,0.314743548639729
PC1_cellid_000158813-1,Fibroblast singlet,Nuclear fraction,0.199179584883874
PC1_cellid_000158824-1,Fibroblast singlet,Nuclear fraction,0.291369334400548
PC1_cellid_000158826-1,Fibroblast singlet,Nuclear fraction,0.33289288697482
PC1_cellid_000158829-1,Fibroblast singlet,Nuclear fraction,0.343084063440746
PC1_cellid_000158833-1,Fibroblast singlet,Nuclear fraction,0.498861059613231
PC1_cellid_000158844-1,Supported Duct2-Fibroblast,Nuclear fraction,0.100070256506012
PC1_cellid_000158854-1,Fibroblast singlet,Nuclear fraction,0.213654253468277
PC1_cellid_000158857-1,Duct2 singlet,Nuclear fraction,0.285148620707825
PC1_cellid_000158859-1,Fibroblast singlet,Nuclear fraction,0.557419058972423
PC1_cellid_000158880-1,Fibroblast singlet,Nuclear fraction,0.249262070380562
PC1_cellid_000158959-1,Duct2 singlet,Nuclear fraction,0.801644064804168
PC1_cellid_000158970-1,Fibroblast singlet,Nuclear fraction,0.222271376420541
PC1_cellid_000158975-1,Fibroblast singlet,Nuclear fraction,0.0931797291179473
PC1_cellid_000158977-1,Supported Duct2-Fibroblast,Nuclear fraction,0.272515724458954
PC1_cellid_000158985-1,Duct2 singlet,Nuclear fraction,0.47481571264643
PC1_cellid_000159019-1,Duct2 singlet,Nuclear fraction,0.545232346654726
PC1_cellid_000159036-1,Fibroblast singlet,Nuclear fraction,0.154215512363754
PC1_cellid_000159041-1,Fibroblast singlet,Nuclear fraction,0.312287058362301
PC1_cellid_000159044-1,Fibroblast singlet,Nuclear fraction,0.142408593805147
PC1_cellid_000159057-1,Fibroblast singlet,Nuclear fraction,0.266756199593203
PC1_cellid_000159061-1,Duct2 singlet,Nuclear fraction,0.0798890637802855
PC1_cellid_000159069-1,Duct2 singlet,Nuclear fraction,0.350559942930059
PC1_cellid_000159092-1,Supported Duct2-Fibroblast,Nuclear fraction,0.185017352727238
PC1_cellid_000159113-1,Duct2 singlet,Nuclear fraction,0.311721615952521
PC1_cellid_000159136-1,Duct2 singlet,Nuclear fraction,0.357435700029962
PC1_cellid_000159146-1,Fibroblast singlet,Nuclear fraction,0.153601152915915
PC1_cellid_000159149-1,Fibroblast singlet,Nuclear fraction,0.277245957550005
PC1_cellid_000159171-1,Duct2 singlet,Nuclear fraction,0.499807796132324
PC1_cellid_000159201-1,Fibroblast singlet,Nuclear fraction,0.362963025943115
PC1_cellid_000159202-1,Fibroblast singlet,Nuclear fraction,0.20018489365278
PC1_cellid_000159214-1,Supported Duct2-Fibroblast,Nuclear fraction,0.13412241120637
PC1_cellid_000159270-1,Fibroblast singlet,Nuclear fraction,0.499653557927469
PC1_cellid_000159323-1,Duct2 singlet,Nuclear fraction,0.499879514801805
PC1_cellid_000159329-1,Duct2 singlet,Nuclear fraction,0.692783282158233
PC1_cellid_000159334-1,Duct2 singlet,Nuclear fraction,0.166536454241031
PC1_cellid_000159342-1,Supported Duct2-Fibroblast,Nuclear fraction,0.600765640508304
PC1_cellid_000159353-1,Duct2 singlet,Nuclear fraction,0.481653936653394
PC1_cellid_000159356-1,Fibroblast singlet,Nuclear fraction,0.211156772283817
PC1_cellid_000159386-1,Supported Duct2-Fibroblast,Nuclear fraction,0.192025326899329
PC1_cellid_000159407-1,Duct2 singlet,Nuclear fraction,0.364883998552135
PC1_cellid_000159414-1,Fibroblast singlet,Nuclear fraction,0.501374541365728
PC1_cellid_000159423-1,Fibroblast singlet,Nuclear fraction,0.287118911513048
PC1_cellid_000159427-1,Fibroblast singlet,Nuclear fraction,0.333333333286959
PC1_cellid_000159431-1,Duct2 singlet,Nuclear fraction,0.250772093079032
PC1_cellid_000159433-1,Fibroblast singlet,Nuclear fraction,0.374464438614353
PC1_cellid_000159436-1,Fibroblast singlet,Nuclear fraction,0.118165250743774
PC1_cellid_000159491-1,Fibroblast singlet,Nuclear fraction,0.212231247269063
PC1_cellid_000159494-1,Supported Duct2-Fibroblast,Nuclear fraction,0.154047260624208
PC1_cellid_000159513-1,Fibroblast singlet,Nuclear fraction,0.15344082922473
PC1_cellid_000159568-1,Duct2 singlet,Nuclear fraction,0.297744693468473
PC1_cellid_000159603-1,Fibroblast singlet,Nuclear fraction,0.0999306167357526
PC1_cellid_000159607-1,Duct2 singlet,Nuclear fraction,0.460923470252165
PC1_cellid_000159618-1,Fibroblast singlet,Nuclear fraction,0.133819875474785
PC1_cellid_000159629-1,Fibroblast singlet,Nuclear fraction,0.345379718561028
PC1_cellid_000159662-1,Duct2 singlet,Nuclear fraction,0.157741112982713
PC1_cellid_000159667-1,Fibroblast singlet,Nuclear fraction,0.0968011840675992
PC1_cellid_000159706-1,Supported Duct2-Fibroblast,Nuclear fraction,0.499532475865773
PC1_cellid_000159710-1,Fibroblast singlet,Nuclear fraction,0.14288964655245
PC1_cellid_000159711-1,Fibroblast singlet,Nuclear fraction,0.0831882858731315
PC1_cellid_000159736-1,Fibroblast singlet,Nuclear fraction,0.367983285981246
PC1_cellid_000159763-1,Fibroblast singlet,Nuclear fraction,0.175461806850414
PC1_cellid_000159770-1,Supported Duct2-Fibroblast,Nuclear fraction,0.276051034784045
PC1_cellid_000159783-1,Fibroblast singlet,Nuclear fraction,0.0906824582244145
PC1_cellid_000159800-1,Fibroblast singlet,Nuclear fraction,0.357501981964494
PC1_cellid_000159817-1,Fibroblast singlet,Nuclear fraction,0.186175190649857
PC1_cellid_000159818-1,Duct2 singlet,Nuclear fraction,0.163219543013241
PC1_cellid_000159821-1,Fibroblast singlet,Nuclear fraction,0.645521982612941
PC1_cellid_000159835-1,Duct2 singlet,Nuclear fraction,0.13016079786901
PC1_cellid_000159846-1,Duct2 singlet,Nuclear fraction,0.646566016439986
PC1_cellid_000159870-1,Fibroblast singlet,Nuclear fraction,0.557337660156623
PC1_cellid_000159873-1,Duct2 singlet,Nuclear fraction,0.25828473208894
PC1_cellid_000159878-1,Fibroblast singlet,Nuclear fraction,0.192640700414606
PC1_cellid_000159882-1,Fibroblast singlet,Nuclear fraction,0.160154392727074
PC1_cellid_000159908-1,Fibroblast singlet,Nuclear fraction,0.369461092564432
PC1_cellid_000159948-1,Duct2 singlet,Nuclear fraction,0.466025785095751
PC1_cellid_000159964-1,Duct2 singlet,Nuclear fraction,0.570862345805497
PC1_cellid_000159967-1,Duct2 singlet,Nuclear fraction,0.133666212528763
PC1_cellid_000159986-1,Duct2 singlet,Nuclear fraction,0.154046151157244
PC1_cellid_000159992-1,Duct2 singlet,Nuclear fraction,0.473551897960503
PC1_cellid_000160001-1,Duct2 singlet,Nuclear fraction,0.500856154313034
PC1_cellid_000160009-1,Duct2 singlet,Nuclear fraction,0.158051207521981
PC1_cellid_000160029-1,Fibroblast singlet,Nuclear fraction,0.200383466003551
PC1_cellid_000160035-1,Duct2 singlet,Nuclear fraction,0.461340577532675
PC1_cellid_000160038-1,Fibroblast singlet,Nuclear fraction,0.210427507067859
PC1_cellid_000160063-1,Fibroblast singlet,Nuclear fraction,0.16676282324421
PC1_cellid_000160074-1,Fibroblast singlet,Nuclear fraction,0.167423355886229
PC1_cellid_000160098-1,Fibroblast singlet,Nuclear fraction,0.476867691717951
PC1_cellid_000160123-1,Duct2 singlet,Nuclear fraction,0.304365140608803
PC1_cellid_000160129-1,Duct2 singlet,Nuclear fraction,0.303827595433094
PC1_cellid_000160146-1,Fibroblast singlet,Nuclear fraction,0.234171882878936
PC1_cellid_000160150-1,Fibroblast singlet,Nuclear fraction,0.500213214556046
PC1_cellid_000160156-1,Fibroblast singlet,Nuclear fraction,0.285239763559126
PC1_cellid_000160176-1,Supported Duct2-Fibroblast,Nuclear fraction,0.22315046342537
PC1_cellid_000160182-1,Duct2 singlet,Nuclear fraction,0.364692791951961
PC1_cellid_000160191-1,Fibroblast singlet,Nuclear fraction,0.0769219690937882
PC1_cellid_000160210-1,Supported Duct2-Fibroblast,Nuclear fraction,0.172483022166025
PC1_cellid_000160264-1,Duct2 singlet,Nuclear fraction,0.256750787415407
PC1_cellid_000160289-1,Fibroblast singlet,Nuclear fraction,0.285152435302794
PC1_cellid_000160317-1,Supported Duct2-Fibroblast,Nuclear fraction,0.256433133591612
PC1_cellid_000160350-1,Duct2 singlet,Nuclear fraction,0.333584308578511
PC1_cellid_000160355-1,Duct2 singlet,Nuclear fraction,0.333791406082106
PC1_cellid_000160385-1,Fibroblast singlet,Nuclear fraction,0.204534680772916
PC1_cellid_000160388-1,Supported Duct2-Fibroblast,Nuclear fraction,0.427591638381567
PC1_cellid_000160416-1,Supported Duct2-Fibroblast,Nuclear fraction,0.0645539020503118
PC1_cellid_000160418-1,Duct2 singlet,Nuclear fraction,0.176231536548981
PC1_cellid_000160436-1,Fibroblast singlet,Nuclear fraction,0.374576310748238
PC1_cellid_000160461-1,Supported Duct2-Fibroblast,Nuclear fraction,0.251279833523961
PC1_cellid_000160475-1,Duct2 singlet,Nuclear fraction,0.0539733019997103
PC1_cellid_000160488-1,Fibroblast singlet,Nuclear fraction,0.218290076140528
PC1_cellid_000160494-1,Duct2 singlet,Nuclear fraction,0.435443604083823
PC1_cellid_000160505-1,Duct2 singlet,Nuclear fraction,0.334096109700013
PC1_cellid_000160528-1,Fibroblast singlet,Nuclear fraction,0.23508089152369
PC1_cellid_000160536-1,Fibroblast singlet,Nuclear fraction,0.303623607132756
PC1_cellid_000160544-1,Fibroblast singlet,Nuclear fraction,0.599441952640834
PC1_cellid_000160549-1,Duct2 singlet,Nuclear fraction,0.199177723690534
PC1_cellid_000160596-1,Fibroblast singlet,Nuclear fraction,0.332198291914385
PC1_cellid_000160609-1,Fibroblast singlet,Nuclear fraction,0.0541008111291338
PC1_cellid_000160639-1,Duct2 singlet,Nuclear fraction,0.272496917586142
PC1_cellid_000160643-1,Supported Duct2-Fibroblast,Nuclear fraction,0.107720516877543
PC1_cellid_000160667-1,Fibroblast singlet,Nuclear fraction,0.21386289601348
PC1_cellid_000160675-1,Fibroblast singlet,Nuclear fraction,0.182324209551617
PC1_cellid_000160695-1,Duct2 singlet,Nuclear fraction,0.379890503027332
PC1_cellid_000160722-1,Duct2 singlet,Nuclear fraction,0.249994135841321
PC1_cellid_000160740-1,Duct2 singlet,Nuclear fraction,0.250317446346036
PC1_cellid_000160755-1,Fibroblast singlet,Nuclear fraction,0.185550042172174
PC1_cellid_000160789-1,Duct2 singlet,Nuclear fraction,0.427163535418642
PC1_cellid_000160791-1,Fibroblast singlet,Nuclear fraction,0.401098900897374
PC1_cellid_000160803-1,Fibroblast singlet,Nuclear fraction,0.500006695143646
PC1_cellid_000160810-1,Fibroblast singlet,Nuclear fraction,0.216804924365284
PC1_cellid_000160823-1,Fibroblast singlet,Nuclear fraction,0.250430272408161
PC1_cellid_000160858-1,Fibroblast singlet,Nuclear fraction,0.052593140876365
PC1_cellid_000160867-1,Fibroblast singlet,Nuclear fraction,0.111058849966674
PC1_cellid_000160884-1,Duct2 singlet,Nuclear fraction,0.331828582923127
PC1_cellid_000160897-1,Fibroblast singlet,Nuclear fraction,0.356963432786958
PC1_cellid_000160903-1,Duct2 singlet,Nuclear fraction,0.199468532989034
PC1_cellid_000160915-1,Duct2 singlet,Nuclear fraction,0.200491659724448
PC1_cellid_000160927-1,Duct2 singlet,Nuclear fraction,0.301293244240593
PC1_cellid_000160974-1,Fibroblast singlet,Nuclear fraction,0.199187998424036
PC1_cellid_000160990-1,Duct2 singlet,Nuclear fraction,0.609149901274344
PC1_cellid_000161048-1,Fibroblast singlet,Nuclear fraction,0.249356604666842
PC1_cellid_000161050-1,Fibroblast singlet,Nuclear fraction,0.462105809488432
PC1_cellid_000161059-1,Fibroblast singlet,Nuclear fraction,0.218772056845071
PC1_cellid_000161061-1,Fibroblast singlet,Nuclear fraction,0.260486676251307
PC1_cellid_000161072-1,Duct2 singlet,Nuclear fraction,0.333637394500931
PC1_cellid_000161081-1,Fibroblast singlet,Nuclear fraction,0.133939102681773
PC1_cellid_000161114-1,Fibroblast singlet,Nuclear fraction,0.0834311702509793
PC1_cellid_000161131-1,Fibroblast singlet,Nuclear fraction,0.157438364440175
PC1_cellid_000161135-1,Supported Duct2-Fibroblast,Nuclear fraction,0.227710848474688
PC1_cellid_000161138-1,Fibroblast singlet,Nuclear fraction,0.27812156820098
PC1_cellid_000161139-1,Fibroblast singlet,Nuclear fraction,0.427174975409331
PC1_cellid_000161141-1,Fibroblast singlet,Nuclear fraction,0.0937443325674249
PC1_cellid_000161152-1,Fibroblast singlet,Nuclear fraction,0.49998829188697
PC1_cellid_000161176-1,Duct2 singlet,Nuclear fraction,0.188811843500109
PC1_cellid_000161188-1,Fibroblast singlet,Nuclear fraction,0.195498136588622
PC1_cellid_000161196-1,Fibroblast singlet,Nuclear fraction,0.0689922105509459
PC1_cellid_000161213-1,Duct2 singlet,Nuclear fraction,0.307855611018401
PC1_cellid_000161222-1,Duct2 singlet,Nuclear fraction,0.373936263483102
PC1_cellid_000161224-1,Supported Duct2-Fibroblast,Nuclear fraction,0.306967300137173
PC1_cellid_000161241-1,Supported Duct2-Fibroblast,Nuclear fraction,0.115053163726057
PC1_cellid_000161242-1,Fibroblast singlet,Nuclear fraction,0.461374008347631
PC1_cellid_000161256-1,Duct2 singlet,Nuclear fraction,0.428656113786414
PC1_cellid_000161278-1,Supported Duct2-Fibroblast,Nuclear fraction,0.281406137928215
PC1_cellid_000161282-1,Fibroblast singlet,Nuclear fraction,0.171292122043055
PC1_cellid_000161283-1,Duct2 singlet,Nuclear fraction,0.420310448704093
PC1_cellid_000161290-1,Fibroblast singlet,Nuclear fraction,0.100754630461744
PC1_cellid_000161346-1,Supported Duct2-Fibroblast,Nuclear fraction,0.296452995575182
PC1_cellid_000161348-1,Duct2 singlet,Nuclear fraction,0.266816721847761
PC1_cellid_000161383-1,Supported Duct2-Fibroblast,Nuclear fraction,0.162479901745014
PC1_cellid_000161386-1,Supported Duct2-Fibroblast,Nuclear fraction,0.37431810113355
PC1_cellid_000161409-1,Fibroblast singlet,Nuclear fraction,0.162544562986986
PC1_cellid_000161412-1,Fibroblast singlet,Nuclear fraction,0.221882188781747
PC1_cellid_000161413-1,Supported Duct2-Fibroblast,Nuclear fraction,0.263001646521128
PC1_cellid_000161419-1,Fibroblast singlet,Nuclear fraction,0.66803860601461
PC1_cellid_000161425-1,Fibroblast singlet,Nuclear fraction,0.217712932353426
PC1_cellid_000161448-1,Fibroblast singlet,Nuclear fraction,0.167802971001058
PC1_cellid_000161457-1,Supported Duct2-Fibroblast,Nuclear fraction,0.561419683625692
PC1_cellid_000161465-1,Fibroblast singlet,Nuclear fraction,0.313358353319807
PC1_cellid_000161467-1,Duct2 singlet,Nuclear fraction,0.356618975537589
PC1_cellid_000161473-1,Fibroblast singlet,Nuclear fraction,0.153601152915865
PC1_cellid_000161484-1,Duct2 singlet,Nuclear fraction,0.299656215982389
PC1_cellid_000161490-1,Fibroblast singlet,Nuclear fraction,0.411412155073515
PC1_cellid_000161507-1,Fibroblast singlet,Nuclear fraction,0.306313580953404
PC1_cellid_000161517-1,Fibroblast singlet,Nuclear fraction,0.0741759289695765
PC1_cellid_000161520-1,Fibroblast singlet,Nuclear fraction,0.500857606082975
PC1_cellid_000161564-1,Fibroblast singlet,Nuclear fraction,0.210793178366269
PC1_cellid_000161614-1,Fibroblast singlet,Nuclear fraction,0.212587440331671
PC1_cellid_000161661-1,Fibroblast singlet,Nuclear fraction,0.19978211303415
PC1_cellid_000161662-1,Fibroblast singlet,Nuclear fraction,0.249286616404998
PC1_cellid_000161667-1,Fibroblast singlet,Nuclear fraction,0.311828900738303
PC1_cellid_000161697-1,Duct2 singlet,Nuclear fraction,0.334472907718479
PC1_cellid_000161736-1,Duct2 singlet,Nuclear fraction,0.33180957318012
PC1_cellid_000161801-1,Duct2 singlet,Nuclear fraction,0.537367882118843
PC1_cellid_000161809-1,Duct2 singlet,Nuclear fraction,0.166664069283411
PC1_cellid_000161821-1,Fibroblast singlet,Nuclear fraction,0.199906431256091
PC1_cellid_000161826-1,Fibroblast singlet,Nuclear fraction,0.308509414918492
PC1_cellid_000161832-1,Duct2 singlet,Nuclear fraction,0.14890037462195
PC1_cellid_000161842-1,Duct2 singlet,Nuclear fraction,0.266754533314674
PC1_cellid_000161854-1,Fibroblast singlet,Nuclear fraction,0.332321699452486
PC1_cellid_000161860-1,Duct2 singlet,Nuclear fraction,0.199453551812898
PC1_cellid_000161880-1,Supported Duct2-Fibroblast,Nuclear fraction,0.167048045982034
PC1_cellid_000161899-1,Fibroblast singlet,Nuclear fraction,0.114958563276589
PC1_cellid_000161900-1,Supported Duct2-Fibroblast,Nuclear fraction,0.142668892581781
PC1_cellid_000161917-1,Fibroblast singlet,Nuclear fraction,0.532992898160998
PC1_cellid_000161945-1,Duct2 singlet,Nuclear fraction,0.103957881738902
PC1_cellid_000161994-1,Duct2 singlet,Nuclear fraction,0.583428571306496
PC1_cellid_000162008-1,Duct2 singlet,Nuclear fraction,0.241639297699538
PC1_cellid_000162011-1,Duct2 singlet,Nuclear fraction,0.232591779709263
PC1_cellid_000162036-1,Duct2 singlet,Nuclear fraction,0.22206943960824
PC1_cellid_000162069-1,Fibroblast singlet,Nuclear fraction,0.105294950115589
PC1_cellid_000162077-1,Duct2 singlet,Nuclear fraction,0.400001248084519
PC1_cellid_000162078-1,Fibroblast singlet,Nuclear fraction,0.173889184699029
PC1_cellid_000162081-1,Duct2 singlet,Nuclear fraction,0.55656560388099
PC1_cellid_000162092-1,Fibroblast singlet,Nuclear fraction,0.284391224983149
PC1_cellid_000162101-1,Fibroblast singlet,Nuclear fraction,0.174302955214548
PC1_cellid_000162106-1,Fibroblast singlet,Nuclear fraction,0.095314275517264
PC1_cellid_000162138-1,Supported Duct2-Fibroblast,Nuclear fraction,0.16979174548156
PC1_cellid_000162177-1,Duct2 singlet,Nuclear fraction,0.16638046766647
PC1_cellid_000162179-1,Fibroblast singlet,Nuclear fraction,0.357109875264942
PC1_cellid_000162187-1,Fibroblast singlet,Nuclear fraction,0.154378013192318
PC1_cellid_000162188-1,Duct2 singlet,Nuclear fraction,0.557843269967553
PC1_cellid_000162196-1,Duct2 singlet,Nuclear fraction,0.498287691091241
PC1_cellid_000162214-1,Duct2 singlet,Nuclear fraction,0.0680262267700721
PC1_cellid_000162217-1,Fibroblast singlet,Nuclear fraction,0.429130958680643
PC1_cellid_000162234-1,Fibroblast singlet,Nuclear fraction,0.429176795898681
PC1_cellid_000162245-1,Duct2 singlet,Nuclear fraction,0.42837777574489
PC1_cellid_000162250-1,Duct2 singlet,Nuclear fraction,0.249426632290646
PC1_cellid_000162269-1,Duct2 singlet,Nuclear fraction,0.622544833281261
PC1_cellid_000162283-1,Fibroblast singlet,Nuclear fraction,0.443850295107603
PC1_cellid_000162284-1,Duct2 singlet,Nuclear fraction,0.375761829443359
PC1_cellid_000162289-1,Fibroblast singlet,Nuclear fraction,0.388617116899291
PC1_cellid_000162311-1,Duct2 singlet,Nuclear fraction,0.500426985326218
PC1_cellid_000162312-1,Fibroblast singlet,Nuclear fraction,0.499584011842868
PC1_cellid_000162314-1,Supported Duct2-Fibroblast,Nuclear fraction,0.353316024136643
PC1_cellid_000162315-1,Fibroblast singlet,Nuclear fraction,0.199451063531074
PC1_cellid_000162319-1,Duct2 singlet,Nuclear fraction,0.153762921148471
PC1_cellid_000162338-1,Duct2 singlet,Nuclear fraction,0.0843376315038899
PC1_cellid_000162343-1,Fibroblast singlet,Nuclear fraction,0.187176199896985
PC1_cellid_000162362-1,Fibroblast singlet,Nuclear fraction,0.153036536043703
PC1_cellid_000162364-1,Duct2 singlet,Nuclear fraction,0.239751496948373
PC1_cellid_000162371-1,Fibroblast singlet,Nuclear fraction,0.200680717321262
PC1_cellid_000162390-1,Fibroblast singlet,Nuclear fraction,0.286685073884051
PC1_cellid_000162406-1,Fibroblast singlet,Nuclear fraction,0.176167284135162
PC1_cellid_000162407-1,Duct2 singlet,Nuclear fraction,0.411935938593262
PC1_cellid_000162451-1,Fibroblast singlet,Nuclear fraction,0.399441576228851
PC1_cellid_000162458-1,Duct2 singlet,Nuclear fraction,0.398631084746948
PC1_cellid_000162465-1,Duct2 singlet,Nuclear fraction,0.249463120590653
PC1_cellid_000162497-1,Duct2 singlet,Nuclear fraction,0.545679768986829
PC1_cellid_000162504-1,Duct2 singlet,Nuclear fraction,0.364545825041304
PC1_cellid_000162512-1,Fibroblast singlet,Nuclear fraction,0.154941939910055
PC1_cellid_000162517-1,Fibroblast singlet,Nuclear fraction,0.307940369785999
PC1_cellid_000162524-1,Fibroblast singlet,Nuclear fraction,0.110941094406269
PC1_cellid_000162525-1,Fibroblast singlet,Nuclear fraction,0.174481230800313
PC1_cellid_000162545-1,Fibroblast singlet,Nuclear fraction,0.665408465709536
PC1_cellid_000162578-1,Supported Duct2-Fibroblast,Nuclear fraction,0.125591002695488
PC1_cellid_000162581-1,Supported Duct2-Fibroblast,Nuclear fraction,0.363350945625434
PC1_cellid_000162636-1,Fibroblast singlet,Nuclear fraction,0.2356268658014
PC1_cellid_000162656-1,Duct2 singlet,Nuclear fraction,0.110855704492628
PC1_cellid_000162673-1,Fibroblast singlet,Nuclear fraction,0.263310387611162
PC1_cellid_000162687-1,Fibroblast singlet,Nuclear fraction,0.499157026959531
PC1_cellid_000162695-1,Duct2 singlet,Nuclear fraction,0.444439810974733
PC1_cellid_000162731-1,Duct2 singlet,Nuclear fraction,0.634219666780415
PC1_cellid_000162746-1,Supported Duct2-Fibroblast,Nuclear fraction,0.261373588074351
PC1_cellid_000162765-1,Duct2 singlet,Nuclear fraction,0.222474933064969
PC1_cellid_000162786-1,Supported Duct2-Fibroblast,Nuclear fraction,0.235152814389391
PC1_cellid_000162799-1,Fibroblast singlet,Nuclear fraction,0.355380935670705
PC1_cellid_000162820-1,Duct2 singlet,Nuclear fraction,0.0878561297631415
PC1_cellid_000162832-1,Fibroblast singlet,Nuclear fraction,0.231233034295656
